ISO-10303-21;
HEADER;
FILE_DESCRIPTION (( 'STEP AP214' ),
    '1' );
FILE_NAME ('000401.01 Датчик свободный с разъёмом 0..20.STEP',
    '2025-07-29T10:42:09',
    ( '' ),
    ( '' ),
    'SwSTEP 2.0',
    'SolidWorks 2023',
    '' );
FILE_SCHEMA (( 'AUTOMOTIVE_DESIGN' ));
ENDSEC;

DATA;
#1 = CARTESIAN_POINT ( 'NONE',  ( -6.500000000000001776, 1.252846335503367436, 0.3064390434296254684 ) ) ;
#2 = CARTESIAN_POINT ( 'NONE',  ( 28.17157287525379061, 6.500000000000342837, -2.116122921960059244 ) ) ;
#3 = ORIENTED_EDGE ( 'NONE', *, *, #3531, .F. ) ;
#4 = B_SPLINE_CURVE_WITH_KNOTS ( 'NONE', 3,
 ( #6962, #3702, #470, #7515, #6286, #1174, #3098, #8204, #5680, #2461, #7648, #1832, #7685, #4422, #3781, #1090, #2337, #6363, #1218, #3824, #560, #3186, #3020, #4965, #6867, #8161, #429, #3062, #4295, #1739, #5010, #1510, #5767, #184, #8008, #5365, #1297, #8365, #887, #7326, #3425, #7921, #7282, #4543, #5409, #5331, #2537, #7958, #5138 ),
 .UNSPECIFIED., .F., .F.,
 ( 4, 2, 2, 2, 2, 2, 2, 2, 2, 2, 2, 2, 1, 2, 2, 2, 2, 2, 2, 2, 2, 2, 2, 2, 4 ),
 ( 0.02305004464033083567, 0.02376877505105816357, 0.02448750546178548801, 0.02592496628324014382, 0.02664369669396747173, 0.02736242710469479616, 0.02879988792614945198, 0.03023734874760410779, 0.03167480956905876360, 0.03239353997978608457, 0.03311227039051339860, 0.03383100080124071957, 0.03454973121196804053, 0.03526846162269535456, 0.03598719203342267553, 0.03670592244414999650, 0.03742465285487731053, 0.03886211367633194552, 0.04029957449778658052, 0.04173703531924120858, 0.04245576572996852260, 0.04317449614069583663, 0.04389322655142315760, 0.04461195696215047163, 0.04604941778360509969 ),
 .UNSPECIFIED. ) ;
#5 = EDGE_LOOP ( 'NONE', ( #5676, #2169 ) ) ;
#6 = EDGE_LOOP ( 'NONE', ( #6939, #7906, #933, #1307 ) ) ;
#7 = DIRECTION ( 'NONE',  ( 0.000000000000000000, 0.000000000000000000, -1.000000000000000000 ) ) ;
#8 = EDGE_CURVE ( 'NONE', #3775, #4038, #3500, .T. ) ;
#9 = CARTESIAN_POINT ( 'NONE',  ( 5.415435127334981225, 4.378950570919340812, 3.550306184718728275 ) ) ;
#10 = VERTEX_POINT ( 'NONE', #6675 ) ;
#11 = SPHERICAL_SURFACE ( 'NONE', #2741, 8.000000000000000000 ) ;
#12 = DIRECTION ( 'NONE',  ( 0.000000000000000000, 0.000000000000000000, -1.000000000000000000 ) ) ;
#13 = ORIENTED_EDGE ( 'NONE', *, *, #39, .T. ) ;
#14 = FACE_OUTER_BOUND ( 'NONE', #411, .T. ) ;
#15 = ORIENTED_EDGE ( 'NONE', *, *, #1000, .T. ) ;
#16 = DIRECTION ( 'NONE',  ( -1.000000000000000000, -0.000000000000000000, -0.000000000000000000 ) ) ;
#17 = PRODUCT_DEFINITION_CONTEXT ( 'detailed design', #468, 'design' ) ;
#18 =( LENGTH_UNIT ( ) NAMED_UNIT ( * ) SI_UNIT ( .MILLI., .METRE. ) );
#19 = VECTOR ( 'NONE', #3040, 1000.000000000000000 ) ;
#20 = FILL_AREA_STYLE_COLOUR ( '', #2835 ) ;
#21 = EDGE_LOOP ( 'NONE', ( #4263, #7278 ) ) ;
#22 = CARTESIAN_POINT ( 'NONE',  ( 5.417157287525398601, 2.569277174666492335E-14, 6.500000000000000888 ) ) ;
#23 = DIRECTION ( 'NONE',  ( 0.000000000000000000, -3.830269434956806631E-15, -1.000000000000000000 ) ) ;
#24 = CARTESIAN_POINT ( 'NONE',  ( 0.000000000000000000, -10.00099999999999767, -26.00000000000002132 ) ) ;
#25 = CARTESIAN_POINT ( 'NONE',  ( 0.000000000000000000, 0.000000000000000000, 0.000000000000000000 ) ) ;
#26 = CARTESIAN_POINT ( 'NONE',  ( 6.789977184864492088, 0.3240763729515925284, -5.491030277207877397 ) ) ;
#27 = STYLED_ITEM ( 'NONE', ( #2040 ), #536 ) ;
#28 = CARTESIAN_POINT ( 'NONE',  ( 28.99999999999999645, 6.500000000000405009, -4.060808974781368264 ) ) ;
#29 = CARTESIAN_POINT ( 'NONE',  ( 0.000000000000000000, -6.000000000000408562, 1.465494392505299088E-14 ) ) ;
#30 = CARTESIAN_POINT ( 'NONE',  ( 7.231086606802602290, 8.945143797982947120, 0.9989003052974601005 ) ) ;
#31 = B_SPLINE_CURVE_WITH_KNOTS ( 'NONE', 3,
 ( #6101, #4697, #1470, #251, #2925, #810, #856, #8020, #6010, #2199 ),
 .UNSPECIFIED., .F., .F.,
 ( 4, 2, 2, 2, 4 ),
 ( 0.000000000000000000, 0.0004892157782246995103, 0.0009784315564493988038, 0.001467647334674098206, 0.001956863112898797608 ),
 .UNSPECIFIED. ) ;
#32 = CARTESIAN_POINT ( 'NONE',  ( -6.938140248083004558, 5.732690386388552106, -32.04067488412274400 ) ) ;
#33 = ORIENTED_EDGE ( 'NONE', *, *, #5277, .F. ) ;
#34 = CARTESIAN_POINT ( 'NONE',  ( -25.00000000000000000, 0.000000000000000000, 0.000000000000000000 ) ) ;
#35 = CARTESIAN_POINT ( 'NONE',  ( 2.317278909086727784E-30, -4.062306047103459520E-14, -9.400000000000000355 ) ) ;
#36 = DIRECTION ( 'NONE',  ( 1.000000000000000000, 2.536951011547150738E-31, 2.465190328815656637E-31 ) ) ;
#37 = CARTESIAN_POINT ( 'NONE',  ( 102.0000000000000142, 0.000000000000000000, 0.000000000000000000 ) ) ;
#38 = ORIENTED_EDGE ( 'NONE', *, *, #5534, .T. ) ;
#39 = EDGE_CURVE ( 'NONE', #3542, #5326, #6870, .T. ) ;
#40 = VERTEX_POINT ( 'NONE', #6716 ) ;
#41 = ADVANCED_FACE ( 'NONE', ( #7361 ), #1696, .T. ) ;
#42 = VERTEX_POINT ( 'NONE', #4136 ) ;
#43 = PRODUCT_DEFINITION_SHAPE ( 'NONE', 'NONE',  #3234 ) ;
#44 = CARTESIAN_POINT ( 'NONE',  ( 8.000000000000007105, 5.356071321407137376, -1.249999999999999334 ) ) ;
#45 = LINE ( 'NONE', #3049, #432 ) ;
#46 = ORIENTED_EDGE ( 'NONE', *, *, #7716, .F. ) ;
#47 = FACE_OUTER_BOUND ( 'NONE', #1223, .T. ) ;
#48 = DIRECTION ( 'NONE',  ( -1.000000000000000000, -0.000000000000000000, -0.000000000000000000 ) ) ;
#49 = ORIENTED_EDGE ( 'NONE', *, *, #6764, .T. ) ;
#50 = CARTESIAN_POINT ( 'NONE',  ( -2.050000000000000711, 2.000000000000000000, -1.549999999999999822 ) ) ;
#51 = EDGE_CURVE ( 'NONE', #6195, #4674, #2417, .T. ) ;
#52 = AXIS2_PLACEMENT_3D ( 'NONE', #3215, #1951, #6811 ) ;
#53 = ORIENTED_EDGE ( 'NONE', *, *, #3024, .F. ) ;
#54 = DIRECTION ( 'NONE',  ( 0.000000000000000000, 1.000000000000000000, 0.000000000000000000 ) ) ;
#55 = SURFACE_STYLE_USAGE ( .BOTH. , #7242 ) ;
#56 = ORIENTED_EDGE ( 'NONE', *, *, #7718, .T. ) ;
#57 = CARTESIAN_POINT ( 'NONE',  ( -6.500000000000001776, -1.252624029897533742, 3.693568896613672159 ) ) ;
#58 = CARTESIAN_POINT ( 'NONE',  ( 3.576349491499001942, 9.347318963212909892, -39.03415570558919967 ) ) ;
#59 = CARTESIAN_POINT ( 'NONE',  ( 7.152040082855016578, 6.989852185286697051, 1.939369467659207036 ) ) ;
#60 = VECTOR ( 'NONE', #2989, 1000.000000000000000 ) ;
#61 = CARTESIAN_POINT ( 'NONE',  ( 3.993772892649457570E-16, 3.673940397442067264E-16, 3.000000000000006217 ) ) ;
#62 = PRODUCT_RELATED_PRODUCT_CATEGORY ( 'part', '', ( #673 ) ) ;
#63 = DIRECTION ( 'NONE',  ( 1.000000000000000000, 0.000000000000000000, 0.000000000000000000 ) ) ;
#64 = FACE_OUTER_BOUND ( 'NONE', #7435, .T. ) ;
#65 = CARTESIAN_POINT ( 'NONE',  ( 3.993772892649457570E-16, 0.000000000000000000, 0.000000000000000000 ) ) ;
#66 = CARTESIAN_POINT ( 'NONE',  ( 2.049999999999998934, 9.000000000000001776, 2.049999999999999822 ) ) ;
#67 = CARTESIAN_POINT ( 'NONE',  ( 0.9999999999999995559, 0.5773502691896269523, 0.000000000000000000 ) ) ;
#68 = AXIS2_PLACEMENT_3D ( 'NONE', #4630, #2594, #7224 ) ;
#69 = CARTESIAN_POINT ( 'NONE',  ( -0.4851180226789800209, 9.000000000000019540, -40.00000000000007816 ) ) ;
#70 = PRESENTATION_LAYER_ASSIGNMENT (  '', '', ( #2975 ) ) ;
#71 = ADVANCED_FACE ( 'NONE', ( #5014 ), #4969, .F. ) ;
#72 = DIRECTION ( 'NONE',  ( 2.168404344971009115E-16, 1.000000000000000000, 3.830269434956791642E-15 ) ) ;
#73 = ORIENTED_EDGE ( 'NONE', *, *, #6094, .T. ) ;
#74 = ITEM_DEFINED_TRANSFORMATION ( 'NONE', 'NONE', #1646,  #1795 ) ;
#75 = FACE_OUTER_BOUND ( 'NONE', #2120, .T. ) ;
#76 = AXIS2_PLACEMENT_3D ( 'NONE', #7170, #72, #687 ) ;
#77 = FILL_AREA_STYLE ('',( #4026 ) ) ;
#78 = CARTESIAN_POINT ( 'NONE',  ( 103.0000000000000142, 0.000000000000000000, 0.000000000000000000 ) ) ;
#79 = DIRECTION ( 'NONE',  ( 0.000000000000000000, 0.000000000000000000, 1.000000000000000000 ) ) ;
#80 = ORIENTED_EDGE ( 'NONE', *, *, #4391, .T. ) ;
#81 = ORIENTED_EDGE ( 'NONE', *, *, #2295, .F. ) ;
#82 = VECTOR ( 'NONE', #2823, 1000.000000000000000 ) ;
#83 = APPLICATION_CONTEXT ( 'automotive_design' ) ;
#84 = CONICAL_SURFACE ( 'NONE', #4879, 8.400000000000009237, 0.7853981633974497223 ) ;
#85 = ORIENTED_EDGE ( 'NONE', *, *, #4391, .F. ) ;
#86 = CARTESIAN_POINT ( 'NONE',  ( 8.000000000000007105, 3.491481338843151026E-14, 10.00000000000004974 ) ) ;
#87 = AXIS2_PLACEMENT_3D ( 'NONE', #1729, #6185, #4325 ) ;
#88 = VERTEX_POINT ( 'NONE', #7559 ) ;
#89 = ADVANCED_FACE ( 'NONE', ( #4339 ), #7604, .T. ) ;
#90 = CYLINDRICAL_SURFACE ( 'NONE', #6403, 6.000000000000000000 ) ;
#91 = CARTESIAN_POINT ( 'NONE',  ( 9.250032493131573830, -5.500007384802078292, 0.08198588789459566872 ) ) ;
#92 = ORIENTED_EDGE ( 'NONE', *, *, #7076, .T. ) ;
#93 = DIRECTION ( 'NONE',  ( 0.000000000000000000, 2.442490654175355433E-15, -1.000000000000000000 ) ) ;
#94 = EDGE_CURVE ( 'NONE', #7868, #5018, #4946, .T. ) ;
#95 = SHAPE_REPRESENTATION ( '\X2\0413041e04210422\X0\ 5916-70_\X2\041304300439043a0430\X0\ M8 \X2\0413041e04210422\X0\ 5916-70', ( #1795 ), #4245 ) ;
#96 = ORIENTED_EDGE ( 'NONE', *, *, #4406, .T. ) ;
#97 = AXIS2_PLACEMENT_3D ( 'NONE', #2678, #4643, #174 ) ;
#98 =( NAMED_UNIT ( * ) SI_UNIT ( $, .STERADIAN. ) SOLID_ANGLE_UNIT ( ) );
#99 = ORIENTED_EDGE ( 'NONE', *, *, #1404, .T. ) ;
#100 = AXIS2_PLACEMENT_3D ( 'NONE', #4105, #6043, #4239 ) ;
#101 = DIRECTION ( 'NONE',  ( 0.5150380749100549327, 1.049727191138618079E-16, 0.8571673007021118895 ) ) ;
#102 = CARTESIAN_POINT ( 'NONE',  ( 6.050255927956320612, 7.963207023572475229, -36.52767468760249159 ) ) ;
#103 = DIRECTION ( 'NONE',  ( 0.000000000000000000, 0.000000000000000000, 1.000000000000000000 ) ) ;
#104 = CIRCLE ( 'NONE', #4897, 2.499999999999997780 ) ;
#105 = CARTESIAN_POINT ( 'NONE',  ( 8.767514112088273137, -1.000157187635123623, -5.409572733793378774 ) ) ;
#106 = CIRCLE ( 'NONE', #8172, 9.400000000000012790 ) ;
#107 = CARTESIAN_POINT ( 'NONE',  ( 6.750000000000008882, -0.1634668689800268526, 5.500000000000000888 ) ) ;
#108 = B_SPLINE_CURVE_WITH_KNOTS ( 'NONE', 3,
 ( #5827, #6505, #1450, #663, #5869, #1122, #4285, #460 ),
 .UNSPECIFIED., .F., .F.,
 ( 4, 2, 2, 4 ),
 ( 0.000000000000000000, 0.0004318798274324199202, 0.0006478197411486298803, 0.0008637596548648398403 ),
 .UNSPECIFIED. ) ;
#109 = DIRECTION ( 'NONE',  ( -0.000000000000000000, -0.000000000000000000, -1.000000000000000000 ) ) ;
#110 = CARTESIAN_POINT ( 'NONE',  ( 0.000000000000000000, 0.000000000000000000, 4.000000000000000000 ) ) ;
#111 = LINE ( 'NONE', #323, #4812 ) ;
#112 = CARTESIAN_POINT ( 'NONE',  ( 6.758124952296042487, 8.998861200601693255, -0.1641152216935586883 ) ) ;
#113 = CARTESIAN_POINT ( 'NONE',  ( -6.527443592891372326, 6.197442671818303772, -35.53824676951565920 ) ) ;
#114 = LINE ( 'NONE', #8024, #8165 ) ;
#115 = DIRECTION ( 'NONE',  ( -0.8660254037844387076, -0.4999999999999998335, 0.000000000000000000 ) ) ;
#117 = CIRCLE ( 'NONE', #5595, 3.400000000000137579 ) ;
#116 = AXIS2_PLACEMENT_3D ( 'NONE', #2553, #7103, #5153 ) ;
#118 = EDGE_LOOP ( 'NONE', ( #6377, #3023, #7656, #7567 ) ) ;
#119 = VECTOR ( 'NONE', #7947, 1000.000000000000000 ) ;
#120 = CARTESIAN_POINT ( 'NONE',  ( 27.78640875854676295, -6.500000000000470735, 0.7314107990372432644 ) ) ;
#121 = CIRCLE ( 'NONE', #3841, 4.000000000000166089 ) ;
#122 = ADVANCED_FACE ( 'NONE', ( #5401 ), #3100, .F. ) ;
#123 = FACE_OUTER_BOUND ( 'NONE', #7992, .T. ) ;
#124 = CARTESIAN_POINT ( 'NONE',  ( -0.4743472386555602216, 9.991574020215795215, -39.98797914698600664 ) ) ;
#125 = ORIENTED_EDGE ( 'NONE', *, *, #985, .T. ) ;
#126 = ORIENTED_EDGE ( 'NONE', *, *, #899, .T. ) ;
#127 = ORIENTED_EDGE ( 'NONE', *, *, #5044, .F. ) ;
#128 = CARTESIAN_POINT ( 'NONE',  ( -3.323417653124999926, 0.000000000000000000, 1.051582346875002294 ) ) ;
#129 = DIRECTION ( 'NONE',  ( 1.000000000000000222, 3.330669073875469621E-15, -2.465190328815673715E-31 ) ) ;
#130 = CARTESIAN_POINT ( 'NONE',  ( -8.865701807689230662, -1.549114984873974921, -42.58629516203832566 ) ) ;
#131 = CARTESIAN_POINT ( 'NONE',  ( 7.499999999999992895, 0.000000000000000000, 0.000000000000000000 ) ) ;
#132 = ORIENTED_EDGE ( 'NONE', *, *, #1188, .T. ) ;
#133 = CARTESIAN_POINT ( 'NONE',  ( 0.000000000000000000, 0.000000000000000000, 0.000000000000000000 ) ) ;
#134 = ADVANCED_FACE ( 'NONE', ( #6920 ), #6077, .F. ) ;
#135 = ORIENTED_EDGE ( 'NONE', *, *, #1433, .T. ) ;
#136 = AXIS2_PLACEMENT_3D ( 'NONE', #4821, #936, #3560 ) ;
#137 = CARTESIAN_POINT ( 'NONE',  ( 9.250000000006670220, -7.535954574040065613E-13, -5.500000000001514344 ) ) ;
#138 = ORIENTED_EDGE ( 'NONE', *, *, #7768, .T. ) ;
#139 = ADVANCED_FACE ( 'NONE', ( #4385 ), #7996, .T. ) ;
#140 = DIRECTION ( 'NONE',  ( 2.465190328815666271E-31, -3.830269434956791642E-15, -1.000000000000000000 ) ) ;
#141 = ADVANCED_FACE ( 'NONE', ( #6288, #431 ), #3064, .T. ) ;
#142 = CARTESIAN_POINT ( 'NONE',  ( 0.000000000000000000, 0.000000000000000000, 0.000000000000000000 ) ) ;
#143 = SHAPE_REPRESENTATION ( '000401.40.01 \X2\041f043e0434\X0\ \X2\043a043b044e0447\X0\', ( #1795 ), #252 ) ;
#144 = CARTESIAN_POINT ( 'NONE',  ( 5.143516556418883914E-16, 11.00000000000000178, 4.200000000000000178 ) ) ;
#145 = CARTESIAN_POINT ( 'NONE',  ( -4.907477288111824265, 8.900000000000002132, 8.500000000000008882 ) ) ;
#146 = EDGE_CURVE ( 'NONE', #7832, #2397, #3278, .T. ) ;
#147 = FACE_OUTER_BOUND ( 'NONE', #3073, .T. ) ;
#148 = FILL_AREA_STYLE ('',( #2921 ) ) ;
#149 = CARTESIAN_POINT ( 'NONE',  ( 2.049999999999998934, 2.000000000000000000, 2.549999999999999822 ) ) ;
#150 = AXIS2_PLACEMENT_3D ( 'NONE', #1043, #3459, #1501 ) ;
#151 = DIRECTION ( 'NONE',  ( 2.958228394578780257E-31, 3.830269434956792431E-15, 1.000000000000000000 ) ) ;
#152 = CARTESIAN_POINT ( 'NONE',  ( -4.343186652999801112, 4.998013516214921736, 3.692698440436544605 ) ) ;
#153 = DIRECTION ( 'NONE',  ( 0.000000000000000000, 1.000000000000000000, 0.000000000000000000 ) ) ;
#154 = EDGE_CURVE ( 'NONE', #4004, #7735, #3148, .T. ) ;
#155 = DIRECTION ( 'NONE',  ( 0.000000000000000000, 0.000000000000000000, 1.000000000000000000 ) ) ;
#156 = CARTESIAN_POINT ( 'NONE',  ( 9.217148929585935235, 0.3284724590104514119, 5.492282974637079818 ) ) ;
#157 = CARTESIAN_POINT ( 'NONE',  ( 10.74345582945722732, -3.246805974093021074, 5.349219312992257613 ) ) ;
#158 = VERTEX_POINT ( 'NONE', #7811 ) ;
#159 = CONTEXT_DEPENDENT_SHAPE_REPRESENTATION ( #2780, #1381 ) ;
#160 = EDGE_CURVE ( 'NONE', #264, #3449, #2187, .T. ) ;
#161 = CARTESIAN_POINT ( 'NONE',  ( 6.500000000000000000, 3.134341368160610930, 3.443329448536548654 ) ) ;
#162 = SURFACE_STYLE_FILL_AREA ( #7299 ) ;
#163 = CONICAL_SURFACE ( 'NONE', #3875, 5.849999999999996092, 1.178097245096175749 ) ;
#164 = DIRECTION ( 'NONE',  ( -1.000000000000000000, -2.536951011547150738E-31, -2.465190328815656637E-31 ) ) ;
#165 = FACE_OUTER_BOUND ( 'NONE', #2163, .T. ) ;
#166 = ORIENTED_EDGE ( 'NONE', *, *, #1005, .T. ) ;
#167 = EDGE_LOOP ( 'NONE', ( #4983, #4260 ) ) ;
#168 = EDGE_LOOP ( 'NONE', ( #1619, #1487, #7303, #5587 ) ) ;
#169 = FACE_OUTER_BOUND ( 'NONE', #7442, .T. ) ;
#170 = DIRECTION ( 'NONE',  ( 0.000000000000000000, 0.000000000000000000, 1.000000000000000000 ) ) ;
#171 = CARTESIAN_POINT ( 'NONE',  ( -8.947158308350742217, -0.9850553908914397860, -41.72211906949004856 ) ) ;
#172 = CARTESIAN_POINT ( 'NONE',  ( -8.858536545851906752, 1.589579444123543572, -43.21024106889586136 ) ) ;
#173 = EDGE_LOOP ( 'NONE', ( #8242, #5775, #7272, #787, #955, #5774 ) ) ;
#174 = DIRECTION ( 'NONE',  ( 0.000000000000000000, 0.000000000000000000, 1.000000000000000000 ) ) ;
#175 = CARTESIAN_POINT ( 'NONE',  ( 30.41421356237311713, 8.628166150854834558E-29, -6.240013019814657616E-29 ) ) ;
#176 = AXIS2_PLACEMENT_3D ( 'NONE', #7355, #1538, #5771 ) ;
#177 = LINE ( 'NONE', #1012, #7969 ) ;
#178 = CARTESIAN_POINT ( 'NONE',  ( 10.10878330957787341, -4.500000000000210498, -4.337337893224481711 ) ) ;
#179 = ORIENTED_EDGE ( 'NONE', *, *, #1773, .T. ) ;
#180 = CYLINDRICAL_SURFACE ( 'NONE', #5843, 3.999999999999993339 ) ;
#181 = ADVANCED_FACE ( 'NONE', ( #6449 ), #4423, .F. ) ;
#182 = FACE_OUTER_BOUND ( 'NONE', #867, .T. ) ;
#183 = EDGE_CURVE ( 'NONE', #3285, #3614, #1833, .T. ) ;
#184 = CARTESIAN_POINT ( 'NONE',  ( 6.055694745033221693, 6.665590483683517142, -29.46175753206426862 ) ) ;
#185 = ADVANCED_FACE ( 'NONE', ( #2463 ), #1088, .F. ) ;
#186 = EDGE_LOOP ( 'NONE', ( #7909, #7872, #6141, #5820 ) ) ;
#187 = CARTESIAN_POINT ( 'NONE',  ( 0.000000000000000000, -4.500000000000210498, 1.099120794378953096E-14 ) ) ;
#188 = CARTESIAN_POINT ( 'NONE',  ( 8.163425565163031195, -1.250000000000017986, -5.356071321407132935 ) ) ;
#189 = FACE_OUTER_BOUND ( 'NONE', #4359, .T. ) ;
#190 = EDGE_CURVE ( 'NONE', #6014, #4704, #1167, .T. ) ;
#191 = CARTESIAN_POINT ( 'NONE',  ( -9.884144482765801598, -1.518331122473631778, -42.48459776961809808 ) ) ;
#192 = CARTESIAN_POINT ( 'NONE',  ( -5.423073341380326262, 4.374540645984135168, 3.548785418545383763 ) ) ;
#193 = DIRECTION ( 'NONE',  ( -0.000000000000000000, -1.000000000000000000, -0.000000000000000000 ) ) ;
#194 = CIRCLE ( 'NONE', #7568, 6.500000000000008882 ) ;
#195 = AXIS2_PLACEMENT_3D ( 'NONE', #6019, #164, #2798 ) ;
#196 = ADVANCED_BREP_SHAPE_REPRESENTATION ( '', ( #3255, #1795 ), #6256 ) ;
#197 = CARTESIAN_POINT ( 'NONE',  ( -6.055167265397154885, 6.666009333357082234, -29.46106196494905305 ) ) ;
#198 = CARTESIAN_POINT ( 'NONE',  ( 6.907857262197541814, -0.6297123068348194908, 8.979221157367161865 ) ) ;
#199 = CARTESIAN_POINT ( 'NONE',  ( 35.50000000000000711, -6.500000000000431655, -5.080600358225501267 ) ) ;
#200 = ORIENTED_EDGE ( 'NONE', *, *, #6983, .F. ) ;
#201 = DIRECTION ( 'NONE',  ( 1.000000000000000000, 0.000000000000000000, 0.000000000000000000 ) ) ;
#202 = EDGE_CURVE ( 'NONE', #2474, #3804, #3226, .T. ) ;
#203 = AXIS2_PLACEMENT_3D ( 'NONE', #8332, #434, #5735 ) ;
#204 =( NAMED_UNIT ( * ) SI_UNIT ( $, .STERADIAN. ) SOLID_ANGLE_UNIT ( ) );
#205 = AXIS2_PLACEMENT_3D ( 'NONE', #5517, #7386, #3448 ) ;
#206 = ADVANCED_FACE ( 'NONE', ( #5734, #2619 ), #7127, .F. ) ;
#207 = CARTESIAN_POINT ( 'NONE',  ( 10.00000000000000888, -3.572142581731445586E-14, -9.000000000000008882 ) ) ;
#208 = DIRECTION ( 'NONE',  ( -0.000000000000000000, -0.000000000000000000, 1.000000000000000000 ) ) ;
#209 = ORIENTED_EDGE ( 'NONE', *, *, #4125, .T. ) ;
#210 = ORIENTED_EDGE ( 'NONE', *, *, #6146, .T. ) ;
#211 = CIRCLE ( 'NONE', #3651, 7.664213562373412891 ) ;
#212 = VERTEX_POINT ( 'NONE', #5217 ) ;
#213 = CARTESIAN_POINT ( 'NONE',  ( 26.75735931288070191, 8.628166150854908547E-29, -4.891862058743579067E-29 ) ) ;
#214 = CIRCLE ( 'NONE', #1336, 0.5000000000000000000 ) ;
#215 = ORIENTED_EDGE ( 'NONE', *, *, #6159, .F. ) ;
#216 = EDGE_CURVE ( 'NONE', #4352, #4001, #7645, .T. ) ;
#217 = AXIS2_PLACEMENT_3D ( 'NONE', #1246, #881, #4685 ) ;
#218 = EDGE_CURVE ( 'NONE', #6190, #5942, #5176, .T. ) ;
#219 = VECTOR ( 'NONE', #193, 1000.000000000000000 ) ;
#220 = FACE_OUTER_BOUND ( 'NONE', #961, .T. ) ;
#221 = DIRECTION ( 'NONE',  ( 0.000000000000000000, 3.830269434956791642E-15, 1.000000000000000000 ) ) ;
#222 = ORIENTED_EDGE ( 'NONE', *, *, #621, .T. ) ;
#223 = CARTESIAN_POINT ( 'NONE',  ( 0.000000000000000000, 0.000000000000000000, -7.649999999999997691 ) ) ;
#224 = CONICAL_SURFACE ( 'NONE', #3540, 1.500000000000000000, 0.7853981633974513876 ) ;
#225 = EDGE_LOOP ( 'NONE', ( #396, #2250, #1880, #5384 ) ) ;
#226 = PRODUCT_DEFINITION ( 'UNKNOWN', '', #1942, #1245 ) ;
#227 = CARTESIAN_POINT ( 'NONE',  ( 1.627025617018330893E-30, 2.106648189226238006E-14, 5.500000000000006217 ) ) ;
#228 = CARTESIAN_POINT ( 'NONE',  ( 0.000000000000000000, 0.000000000000000000, 0.000000000000000000 ) ) ;
#229 =( LENGTH_UNIT ( ) NAMED_UNIT ( * ) SI_UNIT ( .MILLI., .METRE. ) );
#230 = VECTOR ( 'NONE', #7236, 1000.000000000000000 ) ;
#231 = CARTESIAN_POINT ( 'NONE',  ( 6.782849434515714648, 0.3279974729830664182, 8.995283822896732673 ) ) ;
#232 = ORIENTED_EDGE ( 'NONE', *, *, #2666, .F. ) ;
#233 = AXIS2_PLACEMENT_3D ( 'NONE', #3496, #6166, #352 ) ;
#234 = CARTESIAN_POINT ( 'NONE',  ( 5.415435127334981225, 4.378950570919340812, 0.4496938152812733347 ) ) ;
#235 = AXIS2_PLACEMENT_3D ( 'NONE', #339, #6109, #3017 ) ;
#236 = ORIENTED_EDGE ( 'NONE', *, *, #5588, .T. ) ;
#237 = CARTESIAN_POINT ( 'NONE',  ( 1.879722866531855274, 9.832878540591769578, -39.75945759220584108 ) ) ;
#238 = DIRECTION ( 'NONE',  ( -1.000000000000000000, 0.000000000000000000, 0.000000000000000000 ) ) ;
#239 = DIRECTION ( 'NONE',  ( -0.7071067811865341390, -1.727101704552194320E-15, 0.7071067811865608954 ) ) ;
#240 = AXIS2_PLACEMENT_3D ( 'NONE', #7281, #1460, #8053 ) ;
#241 = ORIENTED_EDGE ( 'NONE', *, *, #2531, .T. ) ;
#242 = AXIS2_PLACEMENT_3D ( 'NONE', #3941, #6531, #2652 ) ;
#243 = LINE ( 'NONE', #7341, #2454 ) ;
#244 = CARTESIAN_POINT ( 'NONE',  ( 9.241769567904956517, -0.1649383483892392921, -5.498113026917232027 ) ) ;
#245 = DIRECTION ( 'NONE',  ( 0.000000000000000000, 0.000000000000000000, 1.000000000000000000 ) ) ;
#246 = AXIS2_PLACEMENT_3D ( 'NONE', #4771, #7913, #3415 ) ;
#247 = PRODUCT_DEFINITION_SHAPE ( 'NONE', 'NONE',  #4492 ) ;
#248 = CARTESIAN_POINT ( 'NONE',  ( -9.999999999999998224, -0.2117453346199817676, -41.39999999999993463 ) ) ;
#249 = DIRECTION ( 'NONE',  ( 0.000000000000000000, -0.000000000000000000, 1.000000000000000000 ) ) ;
#250 = VECTOR ( 'NONE', #5359, 1000.000000000000000 ) ;
#251 = CARTESIAN_POINT ( 'NONE',  ( 9.091707866798829585, -0.6305025307681753066, 8.979167273030620677 ) ) ;
#252 =( GEOMETRIC_REPRESENTATION_CONTEXT ( 3 ) GLOBAL_UNCERTAINTY_ASSIGNED_CONTEXT ( ( #546 ) ) GLOBAL_UNIT_ASSIGNED_CONTEXT ( ( #4725, #5325, #3116 ) ) REPRESENTATION_CONTEXT ( 'NONE', 'WORKASPACE' ) );
#253 = EDGE_CURVE ( 'NONE', #6232, #7350, #5576, .T. ) ;
#254 = FACE_BOUND ( 'NONE', #7752, .T. ) ;
#255 = CARTESIAN_POINT ( 'NONE',  ( -3.490243377569956554E-16, -2.850000000000000089, -1.649999999999998801 ) ) ;
#256 = CARTESIAN_POINT ( 'NONE',  ( 8.768717507555264135, -0.9989543573048887959, 5.409768628738549801 ) ) ;
#257 = ORIENTED_EDGE ( 'NONE', *, *, #4531, .F. ) ;
#258 = EDGE_CURVE ( 'NONE', #6851, #4238, #3006, .T. ) ;
#259 = CYLINDRICAL_SURFACE ( 'NONE', #6503, 3.999999999999993339 ) ;
#260 = CARTESIAN_POINT ( 'NONE',  ( 36.00000000000000711, -6.500000000000472511, 4.220485754033771464 ) ) ;
#261 = ADVANCED_FACE ( 'NONE', ( #3866, #4580 ), #7731, .F. ) ;
#262 = CARTESIAN_POINT ( 'NONE',  ( 7.556271208071573930, 7.834447611423407842, 7.556271208071580148 ) ) ;
#263 = CARTESIAN_POINT ( 'NONE',  ( 0.000000000000000000, 0.000000000000000000, 0.000000000000000000 ) ) ;
#264 = VERTEX_POINT ( 'NONE', #7089 ) ;
#265 = ORIENTED_EDGE ( 'NONE', *, *, #8307, .T. ) ;
#266 = ADVANCED_FACE ( 'NONE', ( #811 ), #2078, .F. ) ;
#267 = VERTEX_POINT ( 'NONE', #3440 ) ;
#268 = LINE ( 'NONE', #2122, #1881 ) ;
#269 = ORIENTED_EDGE ( 'NONE', *, *, #7562, .T. ) ;
#270 = AXIS2_PLACEMENT_3D ( 'NONE', #4806, #4171, #6026 ) ;
#271 = DIRECTION ( 'NONE',  ( 1.000000000000000000, -3.614007241618317709E-17, -2.204355216680804521E-30 ) ) ;
#272 = DIRECTION ( 'NONE',  ( 0.000000000000000000, 0.000000000000000000, 1.000000000000000000 ) ) ;
#273 = VERTEX_POINT ( 'NONE', #6694 ) ;
#274 = ORIENTED_EDGE ( 'NONE', *, *, #6107, .F. ) ;
#275 = CYLINDRICAL_SURFACE ( 'NONE', #1037, 6.000000000000000000 ) ;
#276 = FACE_BOUND ( 'NONE', #569, .T. ) ;
#277 = EDGE_CURVE ( 'NONE', #4529, #40, #2774, .T. ) ;
#278 = DIRECTION ( 'NONE',  ( 0.8660254037844389297, 0.4999999999999993894, 0.000000000000000000 ) ) ;
#279 = ORIENTED_EDGE ( 'NONE', *, *, #719, .F. ) ;
#280 = CARTESIAN_POINT ( 'NONE',  ( -5.291502622129180544, -6.000000000000409450, 6.317050217590133598E-28 ) ) ;
#281 = ORIENTED_EDGE ( 'NONE', *, *, #6559, .F. ) ;
#282 = DIRECTION ( 'NONE',  ( -0.000000000000000000, -0.000000000000000000, -1.000000000000000000 ) ) ;
#283 = ORIENTED_EDGE ( 'NONE', *, *, #1424, .T. ) ;
#284 = DIRECTION ( 'NONE',  ( 1.898196553187937393E-30, 1.000000000000000000, -2.442490654175333739E-15 ) ) ;
#285 = CARTESIAN_POINT ( 'NONE',  ( 7.836776513452197612, -8.912771734987943617, -1.249999999999999334 ) ) ;
#286 = EDGE_CURVE ( 'NONE', #7527, #1844, #5809, .T. ) ;
#287 = VERTEX_POINT ( 'NONE', #1604 ) ;
#288 = DIRECTION ( 'NONE',  ( -1.000000000000000000, 0.000000000000000000, 0.000000000000000000 ) ) ;
#289 = CARTESIAN_POINT ( 'NONE',  ( 6.000000000000005329, 0.000000000000000000, 1.642146637880645005E-44 ) ) ;
#290 = DIRECTION ( 'NONE',  ( 0.8660254037844388186, -0.000000000000000000, 0.4999999999999996669 ) ) ;
#291 = CARTESIAN_POINT ( 'NONE',  ( -9.918948490093516313, -1.271961401720212770, -43.97621719917930960 ) ) ;
#292 = CARTESIAN_POINT ( 'NONE',  ( 2.584028398531355464, -9.753007399781404629, 2.230066800029806284 ) ) ;
#293 = DIRECTION ( 'NONE',  ( 0.000000000000000000, 0.000000000000000000, 1.000000000000000000 ) ) ;
#294 = PRODUCT_RELATED_PRODUCT_CATEGORY ( 'part', '', ( #5507 ) ) ;
#295 = SURFACE_STYLE_FILL_AREA ( #6150 ) ;
#296 = FACE_OUTER_BOUND ( 'NONE', #7905, .T. ) ;
#297 = CARTESIAN_POINT ( 'NONE',  ( 10.31496416677429373, -1.246984941804685887, 6.132250276249089360 ) ) ;
#298 = ORIENTED_EDGE ( 'NONE', *, *, #7051, .F. ) ;
#299 = CARTESIAN_POINT ( 'NONE',  ( 1.040949779275332181E-15, 4.000000000000173195, -8.500000000000008882 ) ) ;
#300 = VECTOR ( 'NONE', #5901, 1000.000000000000000 ) ;
#301 = CARTESIAN_POINT ( 'NONE',  ( 0.000000000000000000, 8.500000000000024869, 4.013726448077931330 ) ) ;
#302 = B_SPLINE_CURVE_WITH_KNOTS ( 'NONE', 3,
 ( #303, #3618, #3534, #6059, #5560, #2209, #7470, #997 ),
 .UNSPECIFIED., .F., .F.,
 ( 4, 2, 2, 4 ),
 ( 0.000000000000000000, 0.0002161441065812788598, 0.0004322882131625577196, 0.0008645764263251198845 ),
 .UNSPECIFIED. ) ;
#303 = CARTESIAN_POINT ( 'NONE',  ( 9.542893218813491174, 4.792893218813583545, 4.011318311110827928 ) ) ;
#304 = DIRECTION ( 'NONE',  ( -0.000000000000000000, -1.000000000000000000, -0.000000000000000000 ) ) ;
#305 = ORIENTED_EDGE ( 'NONE', *, *, #4653, .T. ) ;
#306 = ADVANCED_FACE ( 'NONE', ( #8149 ), #4764, .T. ) ;
#307 = EDGE_LOOP ( 'NONE', ( #8338, #8122, #7574, #2820 ) ) ;
#308 = DIRECTION ( 'NONE',  ( 0.000000000000000000, 0.000000000000000000, -1.000000000000000000 ) ) ;
#309 = APPLICATION_CONTEXT ( 'automotive_design' ) ;
#310 = ORIENTED_EDGE ( 'NONE', *, *, #5684, .F. ) ;
#311 = APPLICATION_PROTOCOL_DEFINITION ( 'draft international standard', 'automotive_design', 1998, #6149 ) ;
#312 = EDGE_CURVE ( 'NONE', #664, #385, #121, .T. ) ;
#313 = DIRECTION ( 'NONE',  ( -0.000000000000000000, -0.000000000000000000, -1.000000000000000000 ) ) ;
#314 = DIRECTION ( 'NONE',  ( -1.000000000000000000, -2.536951011547150738E-31, -2.465190328815656637E-31 ) ) ;
#315 = ORIENTED_EDGE ( 'NONE', *, *, #5786, .T. ) ;
#316 = ORIENTED_EDGE ( 'NONE', *, *, #202, .F. ) ;
#317 = EDGE_CURVE ( 'NONE', #6021, #5891, #4201, .T. ) ;
#318 = PRODUCT ( '\X2\0413041e04210422\X0\ ISO 7380-1-2014_\X2\04120438043d0442\X0\ \X2\0441\X0\ \X2\043f043e043b0443043a044004430433043b043e0439\X0\ \X2\0433043e043b043e0432043a043e0439\X0\ \X2\0438\X0\ \X2\04480435044104420438043304400430043d043d044b043c\X0\ \X2\04430433043b04430431043b0435043d04380435043c\X0\ \X2\0413041e04210422\X0\ ISO 7380-1 - M3x6', '\X2\0413041e04210422\X0\ ISO 7380-1-2014_\X2\04120438043d0442\X0\ \X2\0441\X0\ \X2\043f043e043b0443043a044004430433043b043e0439\X0\ \X2\0433043e043b043e0432043a043e0439\X0\ \X2\0438\X0\ \X2\04480435044104420438043304400430043d043d044b043c\X0\ \X2\04430433043b04430431043b0435043d04380435043c\X0\ \X2\0413041e04210422\X0\ ISO 7380-1 - M3x6', '', ( #4974 ) ) ;
#319 = CARTESIAN_POINT ( 'NONE',  ( 0.000000000000000000, 0.000000000000000000, 3.000000000000000000 ) ) ;
#320 = EDGE_LOOP ( 'NONE', ( #4279, #283, #2193, #6660 ) ) ;
#321 = DIRECTION ( 'NONE',  ( 1.000000000000000000, 1.719470254348916462E-30, -2.290883888735602091E-30 ) ) ;
#322 = VERTEX_POINT ( 'NONE', #4377 ) ;
#323 = CARTESIAN_POINT ( 'NONE',  ( -6.500000000000000888, 3.752776749732580797, 4.000000000000000000 ) ) ;
#324 = ORIENTED_EDGE ( 'NONE', *, *, #6382, .F. ) ;
#325 = CARTESIAN_POINT ( 'NONE',  ( 1.800000000000000044, 0.000000000000000000, -1.949999999999999067 ) ) ;
#326 = CARTESIAN_POINT ( 'NONE',  ( 0.6690871167748879689, -0.7684029113979594650, -1.130017780416096684 ) ) ;
#327 = ORIENTED_EDGE ( 'NONE', *, *, #3426, .T. ) ;
#328 = CARTESIAN_POINT ( 'NONE',  ( 7.370293318394106841, -1.092145597938738888, -8.933712083286826200 ) ) ;
#329 = DIRECTION ( 'NONE',  ( -0.000000000000000000, 1.000000000000000000, -0.000000000000000000 ) ) ;
#330 = CARTESIAN_POINT ( 'NONE',  ( 14.00000000000001243, 0.000000000000000000, 0.000000000000000000 ) ) ;
#331 = FACE_OUTER_BOUND ( 'NONE', #3754, .T. ) ;
#332 = FACE_OUTER_BOUND ( 'NONE', #8056, .T. ) ;
#333 = DIRECTION ( 'NONE',  ( -1.000000000000000000, -0.000000000000000000, -0.000000000000000000 ) ) ;
#334 = VECTOR ( 'NONE', #2738, 1000.000000000000000 ) ;
#335 = DIRECTION ( 'NONE',  ( 0.000000000000000000, 1.000000000000000000, 0.000000000000000000 ) ) ;
#336 = FACE_BOUND ( 'NONE', #6081, .T. ) ;
#337 = DIRECTION ( 'NONE',  ( 0.000000000000000000, -2.442490654175355433E-15, 1.000000000000000000 ) ) ;
#338 = ORIENTED_EDGE ( 'NONE', *, *, #8232, .T. ) ;
#339 = CARTESIAN_POINT ( 'NONE',  ( 7.987545785298915140E-16, 0.000000000000000000, 0.000000000000000000 ) ) ;
#340 = CARTESIAN_POINT ( 'NONE',  ( 35.84136563366257633, -6.500000000000460965, 4.511783109542250259 ) ) ;
#341 = CIRCLE ( 'NONE', #176, 8.250000000000342837 ) ;
#342 = CARTESIAN_POINT ( 'NONE',  ( 2.581803347435870588, -9.661840232524253835, 2.225662832884599318 ) ) ;
#343 = DIRECTION ( 'NONE',  ( -1.000000000000000000, -2.536951011547150738E-31, -2.465190328815656637E-31 ) ) ;
#344 = ORIENTED_EDGE ( 'NONE', *, *, #7505, .T. ) ;
#345 = ORIENTED_EDGE ( 'NONE', *, *, #3972, .F. ) ;
#346 = CARTESIAN_POINT ( 'NONE',  ( 6.782757346947424715, 0.3279221778329994841, 5.492306711965765587 ) ) ;
#347 = VECTOR ( 'NONE', #2850, 1000.000000000000114 ) ;
#348 = ORIENTED_EDGE ( 'NONE', *, *, #6565, .T. ) ;
#349 = DIRECTION ( 'NONE',  ( 1.000000000000000000, 0.000000000000000000, 0.000000000000000000 ) ) ;
#350 = ADVANCED_FACE ( 'NONE', ( #4871, #7461 ), #382, .F. ) ;
#351 = DIRECTION ( 'NONE',  ( -3.614007241618317709E-17, -1.000000000000000000, 2.442490654175333739E-15 ) ) ;
#352 = DIRECTION ( 'NONE',  ( 0.000000000000000000, 0.000000000000000000, -1.000000000000000000 ) ) ;
#353 = ORIENTED_EDGE ( 'NONE', *, *, #6684, .T. ) ;
#354 = CIRCLE ( 'NONE', #6220, 6.000000000000000888 ) ;
#355 = ORIENTED_EDGE ( 'NONE', *, *, #5268, .F. ) ;
#356 = CIRCLE ( 'NONE', #205, 8.500000000000351719 ) ;
#357 = DIRECTION ( 'NONE',  ( 0.000000000000000000, 1.000000000000000000, 0.000000000000000000 ) ) ;
#358 = STYLED_ITEM ( 'NONE', ( #5666 ), #3255 ) ;
#359 = ORIENTED_EDGE ( 'NONE', *, *, #4451, .F. ) ;
#360 = DIRECTION ( 'NONE',  ( -0.000000000000000000, -1.000000000000000000, -0.000000000000000000 ) ) ;
#361 = MECHANICAL_DESIGN_GEOMETRIC_PRESENTATION_REPRESENTATION (  '', ( #5406 ), #3112 ) ;
#362 = ADVANCED_FACE ( 'NONE', ( #254, #6861, #2329, #4329, #951 ), #3055, .T. ) ;
#363 = FACE_OUTER_BOUND ( 'NONE', #3067, .T. ) ;
#364 = ORIENTED_EDGE ( 'NONE', *, *, #3317, .T. ) ;
#365 = DIRECTION ( 'NONE',  ( 0.000000000000000000, 0.000000000000000000, 1.000000000000000000 ) ) ;
#366 = AXIS2_PLACEMENT_3D ( 'NONE', #5257, #2752, #3316 ) ;
#367 = CIRCLE ( 'NONE', #6089, 2.500000000000000000 ) ;
#368 = ORIENTED_EDGE ( 'NONE', *, *, #2513, .F. ) ;
#369 = B_SPLINE_CURVE_WITH_KNOTS ( 'NONE', 3,
 ( #4481, #8380, #5826, #7106, #5749, #7018, #8347, #6426, #2600, #2557, #6943, #5161, #1850, #1817, #577, #7578, #3079, #4439, #1191, #3848 ),
 .UNSPECIFIED., .F., .F.,
 ( 4, 2, 2, 2, 2, 2, 2, 2, 2, 4 ),
 ( 0.003912795951868934530, 0.004401776696175159660, 0.004890757440481383923, 0.005135247812634496055, 0.005379738184787609054, 0.005868718929093835052, 0.006357699673400062784, 0.006846680417706288782, 0.007335661162012516515, 0.007824641906318744247 ),
 .UNSPECIFIED. ) ;
#370 = AXIS2_PLACEMENT_3D ( 'NONE', #4615, #7211, #1388 ) ;
#371 = EDGE_CURVE ( 'NONE', #3124, #4757, #3432, .T. ) ;
#372 = B_SPLINE_CURVE_WITH_KNOTS ( 'NONE', 3,
 ( #7653, #1838, #8435, #2623, #5223, #1805, #4390, #6968, #6331, #478 ),
 .UNSPECIFIED., .F., .F.,
 ( 4, 2, 2, 2, 4 ),
 ( 0.003760006497232337534, 0.004696920709993052459, 0.005633834922753766516, 0.006570749135514480574, 0.007507663348275195499 ),
 .UNSPECIFIED. ) ;
#373 = CIRCLE ( 'NONE', #1774, 1.999999999999999112 ) ;
#374 = DIRECTION ( 'NONE',  ( 0.000000000000000000, 0.000000000000000000, -1.000000000000000000 ) ) ;
#375 = DIRECTION ( 'NONE',  ( -0.000000000000000000, -0.000000000000000000, 1.000000000000000000 ) ) ;
#376 = DIRECTION ( 'NONE',  ( 0.7071067811865487940, 0.000000000000000000, 0.7071067811865463515 ) ) ;
#377 = EDGE_CURVE ( 'NONE', #2252, #692, #6932, .T. ) ;
#378 = DIRECTION ( 'NONE',  ( 2.469610187574633181E-30, 2.385244779468010753E-15, -1.000000000000000000 ) ) ;
#379 = CONICAL_SURFACE ( 'NONE', #5961, 5.849999999999996092, 1.178097245096175749 ) ;
#380 = DIRECTION ( 'NONE',  ( 1.000000000000000000, 0.000000000000000000, 0.000000000000000000 ) ) ;
#381 = VECTOR ( 'NONE', #1198, 1000.000000000000000 ) ;
#382 = PLANE ( 'NONE',  #7901 ) ;
#383 = CARTESIAN_POINT ( 'NONE',  ( 6.750000000000007994, -3.337024278192423801E-14, -9.000000000000000000 ) ) ;
#384 = AXIS2_PLACEMENT_3D ( 'NONE', #2094, #2008, #835 ) ;
#385 = VERTEX_POINT ( 'NONE', #6778 ) ;
#386 =( LENGTH_UNIT ( ) NAMED_UNIT ( * ) SI_UNIT ( .MILLI., .METRE. ) );
#387 = AXIS2_PLACEMENT_3D ( 'NONE', #2871, #7955, #140 ) ;
#388 = LINE ( 'NONE', #3532, #6269 ) ;
#389 = AXIS2_PLACEMENT_3D ( 'NONE', #5768, #1259, #1221 ) ;
#390 = CARTESIAN_POINT ( 'NONE',  ( 5.961929966871048592, -4.063431628202429202, 0.5560752488331062171 ) ) ;
#391 = DIRECTION ( 'NONE',  ( 0.000000000000000000, 0.000000000000000000, 1.000000000000000000 ) ) ;
#392 = ORIENTED_EDGE ( 'NONE', *, *, #2218, .F. ) ;
#393 = VERTEX_POINT ( 'NONE', #2885 ) ;
#394 = ORIENTED_EDGE ( 'NONE', *, *, #4820, .F. ) ;
#395 = CARTESIAN_POINT ( 'NONE',  ( 10.25328867574652314, 4.500000000000193623, -4.337337893224166407 ) ) ;
#396 = ORIENTED_EDGE ( 'NONE', *, *, #1472, .F. ) ;
#397 = SHAPE_DEFINITION_REPRESENTATION ( #247, #7407 ) ;
#398 = AXIS2_PLACEMENT_3D ( 'NONE', #2335, #5515, #4923 ) ;
#399 = DIRECTION ( 'NONE',  ( 1.000000000000000000, 1.719470254348916462E-30, -2.290883888735602091E-30 ) ) ;
#400 = CARTESIAN_POINT ( 'NONE',  ( 6.368163355566236381E-16, -5.807821048680185783, -5.200000000000000178 ) ) ;
#401 = ORIENTED_EDGE ( 'NONE', *, *, #3389, .F. ) ;
#402 = EDGE_LOOP ( 'NONE', ( #7696, #5752, #4944, #6346 ) ) ;
#403 = EDGE_CURVE ( 'NONE', #3576, #1238, #2242, .T. ) ;
#404 = CARTESIAN_POINT ( 'NONE',  ( 9.038404813733352583, -4.283773574518267679, 5.853624001258860510 ) ) ;
#405 = EDGE_LOOP ( 'NONE', ( #6589, #8128, #688, #1046 ) ) ;
#406 = VECTOR ( 'NONE', #1973, 1000.000000000000000 ) ;
#407 = CARTESIAN_POINT ( 'NONE',  ( -6.500000000000001776, 2.505857227607294568, 3.549403234645212901 ) ) ;
#408 = MANIFOLD_SOLID_BREP ( 'Вырез-Вытянуть1', #4672 ) ;
#409 = ORIENTED_EDGE ( 'NONE', *, *, #5341, .T. ) ;
#410 = LINE ( 'NONE', #8093, #19 ) ;
#411 = EDGE_LOOP ( 'NONE', ( #6167, #6427, #8381, #3717 ) ) ;
#412 = CARTESIAN_POINT ( 'NONE',  ( 6.353518016691843684, 7.723089038241831794, -30.05320537017480831 ) ) ;
#413 = PRODUCT_DEFINITION_FORMATION_WITH_SPECIFIED_SOURCE ( 'ANY', '', #5507, .NOT_KNOWN. ) ;
#414 = ORIENTED_EDGE ( 'NONE', *, *, #730, .F. ) ;
#415 = EDGE_CURVE ( 'NONE', #697, #5112, #4917, .T. ) ;
#416 = DIRECTION ( 'NONE',  ( -0.000000000000000000, 1.000000000000000000, -0.000000000000000000 ) ) ;
#417 = CARTESIAN_POINT ( 'NONE',  ( 26.75735931288070191, 1.678222886197801662E-14, -6.250000000000000888 ) ) ;
#418 = LINE ( 'NONE', #500, #1216 ) ;
#419 = CARTESIAN_POINT ( 'NONE',  ( 3.782467906281931302, 5.321744635572154714, 3.732210339854046932 ) ) ;
#420 = DIRECTION ( 'NONE',  ( -1.000000000000000000, -2.536951011547150738E-31, -2.465190328815656637E-31 ) ) ;
#421 = B_SPLINE_CURVE_WITH_KNOTS ( 'NONE', 3,
 ( #567, #2386, #7693, #6929, #7007, #3836, #6334, #6374, #5652, #3196, #5772, #3751, #8213, #3032, #7613, #8371, #2547, #480, #3071, #3109, #1182, #5146, #5694, #7740, #1926, #1049, #3666, #8296, #2471, #3790, #526, #3154, #6252, #5614, #4977, #7655, #7565, #1752, #4347, #3711, #5304, #2756, #8411, #124, #7784, #7857 ),
 .UNSPECIFIED., .F., .F.,
 ( 4, 2, 2, 2, 2, 2, 2, 2, 2, 2, 2, 2, 2, 2, 2, 2, 2, 2, 2, 2, 2, 2, 4 ),
 ( 0.000000000000000000, 0.001421073207666947785, 0.002842146415333895570, 0.004263219623000843138, 0.005684292830667792007, 0.007105366038334741743, 0.008526439246001689745, 0.009236975849835158542, 0.009947512453668627339, 0.01065804905750209787, 0.01136858566133556493, 0.01207912226516903546, 0.01278965886900250426, 0.01421073207666946094, 0.01492126868050294188, 0.01563180528433642108, 0.01705287849200336214, 0.01847395169967030668, 0.01918448830350377721, 0.01989502490733724774, 0.02131609811500420268, 0.02202663471883767668, 0.02273717132267115415 ),
 .UNSPECIFIED. ) ;
#422 = DIRECTION ( 'NONE',  ( 0.000000000000000000, 0.000000000000000000, 1.000000000000000000 ) ) ;
#423 = CARTESIAN_POINT ( 'NONE',  ( 8.000000000000007105, -10.00000000000001776, 1.249999999999999334 ) ) ;
#424 =( NAMED_UNIT ( * ) SI_UNIT ( $, .STERADIAN. ) SOLID_ANGLE_UNIT ( ) );
#425 = ORIENTED_EDGE ( 'NONE', *, *, #7506, .F. ) ;
#426 = DIRECTION ( 'NONE',  ( 0.000000000000000000, 2.442490654175355433E-15, -1.000000000000000000 ) ) ;
#427 = DIRECTION ( 'NONE',  ( 1.000000000000000000, -2.527244646312397676E-18, -2.284402040327631027E-30 ) ) ;
#428 = CARTESIAN_POINT ( 'NONE',  ( 0.000000000000000000, 0.000000000000000000, 36.00000000000000000 ) ) ;
#429 = CARTESIAN_POINT ( 'NONE',  ( 6.938317020066801177, 5.732476049554188435, -32.04192975161672763 ) ) ;
#430 = ORIENTED_EDGE ( 'NONE', *, *, #5131, .F. ) ;
#431 = FACE_OUTER_BOUND ( 'NONE', #1414, .T. ) ;
#432 = VECTOR ( 'NONE', #1409, 1000.000000000000000 ) ;
#433 = EDGE_LOOP ( 'NONE', ( #430, #3794, #2520, #3292 ) ) ;
#434 = DIRECTION ( 'NONE',  ( 0.000000000000000000, 1.000000000000000000, 0.000000000000000000 ) ) ;
#435 = ORIENTED_EDGE ( 'NONE', *, *, #1063, .T. ) ;
#436 = APPLICATION_PROTOCOL_DEFINITION ( 'draft international standard', 'automotive_design', 1998, #1149 ) ;
#437 = DIRECTION ( 'NONE',  ( 1.000000000000000000, 2.536951011547150738E-31, 2.465190328815656637E-31 ) ) ;
#438 = CARTESIAN_POINT ( 'NONE',  ( 3.323417653124999926, 4.070012791129339714E-16, 1.051582346875002294 ) ) ;
#439 = ORIENTED_EDGE ( 'NONE', *, *, #789, .T. ) ;
#440 = VERTEX_POINT ( 'NONE', #6993 ) ;
#441 = VERTEX_POINT ( 'NONE', #1827 ) ;
#442 = CARTESIAN_POINT ( 'NONE',  ( 8.180776244124624341, -5.759845087917064177, 4.426417654418657754 ) ) ;
#443 =( NAMED_UNIT ( * ) PLANE_ANGLE_UNIT ( ) SI_UNIT ( $, .RADIAN. ) );
#444 = PRESENTATION_STYLE_ASSIGNMENT (( #1303 ) ) ;
#445 = EDGE_LOOP ( 'NONE', ( #6654, #1842, #6661, #4121 ) ) ;
#446 = LINE ( 'NONE', #7533, #5294 ) ;
#447 = EDGE_CURVE ( 'NONE', #4148, #6592, #7492, .T. ) ;
#448 = CARTESIAN_POINT ( 'NONE',  ( 0.1827756366090088902, 8.499999999999884537, -4.441780279436652101 ) ) ;
#449 = ORIENTED_EDGE ( 'NONE', *, *, #8392, .F. ) ;
#450 = CARTESIAN_POINT ( 'NONE',  ( 0.000000000000000000, -5.807821048680185783, 0.000000000000000000 ) ) ;
#451 = VECTOR ( 'NONE', #1391, 1000.000000000000000 ) ;
#452 = B_SPLINE_CURVE_WITH_KNOTS ( 'NONE', 3,
 ( #5887, #5253, #6604, #718, #30, #6533, #3391, #2653, #7847, #2034, #112, #1393, #3347, #3223, #5925, #5295, #1915, #2747, #7775, #4505, #7086, #3863 ),
 .UNSPECIFIED., .F., .F.,
 ( 4, 2, 2, 2, 2, 2, 2, 2, 2, 2, 4 ),
 ( 0.000000000000000000, 0.0004890994939836170331, 0.0009781989879672340661, 0.001467298481950851099, 0.001956397975934468132, 0.002200947722926276540, 0.002445497469918084948, 0.002934596963901702198, 0.003423696457885319448, 0.003668246204877128290, 0.003912795951868934530 ),
 .UNSPECIFIED. ) ;
#453 = ORIENTED_EDGE ( 'NONE', *, *, #1165, .F. ) ;
#454 = UNCERTAINTY_MEASURE_WITH_UNIT (LENGTH_MEASURE( 1.000000000000000082E-05 ), #1971, 'distance_accuracy_value', 'NONE');
#455 = CARTESIAN_POINT ( 'NONE',  ( 2.049999999999998934, 9.000000000000001776, -2.049999999999999822 ) ) ;
#456 = LINE ( 'NONE', #5126, #7744 ) ;
#457 = PRODUCT ( '000401.21.00 \X2\04210432043e0431043e0434043d044b0439\X0\ \X2\04480442043e043a\X0\_0..20', '000401.21.00 \X2\04210432043e0431043e0434043d044b0439\X0\ \X2\04480442043e043a\X0\_0..20', '', ( #4845 ) ) ;
#458 = ADVANCED_FACE ( 'NONE', ( #6356, #5726 ), #507, .T. ) ;
#459 = CARTESIAN_POINT ( 'NONE',  ( 6.500000000000000000, 3.752776749732579908, 3.315247287287305777 ) ) ;
#460 = CARTESIAN_POINT ( 'NONE',  ( 9.542893218813491174, -4.792893218813731870, 4.011318311110906976 ) ) ;
#461 = CARTESIAN_POINT ( 'NONE',  ( 9.209806943366768195, 3.901726214595496067, 6.114966233628700287 ) ) ;
#462 = CARTESIAN_POINT ( 'NONE',  ( 28.27638181893411229, -6.500000000000478728, -2.454690945732884710 ) ) ;
#463 = FILL_AREA_STYLE_COLOUR ( '', #6627 ) ;
#464 = ADVANCED_FACE ( 'NONE', ( #1209 ), #3815, .F. ) ;
#465 = ORIENTED_EDGE ( 'NONE', *, *, #6360, .F. ) ;
#466 = CARTESIAN_POINT ( 'NONE',  ( -1.000000000000000444, 0.5773502691896266192, -1.040577039435782947 ) ) ;
#467 = LINE ( 'NONE', #7038, #6805 ) ;
#468 = APPLICATION_CONTEXT ( 'automotive_design' ) ;
#469 = CARTESIAN_POINT ( 'NONE',  ( -13.50000000000000178, 0.000000000000000000, 0.000000000000000000 ) ) ;
#470 = CARTESIAN_POINT ( 'NONE',  ( 0.4864803580304822295, 8.990044975843394681, -39.98721373182507932 ) ) ;
#471 = AXIS2_PLACEMENT_3D ( 'NONE', #6148, #4064, #4791 ) ;
#472 = ORIENTED_EDGE ( 'NONE', *, *, #7548, .F. ) ;
#473 = EDGE_LOOP ( 'NONE', ( #6798, #5011, #2858, #6542 ) ) ;
#474 = CARTESIAN_POINT ( 'NONE',  ( 10.86884452077979368, 3.957591431941263060, -4.839487782590367715 ) ) ;
#475 = ORIENTED_EDGE ( 'NONE', *, *, #7247, .F. ) ;
#476 = ADVANCED_FACE ( 'NONE', ( #8358 ), #8427, .F. ) ;
#477 = ITEM_DEFINED_TRANSFORMATION ( 'NONE', 'NONE', #270,  #1795 ) ;
#478 = CARTESIAN_POINT ( 'NONE',  ( 10.82531754730547924, 3.500000000000201172, -5.178078794302128252 ) ) ;
#479 = CARTESIAN_POINT ( 'NONE',  ( -6.499999999999997335, -3.752776749732557704, 0.6847527127126922242 ) ) ;
#480 = CARTESIAN_POINT ( 'NONE',  ( -6.902383710959974827, 7.236111701560242970, -31.81188379023259927 ) ) ;
#481 = ORIENTED_EDGE ( 'NONE', *, *, #1472, .T. ) ;
#482 = ORIENTED_EDGE ( 'NONE', *, *, #4187, .F. ) ;
#483 = VECTOR ( 'NONE', #2865, 1000.000000000000000 ) ;
#484 = VECTOR ( 'NONE', #1482, 1000.000000000000114 ) ;
#485 = EDGE_LOOP ( 'NONE', ( #3994, #7265, #7860, #1641, #33, #3847 ) ) ;
#486 = CARTESIAN_POINT ( 'NONE',  ( 7.894220847158165633, -6.140562357358041012, 3.861038216261959199 ) ) ;
#487 = SHAPE_REPRESENTATION_RELATIONSHIP ( 'NONE' , 'NONE' ,  #5983, #7558 ) ;
#488 = ADVANCED_FACE ( 'NONE', ( #6398 ), #3139, .F. ) ;
#489 = CARTESIAN_POINT ( 'NONE',  ( -6.500000000000000888, 3.134341368160278751, 3.443329448536619708 ) ) ;
#490 = AXIS2_PLACEMENT_3D ( 'NONE', #3746, #1095, #2502 ) ;
#491 = ORIENTED_EDGE ( 'NONE', *, *, #4316, .F. ) ;
#492 = CARTESIAN_POINT ( 'NONE',  ( -8.884612879477161940, -1.437123545401263414, -43.71112987912908210 ) ) ;
#493 = ORIENTED_EDGE ( 'NONE', *, *, #4301, .F. ) ;
#494 = DIRECTION ( 'NONE',  ( 0.000000000000000000, 2.442490654175355433E-15, -1.000000000000000000 ) ) ;
#495 = AXIS2_PLACEMENT_3D ( 'NONE', #8072, #2249, #4212 ) ;
#496 = ORIENTED_EDGE ( 'NONE', *, *, #4661, .F. ) ;
#497 = LINE ( 'NONE', #4992, #4071 ) ;
#498 = CARTESIAN_POINT ( 'NONE',  ( -5.961929966871037045, 4.063431628202459400, 0.5560752488331085486 ) ) ;
#499 = CONICAL_SURFACE ( 'NONE', #6490, 5.500000000000006217, 0.7853981633974479459 ) ;
#500 = CARTESIAN_POINT ( 'NONE',  ( 8.000000000000007105, -1.249999999999964473, 10.00000000000005507 ) ) ;
#501 = CARTESIAN_POINT ( 'NONE',  ( 4.326034189509552874, 5.007916495628283116, 3.694469876889736604 ) ) ;
#502 = COLOUR_RGB ( '',0.7921568627450980005, 0.8196078431372548767, 0.9333333333333333481 ) ;
#503 = CARTESIAN_POINT ( 'NONE',  ( 7.370031947836054975, -5.390894512035811381, -1.091952654067427142 ) ) ;
#504 = CIRCLE ( 'NONE', #1763, 4.500000000000000888 ) ;
#505 = CARTESIAN_POINT ( 'NONE',  ( 0.000000000000000000, 4.000000000000194511, -9.769962616701798807E-15 ) ) ;
#506 = AXIS2_PLACEMENT_3D ( 'NONE', #5468, #1725, #6855 ) ;
#507 = CYLINDRICAL_SURFACE ( 'NONE', #3571, 9.000000000000010658 ) ;
#508 = EDGE_CURVE ( 'NONE', #1844, #7367, #1395, .T. ) ;
#509 = SURFACE_SIDE_STYLE ('',( #7641 ) ) ;
#510 = ORIENTED_EDGE ( 'NONE', *, *, #8388, .F. ) ;
#511 = CYLINDRICAL_SURFACE ( 'NONE', #5424, 3.400000000000136247 ) ;
#512 = AXIS2_PLACEMENT_3D ( 'NONE', #6681, #1461, #4052 ) ;
#513 = LINE ( 'NONE', #5006, #3157 ) ;
#514 = AXIS2_PLACEMENT_3D ( 'NONE', #5800, #3699, #4379 ) ;
#515 = CARTESIAN_POINT ( 'NONE',  ( 2.049999999999998934, 9.000000000000001776, 2.049999999999999822 ) ) ;
#516 = CARTESIAN_POINT ( 'NONE',  ( 0.000000000000000000, 0.000000000000000000, 0.000000000000000000 ) ) ;
#517 = ADVANCED_FACE ( 'NONE', ( #5675 ), #8277, .T. ) ;
#518 = CIRCLE ( 'NONE', #7464, 3.000000000000000000 ) ;
#519 = CARTESIAN_POINT ( 'NONE',  ( 0.9999999999999995559, 0.5773502691896269523, 0.000000000000000000 ) ) ;
#520 = ADVANCED_FACE ( 'NONE', ( #7940 ), #6575, .T. ) ;
#521 = DIRECTION ( 'NONE',  ( 0.000000000000000000, 0.000000000000000000, 1.000000000000000000 ) ) ;
#522 = AXIS2_PLACEMENT_3D ( 'NONE', #4477, #7063, #5156 ) ;
#523 = ORIENTED_EDGE ( 'NONE', *, *, #1347, .F. ) ;
#524 = FACE_OUTER_BOUND ( 'NONE', #4921, .T. ) ;
#525 = DIRECTION ( 'NONE',  ( -1.000000000000000000, 1.224646799147353207E-16, 0.000000000000000000 ) ) ;
#526 = CARTESIAN_POINT ( 'NONE',  ( -5.930176009131123749, 8.053311715077985156, -36.72579097094606482 ) ) ;
#527 = ORIENTED_EDGE ( 'NONE', *, *, #831, .T. ) ;
#528 = EDGE_CURVE ( 'NONE', #1966, #3276, #5302, .T. ) ;
#529 = AXIS2_PLACEMENT_3D ( 'NONE', #6862, #7758, #1283 ) ;
#530 = ORIENTED_EDGE ( 'NONE', *, *, #3362, .F. ) ;
#531 = EDGE_CURVE ( 'NONE', #6451, #8218, #7805, .T. ) ;
#532 = EDGE_LOOP ( 'NONE', ( #257, #6292, #1607, #5945 ) ) ;
#533 = PRODUCT_DEFINITION_SHAPE ( 'NONE', 'NONE',  #3086 ) ;
#534 = CARTESIAN_POINT ( 'NONE',  ( 9.292559688681977903, -3.700923120583290871, -6.238680019793868325 ) ) ;
#535 = DIRECTION ( 'NONE',  ( -1.000000000000000000, -1.719470254348916462E-30, 2.290883888735602091E-30 ) ) ;
#536 = MANIFOLD_SOLID_BREP ( 'Повернуть1', #1274 ) ;
#537 = APPLICATION_CONTEXT ( 'automotive_design' ) ;
#538 = EDGE_LOOP ( 'NONE', ( #3514, #7498, #5773, #7741 ) ) ;
#539 = CARTESIAN_POINT ( 'NONE',  ( 0.000000000000000000, 0.000000000000000000, -22.00000000000000000 ) ) ;
#540 = ORIENTED_EDGE ( 'NONE', *, *, #2887, .T. ) ;
#541 = LINE ( 'NONE', #1153, #4758 ) ;
#542 = ORIENTED_EDGE ( 'NONE', *, *, #5534, .F. ) ;
#543 = FACE_OUTER_BOUND ( 'NONE', #3760, .T. ) ;
#545 = AXIS2_PLACEMENT_3D ( 'NONE', #2496, #3860, #8362 ) ;
#544 =( GEOMETRIC_REPRESENTATION_CONTEXT ( 3 ) GLOBAL_UNCERTAINTY_ASSIGNED_CONTEXT ( ( #454 ) ) GLOBAL_UNIT_ASSIGNED_CONTEXT ( ( #1971, #608, #1885 ) ) REPRESENTATION_CONTEXT ( 'NONE', 'WORKASPACE' ) );
#546 = UNCERTAINTY_MEASURE_WITH_UNIT (LENGTH_MEASURE( 1.000000000000000082E-05 ), #4725, 'distance_accuracy_value', 'NONE');
#547 = CARTESIAN_POINT ( 'NONE',  ( 0.000000000000000000, 0.000000000000000000, 0.000000000000000000 ) ) ;
#548 = EDGE_CURVE ( 'NONE', #3456, #5779, #4587, .T. ) ;
#549 = LINE ( 'NONE', #8187, #1621 ) ;
#550 = MECHANICAL_DESIGN_GEOMETRIC_PRESENTATION_REPRESENTATION (  '', ( #3160 ), #6406 ) ;
#551 = DIRECTION ( 'NONE',  ( 1.000000000000000000, 0.000000000000000000, 0.000000000000000000 ) ) ;
#552 = FACE_BOUND ( 'NONE', #8225, .T. ) ;
#553 = CARTESIAN_POINT ( 'NONE',  ( 4.000000000000003553, -3.469446951953614189E-15, -1.733336949948512268E-30 ) ) ;
#554 = CARTESIAN_POINT ( 'NONE',  ( 11.00000000000001066, 6.250000000000364153, -10.00000000000025757 ) ) ;
#555 = DIRECTION ( 'NONE',  ( 0.000000000000000000, 0.000000000000000000, 1.000000000000000000 ) ) ;
#556 = CARTESIAN_POINT ( 'NONE',  ( -0.6690871167748891901, 0.7684029113979601311, -1.130017780416096240 ) ) ;
#557 = CARTESIAN_POINT ( 'NONE',  ( 35.00000000000000000, 9.860761315262743977E-29, -6.201494420926899447E-29 ) ) ;
#558 = LINE ( 'NONE', #3822, #3551 ) ;
#559 = DIRECTION ( 'NONE',  ( 0.000000000000000000, 0.000000000000000000, -1.000000000000000000 ) ) ;
#560 = CARTESIAN_POINT ( 'NONE',  ( 6.804858949083903319, 5.890615585191388170, -34.65800649641465014 ) ) ;
#561 = DIRECTION ( 'NONE',  ( 1.000000000000000000, 1.719470254348916462E-30, -2.290883888735602091E-30 ) ) ;
#562 = MANIFOLD_SOLID_BREP ( 'Вырез-Вытянуть3', #4544 ) ;
#563 = SURFACE_STYLE_FILL_AREA ( #3227 ) ;
#564 = ORIENTED_EDGE ( 'NONE', *, *, #1010, .T. ) ;
#565 = DIRECTION ( 'NONE',  ( 1.000000000000000000, 0.000000000000000000, 0.000000000000000000 ) ) ;
#566 = CARTESIAN_POINT ( 'NONE',  ( 9.092185783567080293, -8.979226081855474106, -0.6296875556166416921 ) ) ;
#567 = CARTESIAN_POINT ( 'NONE',  ( 0.000000000000000000, 10.00000000000000000, -26.00000000000002132 ) ) ;
#568 = ORIENTED_EDGE ( 'NONE', *, *, #1824, .T. ) ;
#569 = EDGE_LOOP ( 'NONE', ( #6069, #2289 ) ) ;
#570 = VERTEX_POINT ( 'NONE', #4070 ) ;
#571 = CARTESIAN_POINT ( 'NONE',  ( 8.000000000000007105, -1.250000000000030642, -8.912771734987938288 ) ) ;
#572 =( NAMED_UNIT ( * ) SI_UNIT ( $, .STERADIAN. ) SOLID_ANGLE_UNIT ( ) );
#573 = EDGE_CURVE ( 'NONE', #2757, #580, #106, .T. ) ;
#574 = AXIS2_PLACEMENT_3D ( 'NONE', #878, #2340, #1705 ) ;
#575 = CARTESIAN_POINT ( 'NONE',  ( 6.758182562103413282, -0.1645398251517296295, -8.998853212333505880 ) ) ;
#576 = VERTEX_POINT ( 'NONE', #3486 ) ;
#577 = CARTESIAN_POINT ( 'NONE',  ( 8.999520626492895303, 8.967911480112531919, 0.7680903535846900221 ) ) ;
#578 = VERTEX_POINT ( 'NONE', #5893 ) ;
#579 = DIRECTION ( 'NONE',  ( 2.958228394578779381E-31, 3.830269434956790853E-15, 1.000000000000000000 ) ) ;
#580 = VERTEX_POINT ( 'NONE', #35 ) ;
#581 = CARTESIAN_POINT ( 'NONE',  ( 0.000000000000000000, 0.000000000000000000, 0.000000000000000000 ) ) ;
#582 = APPLICATION_CONTEXT ( 'automotive_design' ) ;
#583 = CARTESIAN_POINT ( 'NONE',  ( -0.8367199576551583862, -0.6716200455907135325, -1.095003720221052301 ) ) ;
#584 = CARTESIAN_POINT ( 'NONE',  ( 8.000000000000007105, -5.356071321407137376, -1.249999999999999334 ) ) ;
#585 = ADVANCED_FACE ( 'NONE', ( #2661 ), #7854, .T. ) ;
#586 = CARTESIAN_POINT ( 'NONE',  ( 36.00000000000000711, 6.500000000000324185, 4.220485754033654224 ) ) ;
#587 = FACE_OUTER_BOUND ( 'NONE', #6174, .T. ) ;
#588 = EDGE_CURVE ( 'NONE', #2849, #3359, #6394, .T. ) ;
#589 = CARTESIAN_POINT ( 'NONE',  ( 2.739652713085306335, 9.619267788292672705, -2.518870403409461556 ) ) ;
#590 = CARTESIAN_POINT ( 'NONE',  ( 9.304746573448927194, -4.614316364800764347, -4.215704328626839192 ) ) ;
#591 = DIRECTION ( 'NONE',  ( -1.000000000000000000, -0.000000000000000000, -0.000000000000000000 ) ) ;
#592 = FACE_BOUND ( 'NONE', #167, .T. ) ;
#593 = CARTESIAN_POINT ( 'NONE',  ( 28.17157287525379061, -6.500000000000452971, -2.116122921959997072 ) ) ;
#594 = CARTESIAN_POINT ( 'NONE',  ( 28.99999999999999645, 6.500000000000324185, 4.060808974781399350 ) ) ;
#595 = FACE_OUTER_BOUND ( 'NONE', #6133, .T. ) ;
#596 = ORIENTED_EDGE ( 'NONE', *, *, #3510, .T. ) ;
#597 = ADVANCED_FACE ( 'NONE', ( #6914 ), #4092, .F. ) ;
#598 = CONTEXT_DEPENDENT_SHAPE_REPRESENTATION ( #8050, #3348 ) ;
#599 = CARTESIAN_POINT ( 'NONE',  ( 0.000000000000000000, 0.000000000000000000, -88.99999999999997158 ) ) ;
#600 = CARTESIAN_POINT ( 'NONE',  ( 36.00000000000000711, 9.860761315262661020E-29, -6.894829200906304354E-29 ) ) ;
#601 = CARTESIAN_POINT ( 'NONE',  ( 28.68216478563912730, 6.500000000000317080, -3.435756015591263424 ) ) ;
#602 = ORIENTED_EDGE ( 'NONE', *, *, #6927, .F. ) ;
#603 = ORIENTED_EDGE ( 'NONE', *, *, #4406, .F. ) ;
#604 = ORIENTED_EDGE ( 'NONE', *, *, #4086, .T. ) ;
#605 = FACE_OUTER_BOUND ( 'NONE', #2457, .T. ) ;
#606 = AXIS2_PLACEMENT_3D ( 'NONE', #3439, #153, #2788 ) ;
#607 = ADVANCED_FACE ( 'NONE', ( #4962 ), #5558, .T. ) ;
#608 =( NAMED_UNIT ( * ) PLANE_ANGLE_UNIT ( ) SI_UNIT ( $, .RADIAN. ) );
#609 = EDGE_CURVE ( 'NONE', #6614, #703, #6284, .T. ) ;
#610 = ORIENTED_EDGE ( 'NONE', *, *, #4653, .F. ) ;
#611 = CARTESIAN_POINT ( 'NONE',  ( 0.000000000000000000, 8.499999999999994671, -4.013726448077868270 ) ) ;
#612 = VERTEX_POINT ( 'NONE', #301 ) ;
#613 = CARTESIAN_POINT ( 'NONE',  ( 26.75735931288070191, -2.015054789694742740E-14, 8.250000000000341061 ) ) ;
#614 = AXIS2_PLACEMENT_3D ( 'NONE', #2729, #16, #2015 ) ;
#615 = AXIS2_PLACEMENT_3D ( 'NONE', #8112, #7424, #6830 ) ;
#616 = ORIENTED_EDGE ( 'NONE', *, *, #6983, .T. ) ;
#617 = CARTESIAN_POINT ( 'NONE',  ( 28.17157287525381903, 3.697785493223492838E-29, -4.468157470978387179E-29 ) ) ;
#618 = UNCERTAINTY_MEASURE_WITH_UNIT (LENGTH_MEASURE( 1.000000000000000082E-05 ), #7277, 'distance_accuracy_value', 'NONE');
#619 = DIRECTION ( 'NONE',  ( 0.000000000000000000, 0.000000000000000000, 1.000000000000000000 ) ) ;
#620 = AXIS2_PLACEMENT_3D ( 'NONE', #6291, #4300, #7002 ) ;
#621 = EDGE_CURVE ( 'NONE', #1458, #5899, #388, .T. ) ;
#622 = CARTESIAN_POINT ( 'NONE',  ( -6.500000000000000888, -0.6263465452540795120, 3.731761184457489833 ) ) ;
#623 = AXIS2_PLACEMENT_3D ( 'NONE', #6659, #820, #6020 ) ;
#624 = DIRECTION ( 'NONE',  ( 0.000000000000000000, -2.442490654175355433E-15, 1.000000000000000000 ) ) ;
#625 = DIRECTION ( 'NONE',  ( 1.000000000000000000, 0.000000000000000000, 0.000000000000000000 ) ) ;
#626 = ADVANCED_FACE ( 'NONE', ( #7384 ), #806, .T. ) ;
#627 = EDGE_CURVE ( 'NONE', #2808, #3126, #1934, .T. ) ;
#628 = VECTOR ( 'NONE', #984, 1000.000000000000000 ) ;
#629 = ADVANCED_FACE ( 'NONE', ( #6784, #4332 ), #6192, .F. ) ;
#630 = LINE ( 'NONE', #8360, #7734 ) ;
#631 = CARTESIAN_POINT ( 'NONE',  ( 0.5999999999999894307, -8.499999999999992895, 5.267826876426333627 ) ) ;
#632 = COLOUR_RGB ( '',0.7921568627450980005, 0.8196078431372548767, 0.9333333333333333481 ) ;
#633 = ADVANCED_BREP_SHAPE_REPRESENTATION ( '', ( #408, #1795 ), #1525 ) ;
#634 = VECTOR ( 'NONE', #3310, 1000.000000000000000 ) ;
#635 = CARTESIAN_POINT ( 'NONE',  ( 10.24390062427396764, -6.070800307532110882E-14, -6.250000000000011546 ) ) ;
#636 = CARTESIAN_POINT ( 'NONE',  ( 6.000000000000000000, 7.347880794884119736E-16, -6.000000000000000000 ) ) ;
#637 = AXIS2_PLACEMENT_3D ( 'NONE', #7119, #5845, #2694 ) ;
#638 = CARTESIAN_POINT ( 'NONE',  ( 6.750000000000007994, 3.447242493922605731E-14, 9.000000000000000000 ) ) ;
#639 = CARTESIAN_POINT ( 'NONE',  ( 0.000000000000000000, 0.000000000000000000, -22.00000000000000000 ) ) ;
#640 = AXIS2_PLACEMENT_3D ( 'NONE', #5857, #2708, #5301 ) ;
#641 = DIRECTION ( 'NONE',  ( -0.8660254037844385966, 0.4999999999999999445, 0.000000000000000000 ) ) ;
#642 = EDGE_CURVE ( 'NONE', #2426, #5577, #8157, .T. ) ;
#643 = DIRECTION ( 'NONE',  ( -0.000000000000000000, -0.000000000000000000, 1.000000000000000000 ) ) ;
#644 = VECTOR ( 'NONE', #5526, 1000.000000000000000 ) ;
#645 = EDGE_LOOP ( 'NONE', ( #7983, #4466 ) ) ;
#646 =( GEOMETRIC_REPRESENTATION_CONTEXT ( 3 ) GLOBAL_UNCERTAINTY_ASSIGNED_CONTEXT ( ( #7111 ) ) GLOBAL_UNIT_ASSIGNED_CONTEXT ( ( #386, #909, #5514 ) ) REPRESENTATION_CONTEXT ( 'NONE', 'WORKASPACE' ) );
#647 = CARTESIAN_POINT ( 'NONE',  ( 0.000000000000000000, 6.900000000000000355, -8.000000000000000000 ) ) ;
#648 = DIRECTION ( 'NONE',  ( 0.000000000000000000, 0.000000000000000000, -1.000000000000000000 ) ) ;
#649 = LINE ( 'NONE', #1401, #484 ) ;
#650 = DIRECTION ( 'NONE',  ( -1.000000000000000000, -1.719470254348904902E-30, -2.469610187574637385E-30 ) ) ;
#651 = ORIENTED_EDGE ( 'NONE', *, *, #6708, .T. ) ;
#652 = CIRCLE ( 'NONE', #5288, 3.323417653124999926 ) ;
#653 = AXIS2_PLACEMENT_3D ( 'NONE', #5954, #1380, #7115 ) ;
#654 = VERTEX_POINT ( 'NONE', #5603 ) ;
#655 = CIRCLE ( 'NONE', #5710, 9.000000000000010658 ) ;
#656 = EDGE_LOOP ( 'NONE', ( #2901, #4299, #6958, #7227 ) ) ;
#657 = CARTESIAN_POINT ( 'NONE',  ( 7.230346591983445315, 5.409903412724414551, 0.9982405986669210529 ) ) ;
#658 = CIRCLE ( 'NONE', #8420, 4.600000000000005862 ) ;
#659 = AXIS2_PLACEMENT_3D ( 'NONE', #1507, #4181, #2265 ) ;
#660 = CARTESIAN_POINT ( 'NONE',  ( 2.071275251570729115, 9.999896280162451134, 0.3343160342741540725 ) ) ;
#661 = ORIENTED_EDGE ( 'NONE', *, *, #7037, .F. ) ;
#662 = CARTESIAN_POINT ( 'NONE',  ( -8.965823371506257189, -0.8069667022107077647, -41.60278089864494433 ) ) ;
#663 = CARTESIAN_POINT ( 'NONE',  ( 9.305009835822394493, -4.614446482040515995, 4.215562761399688441 ) ) ;
#664 = VERTEX_POINT ( 'NONE', #2931 ) ;
#665 = CARTESIAN_POINT ( 'NONE',  ( 8.999711141171900408, 5.447368132677405939, -0.7681049244071193050 ) ) ;
#666 = VECTOR ( 'NONE', #7198, 1000.000000000000000 ) ;
#667 = EDGE_LOOP ( 'NONE', ( #4714, #5043, #868, #2184 ) ) ;
#668 = CLOSED_SHELL ( 'NONE', ( #7359, #3577, #626, #8286, #4497, #3187, #6409, #3438, #6378, #464, #6051, #6316, #8235, #2506, #7042, #676, #6725, #2841, #4975 ) ) ;
#669 = CARTESIAN_POINT ( 'NONE',  ( 6.500000000000000000, 3.752776749732579908, 3.315247287287305777 ) ) ;
#670 = CARTESIAN_POINT ( 'NONE',  ( 28.99999999999999645, 1.871976999770114107E-14, -7.664213562373412891 ) ) ;
#671 = ORIENTED_EDGE ( 'NONE', *, *, #2011, .T. ) ;
#672 = CARTESIAN_POINT ( 'NONE',  ( 4.500000000000000888, 0.000000000000000000, 0.000000000000000000 ) ) ;
#673 = PRODUCT ( '\X2\041f042204130426\X0\.000401.11.02_0..20', '\X2\041f042204130426\X0\.000401.11.02_0..20', '', ( #7130 ) ) ;
#674 = DIRECTION ( 'NONE',  ( 0.000000000000000000, 0.000000000000000000, 1.000000000000000000 ) ) ;
#675 = CARTESIAN_POINT ( 'NONE',  ( 6.887650008616234665, 7.249846716181528983, -0.5029235612470541739 ) ) ;
#676 = ADVANCED_FACE ( 'NONE', ( #7469, #8028 ), #3650, .F. ) ;
#677 = EDGE_CURVE ( 'NONE', #570, #885, #7513, .T. ) ;
#678 = CARTESIAN_POINT ( 'NONE',  ( 4.907477288111819824, 6.900000000000000355, 8.500000000000007105 ) ) ;
#679 = CARTESIAN_POINT ( 'NONE',  ( 8.000000000000007105, -1.250000000000030642, -8.912771734987938288 ) ) ;
#680 = EDGE_CURVE ( 'NONE', #7323, #4170, #1234, .T. ) ;
#681 = PRODUCT_DEFINITION_FORMATION_WITH_SPECIFIED_SOURCE ( 'ANY', '', #8084, .NOT_KNOWN. ) ;
#682 = DIRECTION ( 'NONE',  ( 0.000000000000000000, 0.000000000000000000, -1.000000000000000000 ) ) ;
#683 = DIRECTION ( 'NONE',  ( 1.000000000000000000, 2.536951011547150738E-31, 2.465190328815656637E-31 ) ) ;
#684 = EDGE_CURVE ( 'NONE', #5403, #6496, #3417, .T. ) ;
#685 = CARTESIAN_POINT ( 'NONE',  ( 35.50000000000000711, -6.500000000000472511, 5.080600358225637159 ) ) ;
#686 = DIRECTION ( 'NONE',  ( -2.469610187574633181E-30, -2.442490654175355433E-15, 1.000000000000000000 ) ) ;
#687 = DIRECTION ( 'NONE',  ( -1.000000000000000000, 2.168404344971009115E-16, 6.013716251349157964E-31 ) ) ;
#688 = ORIENTED_EDGE ( 'NONE', *, *, #3988, .T. ) ;
#689 = CARTESIAN_POINT ( 'NONE',  ( 8.000000000000007105, 5.356071321407137376, -1.249999999999999334 ) ) ;
#690 = CARTESIAN_POINT ( 'NONE',  ( 1.084564872665015223, -6.879379678278366050, 3.550306184718733604 ) ) ;
#691 = CARTESIAN_POINT ( 'NONE',  ( 2.700698378543284724E-17, -7.505553499465125178, 4.000000000000000000 ) ) ;
#692 = VERTEX_POINT ( 'NONE', #6741 ) ;
#693 = ORIENTED_EDGE ( 'NONE', *, *, #1741, .T. ) ;
#694 = ORIENTED_EDGE ( 'NONE', *, *, #7810, .F. ) ;
#695 = CYLINDRICAL_SURFACE ( 'NONE', #4856, 6.250000000000258460 ) ;
#696 = CARTESIAN_POINT ( 'NONE',  ( 2.105359703741795041, 9.982734612272835761, 0.6713310601063088301 ) ) ;
#697 = VERTEX_POINT ( 'NONE', #996 ) ;
#698 = CARTESIAN_POINT ( 'NONE',  ( 7.000000000000006217, 0.000000000000000000, 1.642146637880645005E-44 ) ) ;
#699 = CARTESIAN_POINT ( 'NONE',  ( 0.000000000000000000, 0.000000000000000000, 2.948417653125003035 ) ) ;
#700 = VERTEX_POINT ( 'NONE', #6237 ) ;
#701 = DIRECTION ( 'NONE',  ( 0.000000000000000000, -0.000000000000000000, 1.000000000000000000 ) ) ;
#702 = SHAPE_REPRESENTATION ( '000401.11.14 \X2\042804420443044604350440\X0\ \X2\041c\X0\16\X2\0445\X0\1,5', ( #1795 ), #8163 ) ;
#703 = VERTEX_POINT ( 'NONE', #2892 ) ;
#704 = DIRECTION ( 'NONE',  ( 1.000000000000000000, -0.000000000000000000, -0.000000000000000000 ) ) ;
#705 = UNCERTAINTY_MEASURE_WITH_UNIT (LENGTH_MEASURE( 1.000000000000000082E-05 ), #2391, 'distance_accuracy_value', 'NONE');
#706 = SHAPE_REPRESENTATION_RELATIONSHIP ( 'NONE' , 'NONE' ,  #1939, #7132 ) ;
#707 = AXIS2_PLACEMENT_3D ( 'NONE', #599, #1922, #565 ) ;
#708 = CARTESIAN_POINT ( 'NONE',  ( -2.050000000000000711, 9.000000000000001776, 2.049999999999999822 ) ) ;
#709 = ORIENTED_EDGE ( 'NONE', *, *, #8092, .F. ) ;
#710 = CARTESIAN_POINT ( 'NONE',  ( 10.82531754730547924, 3.500000000000201172, -5.178078794302128252 ) ) ;
#711 = CARTESIAN_POINT ( 'NONE',  ( 4.317457269925936814, 9.028965068475375944, -38.52818898799626623 ) ) ;
#712 = CARTESIAN_POINT ( 'NONE',  ( 7.153354980384752260, 6.988510793923929043, -1.944225545024847790 ) ) ;
#713 = DIRECTION ( 'NONE',  ( -0.000000000000000000, -1.000000000000000000, -0.000000000000000000 ) ) ;
#714 = EDGE_CURVE ( 'NONE', #5018, #7868, #7075, .T. ) ;
#715 = DIRECTION ( 'NONE',  ( -1.000000000000000000, -2.536951011547150738E-31, -2.465190328815656637E-31 ) ) ;
#716 = DIRECTION ( 'NONE',  ( -1.000000000000000000, -2.536951011547150738E-31, -2.465190328815656637E-31 ) ) ;
#717 = DIRECTION ( 'NONE',  ( 1.000000000000000000, 0.000000000000000000, 0.000000000000000000 ) ) ;
#718 = CARTESIAN_POINT ( 'NONE',  ( 7.369639078480318517, 8.933757157871246690, 1.091783651647606934 ) ) ;
#719 = EDGE_CURVE ( 'NONE', #1879, #1844, #7898, .T. ) ;
#720 = CARTESIAN_POINT ( 'NONE',  ( -6.987694409035956511, 5.672183360664270424, -33.48002869463336850 ) ) ;
#721 = CARTESIAN_POINT ( 'NONE',  ( 103.0000000000000142, 0.000000000000000000, 0.000000000000000000 ) ) ;
#722 = EDGE_LOOP ( 'NONE', ( #604, #6084, #4348, #6158 ) ) ;
#723 = CARTESIAN_POINT ( 'NONE',  ( -9.000000000000000000, 0.000000000000000000, -22.00000000000000000 ) ) ;
#724 =( NAMED_UNIT ( * ) PLANE_ANGLE_UNIT ( ) SI_UNIT ( $, .RADIAN. ) );
#725 = EDGE_CURVE ( 'NONE', #2549, #2443, #467, .T. ) ;
#726 = FACE_OUTER_BOUND ( 'NONE', #1398, .T. ) ;
#727 = CARTESIAN_POINT ( 'NONE',  ( 4.000000000000003553, -8.500000000000101252, -17.00000000000002842 ) ) ;
#728 = VERTEX_POINT ( 'NONE', #1172 ) ;
#729 = VERTEX_POINT ( 'NONE', #1128 ) ;
#730 = EDGE_CURVE ( 'NONE', #287, #8373, #3838, .T. ) ;
#731 = VERTEX_POINT ( 'NONE', #1830 ) ;
#732 = CARTESIAN_POINT ( 'NONE',  ( 0.000000000000000000, 19.90000000000000213, 0.000000000000000000 ) ) ;
#733 = EDGE_CURVE ( 'NONE', #4805, #4041, #7084, .T. ) ;
#734 = DIRECTION ( 'NONE',  ( 0.8660254037844388186, -0.4999999999999998335, 0.000000000000000000 ) ) ;
#735 = ORIENTED_EDGE ( 'NONE', *, *, #6816, .T. ) ;
#736 = CARTESIAN_POINT ( 'NONE',  ( 0.000000000000000000, -8.500000000000028422, -5.267826876426413563 ) ) ;
#737 = CARTESIAN_POINT ( 'NONE',  ( 9.241980602932191147, -5.498161040970809488, 0.1633033339133383999 ) ) ;
#738 = VERTEX_POINT ( 'NONE', #1254 ) ;
#739 = CARTESIAN_POINT ( 'NONE',  ( 9.999999999999998224, -4.298348979092949662, -10.00000000000000711 ) ) ;
#740 = AXIS2_PLACEMENT_3D ( 'NONE', #553, #3178, #5760 ) ;
#741 = ORIENTED_EDGE ( 'NONE', *, *, #7738, .F. ) ;
#742 = CARTESIAN_POINT ( 'NONE',  ( -25.00000000000000000, 0.000000000000000000, 1.649999999999997691 ) ) ;
#743 = ADVANCED_FACE ( 'NONE', ( #3821, #8328 ), #6404, .T. ) ;
#744 = DIRECTION ( 'NONE',  ( -1.000000000000000000, -0.000000000000000000, -0.000000000000000000 ) ) ;
#745 = ORIENTED_EDGE ( 'NONE', *, *, #7300, .F. ) ;
#746 = DIRECTION ( 'NONE',  ( 0.000000000000000000, 0.000000000000000000, 1.000000000000000000 ) ) ;
#747 = EDGE_CURVE ( 'NONE', #5979, #3504, #117, .T. ) ;
#748 = CARTESIAN_POINT ( 'NONE',  ( 6.951946978929639975, 7.189382404875344967, -33.94409203079936788 ) ) ;
#749 = CARTESIAN_POINT ( 'NONE',  ( 7.006282421468424282, -8.967884144208831287, -0.7626789329311408627 ) ) ;
#750 = AXIS2_PLACEMENT_3D ( 'NONE', #5529, #971, #6171 ) ;
#751 = DIRECTION ( 'NONE',  ( -0.000000000000000000, -1.000000000000000000, -0.000000000000000000 ) ) ;
#752 = CARTESIAN_POINT ( 'NONE',  ( 7.230511773066869985, 0.9983612830470659505, -5.409880039061634172 ) ) ;
#753 = B_SPLINE_CURVE_WITH_KNOTS ( 'NONE', 3,
 ( #2282, #4530, #3013, #7110, #7023, #1656, #3852, #6432 ),
 .UNSPECIFIED., .F., .F.,
 ( 4, 2, 2, 4 ),
 ( 0.000000000000000000, 0.0004318798274324689803, 0.0006478197411487029555, 0.0008637596548649369849 ),
 .UNSPECIFIED. ) ;
#754 = PRODUCT_RELATED_PRODUCT_CATEGORY ( 'part', '', ( #457 ) ) ;
#755 = FACE_OUTER_BOUND ( 'NONE', #7069, .T. ) ;
#756 = CARTESIAN_POINT ( 'NONE',  ( 9.542893218813491174, -4.792893218813667922, -4.011318311110809276 ) ) ;
#757 = DIRECTION ( 'NONE',  ( 0.7071067811865473507, 2.795005096853062397E-15, 0.7071067811865477948 ) ) ;
#758 = DIRECTION ( 'NONE',  ( -1.000000000000000000, -2.536951011547150738E-31, -2.465190328815656637E-31 ) ) ;
#759 = AXIS2_PLACEMENT_3D ( 'NONE', #3990, #3871, #6577 ) ;
#760 = CARTESIAN_POINT ( 'NONE',  ( -4.340948735943060299, 7.894689343210237631, -27.49019235582434106 ) ) ;
#761 = CARTESIAN_POINT ( 'NONE',  ( 9.091375148114089200, 0.6310673174864361856, 5.465786354278511894 ) ) ;
#762 = DIRECTION ( 'NONE',  ( -1.000000000000000000, -0.000000000000000000, -0.000000000000000000 ) ) ;
#763 = VERTEX_POINT ( 'NONE', #4539 ) ;
#764 = CONTEXT_DEPENDENT_SHAPE_REPRESENTATION ( #3559, #6663 ) ;
#765 = DIRECTION ( 'NONE',  ( 0.000000000000000000, 1.000000000000000000, 0.000000000000000000 ) ) ;
#766 = COLOUR_RGB ( '',0.7921568627450980005, 0.8196078431372548767, 0.9333333333333333481 ) ;
#767 = DIRECTION ( 'NONE',  ( 1.000000000000000000, -0.000000000000000000, -0.000000000000000000 ) ) ;
#768 = AXIS2_PLACEMENT_3D ( 'NONE', #4117, #2930, #4162 ) ;
#769 = DIRECTION ( 'NONE',  ( 0.000000000000000000, -2.442490654175355433E-15, 1.000000000000000000 ) ) ;
#770 = CARTESIAN_POINT ( 'NONE',  ( 0.000000000000000000, 0.000000000000000000, 4.000000000000000000 ) ) ;
#771 = EDGE_LOOP ( 'NONE', ( #4276, #2942 ) ) ;
#772 = ADVANCED_FACE ( 'NONE', ( #3060, #1294 ), #3220, .F. ) ;
#773 = AXIS2_PLACEMENT_3D ( 'NONE', #7808, #5968, #4621 ) ;
#774 = EDGE_LOOP ( 'NONE', ( #2271, #316, #1403, #1697, #4383, #7274 ) ) ;
#775 = AXIS2_PLACEMENT_3D ( 'NONE', #1337, #2532, #3937 ) ;
#776 = EDGE_CURVE ( 'NONE', #4041, #5899, #7597, .T. ) ;
#777 = ADVANCED_FACE ( 'NONE', ( #1910 ), #6402, .F. ) ;
#778 = AXIS2_PLACEMENT_3D ( 'NONE', #6826, #7382, #201 ) ;
#779 = EDGE_CURVE ( 'NONE', #8372, #3678, #6714, .T. ) ;
#780 = ORIENTED_EDGE ( 'NONE', *, *, #2630, .T. ) ;
#781 = CARTESIAN_POINT ( 'NONE',  ( 7.669923532574166813, 5.364142583448790802, 1.216582398397191511 ) ) ;
#782 = AXIS2_PLACEMENT_3D ( 'NONE', #5758, #4494, #3930 ) ;
#783 = EDGE_LOOP ( 'NONE', ( #5444, #741 ) ) ;
#784 = AXIS2_PLACEMENT_3D ( 'NONE', #6720, #321, #4142 ) ;
#785 = FACE_OUTER_BOUND ( 'NONE', #7098, .T. ) ;
#786 = DIRECTION ( 'NONE',  ( 0.7071067811865470176, -2.708409491229514129E-15, -0.7071067811865479058 ) ) ;
#787 = ORIENTED_EDGE ( 'NONE', *, *, #6682, .T. ) ;
#788 = CARTESIAN_POINT ( 'NONE',  ( 3.535533905932737309, -9.354143466934864648, -3.535533905932725318 ) ) ;
#789 = EDGE_CURVE ( 'NONE', #5098, #6614, #4517, .T. ) ;
#790 = AXIS2_PLACEMENT_3D ( 'NONE', #4369, #374, #2485 ) ;
#791 = EDGE_LOOP ( 'NONE', ( #6329, #2121, #409, #916 ) ) ;
#792 = EDGE_CURVE ( 'NONE', #8209, #6297, #2339, .T. ) ;
#793 = CIRCLE ( 'NONE', #7062, 6.500000000000007994 ) ;
#794 = CARTESIAN_POINT ( 'NONE',  ( 8.769371524818881269, 0.9984919377889892589, -5.409859932881604827 ) ) ;
#795 = CARTESIAN_POINT ( 'NONE',  ( 5.291502622129182321, 6.000000000000389022, -6.480221748876153546E-16 ) ) ;
#796 = ORIENTED_EDGE ( 'NONE', *, *, #2730, .F. ) ;
#797 = CONICAL_SURFACE ( 'NONE', #2588, 2.499999999999997780, 1.029744258676653645 ) ;
#798 = DIRECTION ( 'NONE',  ( -1.000000000000000000, -2.536951011547150738E-31, -2.465190328815656637E-31 ) ) ;
#799 = VECTOR ( 'NONE', #7001, 1000.000000000000000 ) ;
#800 = DIRECTION ( 'NONE',  ( 1.898196553187937393E-30, 1.000000000000000000, -2.442490654175333739E-15 ) ) ;
#801 = DIRECTION ( 'NONE',  ( -2.469610187574633181E-30, -2.442490654175355433E-15, 1.000000000000000000 ) ) ;
#802 = CARTESIAN_POINT ( 'NONE',  ( 7.369781870675061519, -8.933764693387308498, 1.091704705556689525 ) ) ;
#803 = AXIS2_PLACEMENT_3D ( 'NONE', #4289, #6188, #8197 ) ;
#804 = CARTESIAN_POINT ( 'NONE',  ( 7.675119457310517923, -1.209808994298932960, -8.918330742228206987 ) ) ;
#805 = CARTESIAN_POINT ( 'NONE',  ( 9.814954576223639648, 8.900000000000002132, -3.622444160865513523E-15 ) ) ;
#806 = CONICAL_SURFACE ( 'NONE', #3014, 1.500000000000000000, 0.7853981633974513876 ) ;
#807 = DIRECTION ( 'NONE',  ( -0.8660254037844387076, -0.4999999999999998335, 0.000000000000000000 ) ) ;
#808 = DIRECTION ( 'NONE',  ( 0.000000000000000000, -2.442490654175355827E-15, 1.000000000000000000 ) ) ;
#809 = CARTESIAN_POINT ( 'NONE',  ( 29.34194592968716009, -6.500000000000460076, 4.564964068794300722 ) ) ;
#810 = CARTESIAN_POINT ( 'NONE',  ( 8.768288443049149450, -0.9993871814621797522, 8.945088872563880855 ) ) ;
#811 = FACE_OUTER_BOUND ( 'NONE', #5554, .T. ) ;
#812 = CARTESIAN_POINT ( 'NONE',  ( 6.999506666710774816, -0.7672471063175619888, 8.968001154830199440 ) ) ;
#813 = CARTESIAN_POINT ( 'NONE',  ( 10.24390062427396764, 6.147340725478926216E-14, 6.250000000000011546 ) ) ;
#815 = AXIS2_PLACEMENT_3D ( 'NONE', #3018, #8070, #2247 ) ;
#814 = PRODUCT_DEFINITION_FORMATION_WITH_SPECIFIED_SOURCE ( 'ANY', '', #5722, .NOT_KNOWN. ) ;
#816 = ORIENTED_EDGE ( 'NONE', *, *, #2633, .T. ) ;
#817 = CIRCLE ( 'NONE', #136, 4.500000000000000888 ) ;
#818 = CARTESIAN_POINT ( 'NONE',  ( 27.78946821373252618, -6.500000000000474287, -0.7141370769779018524 ) ) ;
#819 = CARTESIAN_POINT ( 'NONE',  ( 6.000000000000005329, 0.000000000000000000, 1.642146637880645005E-44 ) ) ;
#820 = DIRECTION ( 'NONE',  ( -1.000000000000000000, -2.536951011547150738E-31, -2.465190328815656637E-31 ) ) ;
#821 = ORIENTED_EDGE ( 'NONE', *, *, #6468, .F. ) ;
#822 = ITEM_DEFINED_TRANSFORMATION ( 'NONE', 'NONE', #8038,  #1795 ) ;
#823 = EDGE_CURVE ( 'NONE', #8214, #6384, #1243, .T. ) ;
#824 = VERTEX_POINT ( 'NONE', #1954 ) ;
#825 = ORIENTED_EDGE ( 'NONE', *, *, #7570, .F. ) ;
#826 = CYLINDRICAL_SURFACE ( 'NONE', #7165, 5.000000000000007105 ) ;
#827 = EDGE_CURVE ( 'NONE', #2212, #1117, #5986, .T. ) ;
#828 = DIRECTION ( 'NONE',  ( -0.9319698637570411615, 0.3625357541659617322, 0.000000000000000000 ) ) ;
#829 = EDGE_CURVE ( 'NONE', #4887, #6502, #513, .T. ) ;
#830 = EDGE_CURVE ( 'NONE', #6753, #4893, #4380, .T. ) ;
#831 = EDGE_CURVE ( 'NONE', #2733, #7367, #3069, .T. ) ;
#832 = DIRECTION ( 'NONE',  ( 2.469610187574633181E-30, 2.442490654175355433E-15, -1.000000000000000000 ) ) ;
#833 = DIRECTION ( 'NONE',  ( 0.000000000000000000, 0.000000000000000000, 1.000000000000000000 ) ) ;
#834 = ORIENTED_EDGE ( 'NONE', *, *, #7339, .T. ) ;
#835 = DIRECTION ( 'NONE',  ( 0.000000000000000000, 0.000000000000000000, -1.000000000000000000 ) ) ;
#836 = DIRECTION ( 'NONE',  ( 2.290883888735606645E-30, -2.442490654175355827E-15, 1.000000000000000000 ) ) ;
#837 = CARTESIAN_POINT ( 'NONE',  ( 9.814954576223639648, 8.900000000000002132, -3.622444160865513523E-15 ) ) ;
#838 = ADVANCED_FACE ( 'NONE', ( #1517 ), #4151, .F. ) ;
#839 = CARTESIAN_POINT ( 'NONE',  ( 7.173446884182419936, 0.9412508486153690068, 8.950832527418457474 ) ) ;
#840 = ORIENTED_EDGE ( 'NONE', *, *, #7040, .T. ) ;
#841 = EDGE_CURVE ( 'NONE', #385, #6510, #2615, .T. ) ;
#842 = DIRECTION ( 'NONE',  ( -0.000000000000000000, 1.000000000000000000, -0.000000000000000000 ) ) ;
#843 = EDGE_CURVE ( 'NONE', #2635, #3775, #6566, .T. ) ;
#844 = CARTESIAN_POINT ( 'NONE',  ( 0.5999999999999894307, -3.469446951953614189E-15, -4.814824860968089633E-30 ) ) ;
#845 = FACE_OUTER_BOUND ( 'NONE', #1969, .T. ) ;
#846 = CARTESIAN_POINT ( 'NONE',  ( 6.907681249650382327, -8.979242871438893658, 0.6294052568118516655 ) ) ;
#847 = VERTEX_POINT ( 'NONE', #635 ) ;
#848 = AXIS2_PLACEMENT_3D ( 'NONE', #1225, #3834, #5967 ) ;
#849 = ADVANCED_FACE ( 'NONE', ( #755 ), #7251, .F. ) ;
#850 = CARTESIAN_POINT ( 'NONE',  ( -1.754347681397912428E-16, -1.154700538379251240, -1.040577039435783835 ) ) ;
#851 = CARTESIAN_POINT ( 'NONE',  ( 8.000000000000007105, -1.250000000000017986, -5.356071321407132935 ) ) ;
#852 = CARTESIAN_POINT ( 'NONE',  ( 0.000000000000000000, 0.000000000000000000, -88.99999999999997158 ) ) ;
#853 = DIRECTION ( 'NONE',  ( -1.000000000000000000, -0.000000000000000000, -0.000000000000000000 ) ) ;
#854 = ADVANCED_FACE ( 'NONE', ( #1341, #7930 ), #4108, .F. ) ;
#855 = FACE_OUTER_BOUND ( 'NONE', #7614, .T. ) ;
#856 = CARTESIAN_POINT ( 'NONE',  ( 8.628907163867097552, -1.092471504805553995, 8.933669813957640926 ) ) ;
#857 = CARTESIAN_POINT ( 'NONE',  ( -6.900837356063434846, 5.777880602106622909, -31.80265625147074715 ) ) ;
#858 = DIRECTION ( 'NONE',  ( -0.8660254037844385966, 0.000000000000000000, 0.5000000000000003331 ) ) ;
#859 = CARTESIAN_POINT ( 'NONE',  ( -2.487145164873209191E-18, 1.154700538379252350, -1.040000000000000036 ) ) ;
#860 = ORIENTED_EDGE ( 'NONE', *, *, #2562, .F. ) ;
#861 = PRESENTATION_LAYER_ASSIGNMENT (  '', '', ( #6027 ) ) ;
#862 = EDGE_CURVE ( 'NONE', #7240, #8088, #7162, .T. ) ;
#863 = APPLICATION_CONTEXT ( 'automotive_design' ) ;
#864 = DIRECTION ( 'NONE',  ( 2.958228394578779381E-31, 3.830269434956790853E-15, 1.000000000000000000 ) ) ;
#865 = CARTESIAN_POINT ( 'NONE',  ( 2.583383386685523142, -9.661425981689655273, -2.229008301899380040 ) ) ;
#866 = CARTESIAN_POINT ( 'NONE',  ( -1.000000000000000444, -0.1949358352418253948, -1.129893436912941196 ) ) ;
#867 = EDGE_LOOP ( 'NONE', ( #5476, #3851, #269, #1703 ) ) ;
#868 = ORIENTED_EDGE ( 'NONE', *, *, #5321, .F. ) ;
#869 = ORIENTED_EDGE ( 'NONE', *, *, #6608, .T. ) ;
#870 = CARTESIAN_POINT ( 'NONE',  ( 6.999887880886154434, 0.7675711240191982476, 5.447443945022558687 ) ) ;
#871 = VERTEX_POINT ( 'NONE', #3386 ) ;
#872 = CARTESIAN_POINT ( 'NONE',  ( -11.64999999999999858, 8.077146213186002637E-14, -43.00000000000000000 ) ) ;
#873 = CARTESIAN_POINT ( 'NONE',  ( 10.62844316719102089, -4.345180154673698780, 4.492791817759882456 ) ) ;
#874 = DIRECTION ( 'NONE',  ( 0.000000000000000000, 1.000000000000000000, 0.000000000000000000 ) ) ;
#875 = ORIENTED_EDGE ( 'NONE', *, *, #8227, .F. ) ;
#876 = CYLINDRICAL_SURFACE ( 'NONE', #4622, 1.500000000000000000 ) ;
#877 = EDGE_LOOP ( 'NONE', ( #2087, #2054, #8186, #5453 ) ) ;
#878 = CARTESIAN_POINT ( 'NONE',  ( 0.000000000000000000, 0.000000000000000000, 0.000000000000000000 ) ) ;
#879 = DIRECTION ( 'NONE',  ( 1.000000000000000000, 0.000000000000000000, 0.000000000000000000 ) ) ;
#880 = DIRECTION ( 'NONE',  ( 0.000000000000000000, 0.000000000000000000, -0.9999999999999995559 ) ) ;
#881 = DIRECTION ( 'NONE',  ( -0.000000000000000000, -0.000000000000000000, 1.000000000000000000 ) ) ;
#882 = EDGE_LOOP ( 'NONE', ( #6180, #135 ) ) ;
#883 = CARTESIAN_POINT ( 'NONE',  ( 1.076926658619640653, 6.883789603213615216, 0.4512145814546238975 ) ) ;
#884 = PRODUCT_DEFINITION_SHAPE ( 'NONE', 'NONE',  #2127 ) ;
#885 = VERTEX_POINT ( 'NONE', #5337 ) ;
#886 = CARTESIAN_POINT ( 'NONE',  ( 0.4736682493084644063, 9.991596185262178409, -39.98801069561746147 ) ) ;
#887 = CARTESIAN_POINT ( 'NONE',  ( 3.788302203612527563, 8.166467967018467888, -27.10940017524760393 ) ) ;
#888 = CARTESIAN_POINT ( 'NONE',  ( 8.000000000000007105, -8.912771734987943617, 1.249999999999999334 ) ) ;
#889 = ADVANCED_FACE ( 'NONE', ( #1430 ), #5370, .T. ) ;
#890 = ORIENTED_EDGE ( 'NONE', *, *, #7161, .T. ) ;
#891 = ADVANCED_FACE ( 'NONE', ( #7844 ), #6448, .F. ) ;
#892 = ADVANCED_FACE ( 'NONE', ( #64 ), #163, .T. ) ;
#893 = DIRECTION ( 'NONE',  ( 0.000000000000000000, 0.000000000000000000, 1.000000000000000000 ) ) ;
#894 = LINE ( 'NONE', #805, #926 ) ;
#895 = LINE ( 'NONE', #5544, #4752 ) ;
#896 = CARTESIAN_POINT ( 'NONE',  ( -9.872846609701964482, -1.589755443951255565, -42.79125202171505293 ) ) ;
#897 = DIRECTION ( 'NONE',  ( -1.000000000000000000, 0.000000000000000000, 0.000000000000000000 ) ) ;
#898 = ADVANCED_FACE ( 'NONE', ( #7964, #1986 ), #4015, .T. ) ;
#899 = EDGE_CURVE ( 'NONE', #2494, #970, #4956, .T. ) ;
#900 = CARTESIAN_POINT ( 'NONE',  ( 10.24390062427396764, -6.070800307532110882E-14, -6.250000000000011546 ) ) ;
#901 = AXIS2_PLACEMENT_3D ( 'NONE', #732, #1447, #3959 ) ;
#902 = TOROIDAL_SURFACE ( 'NONE', #3096, 6.250000000000009770, 1.999999999999995781 ) ;
#903 = EDGE_CURVE ( 'NONE', #3922, #3842, #7534, .T. ) ;
#904 = DIRECTION ( 'NONE',  ( 1.000000000000000000, 2.536951011547129719E-31, -2.958228394578789015E-31 ) ) ;
#905 = DIRECTION ( 'NONE',  ( -0.7071067811865417996, 0.000000000000000000, 0.7071067811865531239 ) ) ;
#906 = EDGE_CURVE ( 'NONE', #3504, #5979, #3474, .T. ) ;
#907 = CARTESIAN_POINT ( 'NONE',  ( 8.082457801368690298, -1.249999999999981792, 5.356071321407159580 ) ) ;
#908 = VERTEX_POINT ( 'NONE', #5292 ) ;
#909 =( NAMED_UNIT ( * ) PLANE_ANGLE_UNIT ( ) SI_UNIT ( $, .RADIAN. ) );
#910 = CIRCLE ( 'NONE', #5265, 4.500000000000000888 ) ;
#911 = DIRECTION ( 'NONE',  ( -1.000000000000000000, -2.536951011547150738E-31, -2.465190328815656637E-31 ) ) ;
#912 = AXIS2_PLACEMENT_3D ( 'NONE', #924, #6127, #272 ) ;
#913 = FACE_OUTER_BOUND ( 'NONE', #771, .T. ) ;
#914 = CARTESIAN_POINT ( 'NONE',  ( 10.10878330957787341, -4.500000000000210498, -4.337337893224481711 ) ) ;
#915 = ORIENTED_EDGE ( 'NONE', *, *, #1068, .F. ) ;
#916 = ORIENTED_EDGE ( 'NONE', *, *, #7708, .F. ) ;
#917 = ORIENTED_EDGE ( 'NONE', *, *, #827, .F. ) ;
#918 = FACE_OUTER_BOUND ( 'NONE', #4525, .T. ) ;
#919 = APPLICATION_CONTEXT ( 'automotive_design' ) ;
#920 = ORIENTED_EDGE ( 'NONE', *, *, #6991, .F. ) ;
#921 = AXIS2_PLACEMENT_3D ( 'NONE', #6211, #5033, #1678 ) ;
#922 = VECTOR ( 'NONE', #6819, 1000.000000000000000 ) ;
#923 = DIRECTION ( 'NONE',  ( 1.000000000000000000, 0.000000000000000000, 0.000000000000000000 ) ) ;
#924 = CARTESIAN_POINT ( 'NONE',  ( 82.99999999999998579, 0.000000000000000000, 0.000000000000000000 ) ) ;
#925 = ORIENTED_EDGE ( 'NONE', *, *, #5790, .F. ) ;
#926 = VECTOR ( 'NONE', #751, 1000.000000000000000 ) ;
#927 = ORIENTED_EDGE ( 'NONE', *, *, #1160, .T. ) ;
#928 = CYLINDRICAL_SURFACE ( 'NONE', #2679, 12.00000000000000000 ) ;
#929 = B_SPLINE_CURVE_WITH_KNOTS ( 'NONE', 3,
 ( #8107, #907, #1658, #3526, #7420, #6054, #256, #4204, #4067, #5972, #6106, #953 ),
 .UNSPECIFIED., .F., .F.,
 ( 4, 2, 2, 2, 2, 4 ),
 ( 0.005881348478988268971, 0.006126278236173432132, 0.006371207993358594425, 0.006861067507728919011, 0.007350927022099244465, 0.007840786536469569051 ),
 .UNSPECIFIED. ) ;
#930 =( LENGTH_UNIT ( ) NAMED_UNIT ( * ) SI_UNIT ( .MILLI., .METRE. ) );
#931 = AXIS2_PLACEMENT_3D ( 'NONE', #131, #48, #4562 ) ;
#932 = CARTESIAN_POINT ( 'NONE',  ( 6.999999999999999112, 3.061616997868383141E-16, -2.250000000000000000 ) ) ;
#933 = ORIENTED_EDGE ( 'NONE', *, *, #6595, .T. ) ;
#934 = CARTESIAN_POINT ( 'NONE',  ( -2.218671295934087645E-30, -2.780853566281545920E-14, -7.500000000000009770 ) ) ;
#935 = AXIS2_PLACEMENT_3D ( 'NONE', #5638, #2575, #2410 ) ;
#936 = DIRECTION ( 'NONE',  ( -0.000000000000000000, -0.000000000000000000, 1.000000000000000000 ) ) ;
#937 = VERTEX_POINT ( 'NONE', #2074 ) ;
#938 = CARTESIAN_POINT ( 'NONE',  ( 2.316105786581697412, 9.730782946235688513, -26.39010120493528433 ) ) ;
#939 = CARTESIAN_POINT ( 'NONE',  ( 7.834643852168686529, -8.912771734987941841, 1.249999999999999334 ) ) ;
#940 = AXIS2_PLACEMENT_3D ( 'NONE', #1976, #4528, #1239 ) ;
#941 = ORIENTED_EDGE ( 'NONE', *, *, #4012, .F. ) ;
#942 = CONICAL_SURFACE ( 'NONE', #3679, 5.500000000000006217, 0.7853981633974479459 ) ;
#943 = DIRECTION ( 'NONE',  ( -2.469610187574633181E-30, -2.442490654175355433E-15, 1.000000000000000000 ) ) ;
#944 = CARTESIAN_POINT ( 'NONE',  ( -1.922848456476209269E-30, -2.489675132721917960E-14, -6.500000000000008882 ) ) ;
#945 = CARTESIAN_POINT ( 'NONE',  ( -4.907477288111826041, 8.900000000000002132, -8.500000000000017764 ) ) ;
#946 = DIRECTION ( 'NONE',  ( -1.000000000000000000, -1.719470254348916462E-30, 2.290883888735602091E-30 ) ) ;
#947 = CYLINDRICAL_SURFACE ( 'NONE', #1364, 10.00000000000000000 ) ;
#948 = AXIS2_PLACEMENT_3D ( 'NONE', #2886, #5298, #2243 ) ;
#949 = CARTESIAN_POINT ( 'NONE',  ( 0.000000000000000000, 0.000000000000000000, 45.00000000000000000 ) ) ;
#950 =( GEOMETRIC_REPRESENTATION_CONTEXT ( 3 ) GLOBAL_UNCERTAINTY_ASSIGNED_CONTEXT ( ( #6433 ) ) GLOBAL_UNIT_ASSIGNED_CONTEXT ( ( #1145, #443, #1057 ) ) REPRESENTATION_CONTEXT ( 'NONE', 'WORKASPACE' ) );
#951 = FACE_OUTER_BOUND ( 'NONE', #5164, .T. ) ;
#952 = CARTESIAN_POINT ( 'NONE',  ( -2.050000000000000711, 9.000000000000001776, -2.049999999999999822 ) ) ;
#953 = CARTESIAN_POINT ( 'NONE',  ( 9.250000000000008882, 2.106648189226238322E-14, 5.500000000000006217 ) ) ;
#954 = ADVANCED_FACE ( 'NONE', ( #331 ), #5405, .F. ) ;
#955 = ORIENTED_EDGE ( 'NONE', *, *, #1068, .T. ) ;
#956 = DIRECTION ( 'NONE',  ( 0.000000000000000000, 0.000000000000000000, 1.000000000000000000 ) ) ;
#957 = DIRECTION ( 'NONE',  ( -1.898196553187937393E-30, -1.000000000000000000, 2.442490654175333739E-15 ) ) ;
#958 = CARTESIAN_POINT ( 'NONE',  ( 2.233815411304877596, -9.747539722644727789, 1.308069844642584911 ) ) ;
#959 = LINE ( 'NONE', #1613, #2021 ) ;
#960 = VERTEX_POINT ( 'NONE', #4155 ) ;
#961 = EDGE_LOOP ( 'NONE', ( #7787, #2915, #4601, #4232 ) ) ;
#962 = CARTESIAN_POINT ( 'NONE',  ( 7.918188765299006171, 1.250000000000017542, 5.356071321407132046 ) ) ;
#963 =( GEOMETRIC_REPRESENTATION_CONTEXT ( 3 ) GLOBAL_UNCERTAINTY_ASSIGNED_CONTEXT ( ( #6948 ) ) GLOBAL_UNIT_ASSIGNED_CONTEXT ( ( #7979, #4628, #6700 ) ) REPRESENTATION_CONTEXT ( 'NONE', 'WORKASPACE' ) );
#964 = ORIENTED_EDGE ( 'NONE', *, *, #2672, .T. ) ;
#965 = EDGE_CURVE ( 'NONE', #1445, #4234, #2962, .T. ) ;
#966 = APPLICATION_PROTOCOL_DEFINITION ( 'draft international standard', 'automotive_design', 1998, #4209 ) ;
#967 = CARTESIAN_POINT ( 'NONE',  ( 10.84042011216706491, -4.067354563500486186, 4.747304410713974576 ) ) ;
#968 = DIRECTION ( 'NONE',  ( -0.000000000000000000, -0.000000000000000000, 1.000000000000000000 ) ) ;
#969 = EDGE_LOOP ( 'NONE', ( #869, #3752, #3552, #3910, #4115, #7389 ) ) ;
#970 = VERTEX_POINT ( 'NONE', #6145 ) ;
#971 = DIRECTION ( 'NONE',  ( 1.000000000000000000, 0.000000000000000000, -0.000000000000000000 ) ) ;
#972 = CARTESIAN_POINT ( 'NONE',  ( 36.00000000000000711, 1.074695887837210822E-14, -4.400000000000182432 ) ) ;
#973 = EDGE_LOOP ( 'NONE', ( #8033, #4547, #1747, #2057 ) ) ;
#974 = DIRECTION ( 'NONE',  ( 0.000000000000000000, 1.000000000000000000, 0.000000000000000000 ) ) ;
#975 = CYLINDRICAL_SURFACE ( 'NONE', #6699, 1.000000000000000888 ) ;
#976 = VERTEX_POINT ( 'NONE', #1690 ) ;
#977 = CARTESIAN_POINT ( 'NONE',  ( 1.868062541291066081, 9.826638545464756902, -26.24978145261501083 ) ) ;
#978 = CYLINDRICAL_SURFACE ( 'NONE', #5434, 1.249999999999999334 ) ;
#979 = ORIENTED_EDGE ( 'NONE', *, *, #3579, .T. ) ;
#980 = APPLICATION_CONTEXT ( 'automotive_design' ) ;
#981 = CARTESIAN_POINT ( 'NONE',  ( 0.000000000000000000, 0.000000000000000000, -2.500000000000000000 ) ) ;
#982 = CARTESIAN_POINT ( 'NONE',  ( 0.000000000000000000, -5.807821048680185783, 5.200000000000000178 ) ) ;
#983 = DIRECTION ( 'NONE',  ( -1.000000000000000000, -0.000000000000000000, -0.000000000000000000 ) ) ;
#984 = DIRECTION ( 'NONE',  ( -1.000000000000000000, -0.000000000000000000, -0.000000000000000000 ) ) ;
#985 = EDGE_CURVE ( 'NONE', #3246, #6544, #6489, .T. ) ;
#986 = CARTESIAN_POINT ( 'NONE',  ( 2.332004626888954046, -9.871491807957745834, 1.627267881514648407 ) ) ;
#987 = DIRECTION ( 'NONE',  ( -1.000000000000000000, -2.536951011547150738E-31, -2.465190328815656637E-31 ) ) ;
#988 =( BOUNDED_CURVE ( )  B_SPLINE_CURVE ( 3, ( #4090, #739, #4042, #788 ),
 .UNSPECIFIED., .F., .T. ) 
 B_SPLINE_CURVE_WITH_KNOTS ( ( 4, 4 ),
 ( 3.141592653589793116, 4.351021856477983007 ),
 .UNSPECIFIED. ) 
 CURVE ( )  GEOMETRIC_REPRESENTATION_ITEM ( )  RATIONAL_B_SPLINE_CURVE ( ( 1.000000000000000000, 0.8817762586720239160, 0.8817762586720239160, 1.000000000000000000 ) ) 
 REPRESENTATION_ITEM ( '' )  );
#989 = CARTESIAN_POINT ( 'NONE',  ( -9.000000000000000000, 0.000000000000000000, -22.00000000000000000 ) ) ;
#990 = CARTESIAN_POINT ( 'NONE',  ( 0.000000000000000000, 0.000000000000000000, 2.948417653125003035 ) ) ;
#991 = CARTESIAN_POINT ( 'NONE',  ( 6.750000000000007994, -3.337024278192423801E-14, -9.000000000000000000 ) ) ;
#992 = AXIS2_PLACEMENT_3D ( 'NONE', #1093, #3706, #2128 ) ;
#993 = EDGE_CURVE ( 'NONE', #3908, #3082, #4867, .T. ) ;
#994 = ORIENTED_EDGE ( 'NONE', *, *, #6708, .F. ) ;
#995 = CARTESIAN_POINT ( 'NONE',  ( 20.00000000000000000, 0.000000000000000000, 0.000000000000000000 ) ) ;
#996 = CARTESIAN_POINT ( 'NONE',  ( 14.00000000000001243, -3.225790136886593078E-14, -8.400000000000000355 ) ) ;
#997 = CARTESIAN_POINT ( 'NONE',  ( 8.835786437626946821, 4.500000000000124345, 4.337337893224499474 ) ) ;
#998 = CARTESIAN_POINT ( 'NONE',  ( 0.000000000000000000, -4.500000000000192735, -4.337337893224545660 ) ) ;
#999 = ORIENTED_EDGE ( 'NONE', *, *, #2012, .T. ) ;
#1000 = EDGE_CURVE ( 'NONE', #8292, #2399, #6857, .T. ) ;
#1001 = VERTEX_POINT ( 'NONE', #2323 ) ;
#1002 = DIRECTION ( 'NONE',  ( 0.000000000000000000, 0.000000000000000000, 1.000000000000000000 ) ) ;
#1003 = ORIENTED_EDGE ( 'NONE', *, *, #862, .F. ) ;
#1004 = APPLICATION_PROTOCOL_DEFINITION ( 'draft international standard', 'automotive_design', 1998, #1766 ) ;
#1005 = EDGE_CURVE ( 'NONE', #3908, #3285, #1053, .T. ) ;
#1006 = DIRECTION ( 'NONE',  ( -0.8660254037844384856, 0.5000000000000002220, 0.000000000000000000 ) ) ;
#1007 = CARTESIAN_POINT ( 'NONE',  ( 9.000000000000000000, 1.102182119232617714E-15, -22.00000000000000000 ) ) ;
#1008 = EDGE_LOOP ( 'NONE', ( #1679, #166 ) ) ;
#1009 = EDGE_CURVE ( 'NONE', #8162, #5567, #7456, .T. ) ;
#1010 = EDGE_CURVE ( 'NONE', #2808, #3411, #5811, .T. ) ;
#1011 = ORIENTED_EDGE ( 'NONE', *, *, #2629, .F. ) ;
#1012 = CARTESIAN_POINT ( 'NONE',  ( 0.9999999999999995559, 0.5773502691896269523, -1.040000000000000036 ) ) ;
#1013 =( NAMED_UNIT ( * ) SI_UNIT ( $, .STERADIAN. ) SOLID_ANGLE_UNIT ( ) );
#1014 = EDGE_LOOP ( 'NONE', ( #465, #132, #7149, #7560 ) ) ;
#1015 = DIRECTION ( 'NONE',  ( 2.469610187574633532E-30, 2.458739416553556536E-15, -1.000000000000000000 ) ) ;
#1016 = EDGE_LOOP ( 'NONE', ( #4509, #6587, #3484, #4800 ) ) ;
#1017 = DIRECTION ( 'NONE',  ( -1.000000000000000000, 0.000000000000000000, 0.000000000000000000 ) ) ;
#1018 = ORIENTED_EDGE ( 'NONE', *, *, #1132, .F. ) ;
#1019 = DIRECTION ( 'NONE',  ( -0.5150380749100560429, 0.000000000000000000, 0.8571673007021112234 ) ) ;
#1020 = ADVANCED_FACE ( 'NONE', ( #2365 ), #5007, .F. ) ;
#1021 = VERTEX_POINT ( 'NONE', #5592 ) ;
#1022 = DIRECTION ( 'NONE',  ( 0.000000000000000000, 0.000000000000000000, 1.000000000000000000 ) ) ;
#1023 = CARTESIAN_POINT ( 'NONE',  ( -3.802141827538302543, 5.310385891838774519, 0.2686961928208841943 ) ) ;
#1024 = CARTESIAN_POINT ( 'NONE',  ( 0.000000000000000000, 0.000000000000000000, 0.000000000000000000 ) ) ;
#1025 = CARTESIAN_POINT ( 'NONE',  ( -9.903381751720409909, -1.387967880134721055, -43.80276459261346389 ) ) ;
#1026 = CARTESIAN_POINT ( 'NONE',  ( 0.000000000000000000, 0.000000000000000000, 0.000000000000000000 ) ) ;
#1027 = EDGE_CURVE ( 'NONE', #5029, #8218, #211, .T. ) ;
#1028 = DIRECTION ( 'NONE',  ( -0.000000000000000000, -0.000000000000000000, 1.000000000000000000 ) ) ;
#1029 =( REPRESENTATION_RELATIONSHIP ('NONE','NONE', #7686, #6582 ) REPRESENTATION_RELATIONSHIP_WITH_TRANSFORMATION ( #5690 )SHAPE_REPRESENTATION_RELATIONSHIP( ) );
#1030 = CARTESIAN_POINT ( 'NONE',  ( 29.14200320212126627, -6.500000000000484057, -4.328820317928218309 ) ) ;
#1031 = CARTESIAN_POINT ( 'NONE',  ( 4.000000000000003553, -8.500000000000007105, 5.267826876426333627 ) ) ;
#1032 = EDGE_CURVE ( 'NONE', #3045, #4563, #8243, .T. ) ;
#1033 = DIRECTION ( 'NONE',  ( -1.000000000000000000, -0.000000000000000000, -0.000000000000000000 ) ) ;
#1034 = EDGE_LOOP ( 'NONE', ( #4882, #5872, #5481, #4394 ) ) ;
#1035 = CARTESIAN_POINT ( 'NONE',  ( -2.050000000000000711, 9.000000000000001776, -2.549999999999999822 ) ) ;
#1036 = DIRECTION ( 'NONE',  ( 0.000000000000000000, 0.000000000000000000, -1.000000000000000000 ) ) ;
#1037 = AXIS2_PLACEMENT_3D ( 'NONE', #228, #6035, #879 ) ;
#1038 = VECTOR ( 'NONE', #399, 1000.000000000000000 ) ;
#1039 = FACE_BOUND ( 'NONE', #5616, .T. ) ;
#1040 = CARTESIAN_POINT ( 'NONE',  ( 0.9999999999999995559, -0.1949358352418257834, -1.129893436912941640 ) ) ;
#1041 = EDGE_LOOP ( 'NONE', ( #4841, #3539, #13, #890 ) ) ;
#1042 = SHAPE_REPRESENTATION ( '\X2\041f042204130426\X0\.000401.11.02_0..20', ( #7473, #7205, #1646 ), #2874 ) ;
#1043 = CARTESIAN_POINT ( 'NONE',  ( 0.000000000000000000, 0.000000000000000000, 0.000000000000000000 ) ) ;
#1044 = EDGE_LOOP ( 'NONE', ( #1374, #5662 ) ) ;
#1045 = CARTESIAN_POINT ( 'NONE',  ( 0.000000000000000000, 0.000000000000000000, 0.000000000000000000 ) ) ;
#1046 = ORIENTED_EDGE ( 'NONE', *, *, #4924, .F. ) ;
#1047 = PRODUCT_CONTEXT ( 'NONE', #5503, 'mechanical' ) ;
#1048 = PLANE ( 'NONE',  #5258 ) ;
#1049 = CARTESIAN_POINT ( 'NONE',  ( -6.761454996973023768, 7.368839572955796946, -34.87235635296973868 ) ) ;
#1050 = ORIENTED_EDGE ( 'NONE', *, *, #146, .T. ) ;
#1051 = EDGE_CURVE ( 'NONE', #7582, #5266, #7016, .T. ) ;
#1052 = EDGE_CURVE ( 'NONE', #6753, #3402, #5141, .T. ) ;
#1053 = CIRCLE ( 'NONE', #4729, 6.000000000000000000 ) ;
#1054 = ORIENTED_EDGE ( 'NONE', *, *, #3412, .T. ) ;
#1055 = VECTOR ( 'NONE', #2712, 1000.000000000000114 ) ;
#1056 = CARTESIAN_POINT ( 'NONE',  ( 6.953439771318777218, -7.186864147912678469, -0.9866097228248007500 ) ) ;
#1057 =( NAMED_UNIT ( * ) SI_UNIT ( $, .STERADIAN. ) SOLID_ANGLE_UNIT ( ) );
#1058 = AXIS2_PLACEMENT_3D ( 'NONE', #4895, #4400, #4436 ) ;
#1059 = ORIENTED_EDGE ( 'NONE', *, *, #5123, .T. ) ;
#1060 = EDGE_CURVE ( 'NONE', #3985, #6557, #354, .T. ) ;
#1061 = CARTESIAN_POINT ( 'NONE',  ( -6.500000000000000888, 3.752776749732670947, 3.315247287287404809 ) ) ;
#1062 = CIRCLE ( 'NONE', #6083, 8.500000000000351719 ) ;
#1063 = EDGE_CURVE ( 'NONE', #576, #5305, #3695, .T. ) ;
#1064 = CARTESIAN_POINT ( 'NONE',  ( 0.000000000000000000, 0.000000000000000000, -22.00000000000000000 ) ) ;
#1065 = ORIENTED_EDGE ( 'NONE', *, *, #5850, .F. ) ;
#1066 = LINE ( 'NONE', #6178, #5032 ) ;
#1067 = CIRCLE ( 'NONE', #5822, 0.5000000000000000000 ) ;
#1068 = EDGE_CURVE ( 'NONE', #4710, #7868, #4412, .T. ) ;
#1069 = ORIENTED_EDGE ( 'NONE', *, *, #2315, .F. ) ;
#1070 = CONICAL_SURFACE ( 'NONE', #506, 1.649999999999997025, 1.029744258676652313 ) ;
#1071 = UNCERTAINTY_MEASURE_WITH_UNIT (LENGTH_MEASURE( 1.000000000000000082E-05 ), #4007, 'distance_accuracy_value', 'NONE');
#1072 = AXIS2_PLACEMENT_3D ( 'NONE', #3263, #1292, #63 ) ;
#1073 = SURFACE_STYLE_USAGE ( .BOTH. , #4281 ) ;
#1074 = CARTESIAN_POINT ( 'NONE',  ( -6.500000000000000888, 3.752776749732665174, 0.6847527127126029622 ) ) ;
#1075 = CARTESIAN_POINT ( 'NONE',  ( -9.987157199818417652, 0.5158452565802414957, -44.51818425114920075 ) ) ;
#1076 = DIRECTION ( 'NONE',  ( -1.000000000000000000, -0.000000000000000000, -0.000000000000000000 ) ) ;
#1077 = CIRCLE ( 'NONE', #931, 3.999999999999988010 ) ;
#1078 = DIRECTION ( 'NONE',  ( 1.898196553187937393E-30, 1.000000000000000000, -2.442490654175333739E-15 ) ) ;
#1079 = AXIS2_PLACEMENT_3D ( 'NONE', #7882, #8003, #6000 ) ;
#1080 = DIRECTION ( 'NONE',  ( -0.000000000000000000, -1.000000000000000000, -0.000000000000000000 ) ) ;
#1081 = AXIS2_PLACEMENT_3D ( 'NONE', #3639, #8316, #7024 ) ;
#1082 = CARTESIAN_POINT ( 'NONE',  ( 0.9999999999999995559, 0.4840107305452271413, -1.067521843316975083 ) ) ;
#1083 = CARTESIAN_POINT ( 'NONE',  ( 3.535533905932738197, 9.354143466934859319, 3.535533905932752852 ) ) ;
#1084 = EDGE_LOOP ( 'NONE', ( #125, #6572, #1103, #8326, #7874, #1533, #4590, #3956, #2299, #6628, #2176, #3091 ) ) ;
#1085 = CARTESIAN_POINT ( 'NONE',  ( 30.41421356237311713, 6.500000000000384581, -5.080600358225544788 ) ) ;
#1086 = CIRCLE ( 'NONE', #6931, 8.500000000000351719 ) ;
#1087 = CARTESIAN_POINT ( 'NONE',  ( 6.999999999999999112, 0.000000000000000000, 2.750000000000000000 ) ) ;
#1088 = CONICAL_SURFACE ( 'NONE', #6933, 4.600000000000005862, 0.7853981633974481680 ) ;
#1089 = DIRECTION ( 'NONE',  ( -1.000000000000000000, 0.000000000000000000, 0.000000000000000000 ) ) ;
#1090 = CARTESIAN_POINT ( 'NONE',  ( 6.055495054513598596, 6.665703020211321217, -36.53835352408876247 ) ) ;
#1091 = ORIENTED_EDGE ( 'NONE', *, *, #7557, .T. ) ;
#1092 =( GEOMETRIC_REPRESENTATION_CONTEXT ( 3 ) GLOBAL_UNCERTAINTY_ASSIGNED_CONTEXT ( ( #4409 ) ) GLOBAL_UNIT_ASSIGNED_CONTEXT ( ( #2867, #8086, #5493 ) ) REPRESENTATION_CONTEXT ( 'NONE', 'WORKASPACE' ) );
#1093 = CARTESIAN_POINT ( 'NONE',  ( 0.000000000000000000, 0.000000000000000000, -45.00000000000000000 ) ) ;
#1094 = ORIENTED_EDGE ( 'NONE', *, *, #3830, .T. ) ;
#1095 = DIRECTION ( 'NONE',  ( -1.224646799147438749E-16, -2.442490654175333739E-15, -1.000000000000000000 ) ) ;
#1096 = ORIENTED_EDGE ( 'NONE', *, *, #2022, .T. ) ;
#1097 = SHAPE_DEFINITION_REPRESENTATION ( #1796, #3626 ) ;
#1098 = CARTESIAN_POINT ( 'NONE',  ( 6.500000000000000888, -3.133092010741303390, 0.5564118010697869376 ) ) ;
#1099 = DIRECTION ( 'NONE',  ( -0.000000000000000000, 1.000000000000000000, -0.000000000000000000 ) ) ;
#1100 = ORIENTED_EDGE ( 'NONE', *, *, #7422, .F. ) ;
#1101 = B_SPLINE_CURVE_WITH_KNOTS ( 'NONE', 3,
 ( #611, #448, #1237, #1768 ),
 .UNSPECIFIED., .F., .F.,
 ( 4, 4 ),
 ( 0.02895711446831350164, 0.03035785362582676256 ),
 .UNSPECIFIED. ) ;
#1102 = EDGE_CURVE ( 'NONE', #6719, #5018, #2403, .T. ) ;
#1103 = ORIENTED_EDGE ( 'NONE', *, *, #1288, .T. ) ;
#1104 = ORIENTED_EDGE ( 'NONE', *, *, #5159, .F. ) ;
#1105 = CARTESIAN_POINT ( 'NONE',  ( 9.953987349907574611, -0.9899047960333208218, 7.186422921035067191 ) ) ;
#1106 = EDGE_CURVE ( 'NONE', #6245, #1362, #1519, .T. ) ;
#1107 = PLANE ( 'NONE',  #1058 ) ;
#1108 = ORIENTED_EDGE ( 'NONE', *, *, #6718, .F. ) ;
#1109 = PRODUCT_DEFINITION_FORMATION_WITH_SPECIFIED_SOURCE ( 'ANY', '', #7893, .NOT_KNOWN. ) ;
#1110 = EDGE_CURVE ( 'NONE', #6119, #3126, #6898, .T. ) ;
#1111 = DIRECTION ( 'NONE',  ( -1.000000000000000000, -2.536951011547150738E-31, -2.465190328815656637E-31 ) ) ;
#1112 = EDGE_LOOP ( 'NONE', ( #3101, #6836 ) ) ;
#1113 = LINE ( 'NONE', #5711, #5596 ) ;
#1114 = VERTEX_POINT ( 'NONE', #6277 ) ;
#1115 = DIRECTION ( 'NONE',  ( 0.000000000000000000, -0.000000000000000000, 1.000000000000000000 ) ) ;
#1116 = EDGE_CURVE ( 'NONE', #6551, #5098, #4597, .T. ) ;
#1117 = VERTEX_POINT ( 'NONE', #6547 ) ;
#1118 = DIRECTION ( 'NONE',  ( 0.5000000000000000000, 0.8660254037844387076, 0.000000000000000000 ) ) ;
#1119 = CARTESIAN_POINT ( 'NONE',  ( 5.500000000000005329, 3.830269434956796375E-14, 10.00000000000001421 ) ) ;
#1120 = CARTESIAN_POINT ( 'NONE',  ( 7.000000000000006217, -1.853902377521033138E-14, -5.000000000000014211 ) ) ;
#1121 = CARTESIAN_POINT ( 'NONE',  ( -5.415435127334978560, -4.378950570919319496, 0.4496938152812666178 ) ) ;
#1122 = CARTESIAN_POINT ( 'NONE',  ( 9.459657293866268191, -4.716142924951092219, 4.101613995481037556 ) ) ;
#1123 = CARTESIAN_POINT ( 'NONE',  ( 9.518409363233157450, 3.074538475822362837, 6.570176509506203466 ) ) ;
#1124 = DIRECTION ( 'NONE',  ( 0.7071067811865282549, 0.7071067811865666686, -1.727101704552194518E-15 ) ) ;
#1125 = DIRECTION ( 'NONE',  ( 0.000000000000000000, 2.442490654175355433E-15, -1.000000000000000000 ) ) ;
#1126 = EDGE_LOOP ( 'NONE', ( #2302, #2000, #1136, #2481 ) ) ;
#1127 = CARTESIAN_POINT ( 'NONE',  ( 0.000000000000000000, 3.500000000000194955, -8.548717289614128191E-15 ) ) ;
#1128 = CARTESIAN_POINT ( 'NONE',  ( 6.368163355566236381E-16, 19.90000000000000213, -5.200000000000000178 ) ) ;
#1129 = DIRECTION ( 'NONE',  ( 1.000000000000000000, 0.000000000000000000, 0.000000000000000000 ) ) ;
#1130 = CARTESIAN_POINT ( 'NONE',  ( 0.000000000000000000, 0.000000000000000000, 35.99999999999999289 ) ) ;
#1131 = DIRECTION ( 'NONE',  ( 1.000000000000000000, 0.000000000000000000, -0.000000000000000000 ) ) ;
#1132 = EDGE_CURVE ( 'NONE', #3561, #5979, #7587, .T. ) ;
#1133 = AXIS2_PLACEMENT_3D ( 'NONE', #2468, #5066, #1180 ) ;
#1134 = VERTEX_POINT ( 'NONE', #6352 ) ;
#1135 = DIRECTION ( 'NONE',  ( 1.000000000000000000, 0.000000000000000000, 0.000000000000000000 ) ) ;
#1136 = ORIENTED_EDGE ( 'NONE', *, *, #2315, .T. ) ;
#1137 = APPLICATION_PROTOCOL_DEFINITION ( 'draft international standard', 'automotive_design', 1998, #468 ) ;
#1138 = FACE_OUTER_BOUND ( 'NONE', #2416, .T. ) ;
#1139 = CARTESIAN_POINT ( 'NONE',  ( 6.500000000000001776, -2.505091689938116151, 0.4504913003266924898 ) ) ;
#1140 = CARTESIAN_POINT ( 'NONE',  ( 7.836535763669954413, -1.250000000000018430, -5.356071321407132046 ) ) ;
#1141 = EDGE_LOOP ( 'NONE', ( #274, #8205, #8215, #4990 ) ) ;
#1142 = ORIENTED_EDGE ( 'NONE', *, *, #2554, .T. ) ;
#1143 = ORIENTED_EDGE ( 'NONE', *, *, #5691, .F. ) ;
#1144 = CARTESIAN_POINT ( 'NONE',  ( 9.714543459141120607, -2.416994801665476089, 6.852268998021334490 ) ) ;
#1145 =( LENGTH_UNIT ( ) NAMED_UNIT ( * ) SI_UNIT ( .MILLI., .METRE. ) );
#1146 =( LENGTH_UNIT ( ) NAMED_UNIT ( * ) SI_UNIT ( .MILLI., .METRE. ) );
#1147 = AXIS2_PLACEMENT_3D ( 'NONE', #5053, #767, #7816 ) ;
#1148 = CARTESIAN_POINT ( 'NONE',  ( 35.67398481855556014, 6.500000000000335731, 4.798079661481020608 ) ) ;
#1149 = APPLICATION_CONTEXT ( 'automotive_design' ) ;
#1150 = ORIENTED_EDGE ( 'NONE', *, *, #7194, .F. ) ;
#1151 = CARTESIAN_POINT ( 'NONE',  ( -8.909857563355901178, -1.271956625812499020, -43.97621617689568296 ) ) ;
#1152 = EDGE_LOOP ( 'NONE', ( #8001, #4074, #7952, #6487 ) ) ;
#1153 = CARTESIAN_POINT ( 'NONE',  ( 4.907477288111809166, 8.900000000000002132, -8.500000000000015987 ) ) ;
#1154 = B_SPLINE_CURVE_WITH_KNOTS ( 'NONE', 3,
 ( #3224, #3270, #5806, #8401, #1957, #7125, #2737, #2876, #8054, #5462 ),
 .UNSPECIFIED., .F., .F.,
 ( 4, 2, 2, 2, 4 ),
 ( 0.005869558371338021510, 0.006358329255083201327, 0.006847100138828381144, 0.007335871022573560961, 0.007824641906318740778 ),
 .UNSPECIFIED. ) ;
#1155 = EDGE_LOOP ( 'NONE', ( #8207, #5322, #5695, #85 ) ) ;
#1156 = UNCERTAINTY_MEASURE_WITH_UNIT (LENGTH_MEASURE( 1.000000000000000082E-05 ), #4290, 'distance_accuracy_value', 'NONE');
#1157 = CARTESIAN_POINT ( 'NONE',  ( 8.572527594031483051E-16, -10.00099999999999767, -40.00000000000003553 ) ) ;
#1158 = CYLINDRICAL_SURFACE ( 'NONE', #8002, 10.00000000000001421 ) ;
#1159 = CARTESIAN_POINT ( 'NONE',  ( -55.84999999999999432, 6.839652373237967333E-15, 20.70967811865458685 ) ) ;
#1160 = EDGE_CURVE ( 'NONE', #1810, #6804, #45, .T. ) ;
#1161 = CARTESIAN_POINT ( 'NONE',  ( 3.102532553434610207, 9.524862235003816124, 3.058489443977424838 ) ) ;
#1162 = DIRECTION ( 'NONE',  ( 0.000000000000000000, 2.442490654175355433E-15, -1.000000000000000000 ) ) ;
#1163 = EDGE_CURVE ( 'NONE', #2399, #4098, #6583, .T. ) ;
#1164 = DIRECTION ( 'NONE',  ( -1.000000000000000000, -2.536951011547150738E-31, -2.465190328815656637E-31 ) ) ;
#1165 = EDGE_CURVE ( 'NONE', #2677, #8162, #3993, .T. ) ;
#1166 = CARTESIAN_POINT ( 'NONE',  ( -25.00000000000000000, 0.000000000000000000, 0.000000000000000000 ) ) ;
#1167 = B_SPLINE_CURVE_WITH_KNOTS ( 'NONE', 3,
 ( #594, #8366, #6485, #1959, #6410, #5807, #3782, #6366, #4545, #6535 ),
 .UNSPECIFIED., .F., .F.,
 ( 4, 2, 2, 2, 4 ),
 ( 0.004129007601728615362, 0.004582415113768203464, 0.005035822625807791567, 0.005489230137847378801, 0.005942637649886966904 ),
 .UNSPECIFIED. ) ;
#1168 =( NAMED_UNIT ( * ) SI_UNIT ( $, .STERADIAN. ) SOLID_ANGLE_UNIT ( ) );
#1169 = EDGE_LOOP ( 'NONE', ( #3114, #3995 ) ) ;
#1170 = FACE_OUTER_BOUND ( 'NONE', #7195, .T. ) ;
#1171 = ADVANCED_FACE ( 'NONE', ( #524, #3788 ), #4427, .F. ) ;
#1172 = CARTESIAN_POINT ( 'NONE',  ( 0.000000000000000000, 0.000000000000000000, -1.707243706102446801 ) ) ;
#1173 = DIRECTION ( 'NONE',  ( 0.000000000000000000, 0.000000000000000000, 1.000000000000000000 ) ) ;
#1174 = CARTESIAN_POINT ( 'NONE',  ( 1.898689215032093536, 8.810060874763379957, -39.75433298436631446 ) ) ;
#1175 = AXIS2_PLACEMENT_3D ( 'NONE', #8062, #3813, #3089 ) ;
#1176 = CARTESIAN_POINT ( 'NONE',  ( 36.00000000000000711, 9.860761315262661020E-29, -6.894829200906304354E-29 ) ) ;
#1177 = DIRECTION ( 'NONE',  ( 0.000000000000000000, -2.442490654175355433E-15, 1.000000000000000000 ) ) ;
#1178 = ORIENTED_EDGE ( 'NONE', *, *, #1163, .T. ) ;
#1179 = ITEM_DEFINED_TRANSFORMATION ( 'NONE', 'NONE', #116,  #1795 ) ;
#1180 = DIRECTION ( 'NONE',  ( 0.000000000000000000, 0.000000000000000000, 1.000000000000000000 ) ) ;
#1181 = CARTESIAN_POINT ( 'NONE',  ( 9.000489096450490223, -8.968000199326619182, -0.7672623440435848430 ) ) ;
#1182 = CARTESIAN_POINT ( 'NONE',  ( -6.999943458932631479, 7.141483849871200107, -32.76041493790642534 ) ) ;
#1183 = EDGE_LOOP ( 'NONE', ( #3237, #1059 ) ) ;
#1184 = ORIENTED_EDGE ( 'NONE', *, *, #7933, .F. ) ;
#1185 = AXIS2_PLACEMENT_3D ( 'NONE', #213, #2168, #5443 ) ;
#1186 = VERTEX_POINT ( 'NONE', #3749 ) ;
#1187 = CARTESIAN_POINT ( 'NONE',  ( 10.00000000000000000, 8.878844369681666749E-16, 7.249999999999997335 ) ) ;
#1188 = EDGE_CURVE ( 'NONE', #6616, #731, #8069, .T. ) ;
#1189 = CARTESIAN_POINT ( 'NONE',  ( 30.41421356237311713, 6.500000000000324185, 5.080600358225590085 ) ) ;
#1190 = ORIENTED_EDGE ( 'NONE', *, *, #2213, .F. ) ;
#1191 = CARTESIAN_POINT ( 'NONE',  ( 8.165356147831328570, 8.912771734987943617, 1.249999999999999778 ) ) ;
#1192 = ORIENTED_EDGE ( 'NONE', *, *, #5150, .F. ) ;
#1193 = DIRECTION ( 'NONE',  ( -1.000000000000000000, -0.000000000000000000, -0.000000000000000000 ) ) ;
#1194 = CIRCLE ( 'NONE', #5940, 8.000000000000000000 ) ;
#1195 = ORIENTED_EDGE ( 'NONE', *, *, #4961, .T. ) ;
#1196 = CIRCLE ( 'NONE', #8271, 1.649999999999997025 ) ;
#1197 = CARTESIAN_POINT ( 'NONE',  ( 13.40000000000002345, -3.337024279537850056E-14, -9.000000000000000000 ) ) ;
#1198 = DIRECTION ( 'NONE',  ( -0.000000000000000000, -1.000000000000000000, -0.000000000000000000 ) ) ;
#1199 = CARTESIAN_POINT ( 'NONE',  ( -8.947359871443479662, 0.9758972302401367482, -41.72777911359317926 ) ) ;
#1200 =( GEOMETRIC_REPRESENTATION_CONTEXT ( 3 ) GLOBAL_UNCERTAINTY_ASSIGNED_CONTEXT ( ( #7711 ) ) GLOBAL_UNIT_ASSIGNED_CONTEXT ( ( #2540, #7733, #7091 ) ) REPRESENTATION_CONTEXT ( 'NONE', 'WORKASPACE' ) );
#1201 =( REPRESENTATION_RELATIONSHIP ('NONE','NONE', #7951, #6218 ) REPRESENTATION_RELATIONSHIP_WITH_TRANSFORMATION ( #3192 )SHAPE_REPRESENTATION_RELATIONSHIP( ) );
#1202 = DIRECTION ( 'NONE',  ( 5.002141340362817447E-31, -3.491481338843133750E-15, -1.000000000000000000 ) ) ;
#1203 = PRODUCT_RELATED_PRODUCT_CATEGORY ( 'part', '', ( #3075 ) ) ;
#1204 = PRESENTATION_LAYER_ASSIGNMENT (  '', '', ( #4345 ) ) ;
#1205 = DIRECTION ( 'NONE',  ( 1.000000000000000000, 1.719470254348916462E-30, -2.290883888735602091E-30 ) ) ;
#1206 = CIRCLE ( 'NONE', #773, 5.200000000000000178 ) ;
#1207 = CARTESIAN_POINT ( 'NONE',  ( 0.000000000000000000, 0.000000000000000000, -22.00000000000000000 ) ) ;
#1208 = ADVANCED_FACE ( 'NONE', ( #1138 ), #2370, .F. ) ;
#1209 = FACE_OUTER_BOUND ( 'NONE', #7601, .T. ) ;
#1210 = CARTESIAN_POINT ( 'NONE',  ( 0.000000000000000000, 1.500000000000000000, -7.649999999999997691 ) ) ;
#1211 = ORIENTED_EDGE ( 'NONE', *, *, #5076, .F. ) ;
#1212 = CARTESIAN_POINT ( 'NONE',  ( 2.330025857510388487, 9.725628242277633007, -1.621601573851981337 ) ) ;
#1213 = AXIS2_PLACEMENT_3D ( 'NONE', #7776, #1916, #4506 ) ;
#1214 = EDGE_CURVE ( 'NONE', #2631, #6496, #2768, .T. ) ;
#1215 = DIRECTION ( 'NONE',  ( 0.000000000000000000, 3.830269434956790853E-15, 1.000000000000000000 ) ) ;
#1216 = VECTOR ( 'NONE', #1202, 1000.000000000000000 ) ;
#1217 = CARTESIAN_POINT ( 'NONE',  ( 11.57508462988472253, -6.825084629884972998, 1.583169837708479966 ) ) ;
#1218 = CARTESIAN_POINT ( 'NONE',  ( 6.608342554192472740, 6.110677002082798737, -35.32002804709964749 ) ) ;
#1219 = AXIS2_PLACEMENT_3D ( 'NONE', #6713, #1415, #93 ) ;
#1220 = EDGE_CURVE ( 'NONE', #3922, #7527, #3457, .T. ) ;
#1221 = DIRECTION ( 'NONE',  ( 0.000000000000000000, 0.000000000000000000, 1.000000000000000000 ) ) ;
#1222 = CYLINDRICAL_SURFACE ( 'NONE', #5398, 6.000000000000000000 ) ;
#1223 = EDGE_LOOP ( 'NONE', ( #1929, #7017, #8052, #1740 ) ) ;
#1224 = CONTEXT_DEPENDENT_SHAPE_REPRESENTATION ( #3113, #7823 ) ;
#1225 = CARTESIAN_POINT ( 'NONE',  ( 0.000000000000000000, 0.000000000000000000, 0.000000000000000000 ) ) ;
#1226 = AXIS2_PLACEMENT_3D ( 'NONE', #4568, #3926, #8431 ) ;
#1227 = CARTESIAN_POINT ( 'NONE',  ( 9.092308929707135334, -8.979243518190660467, 0.6291801379206546363 ) ) ;
#1228 = CARTESIAN_POINT ( 'NONE',  ( 6.750000000000009770, -0.1649914061193246406, -5.499999999999999112 ) ) ;
#1229 = VERTEX_POINT ( 'NONE', #2505 ) ;
#1230 = VECTOR ( 'NONE', #905, 1000.000000000000114 ) ;
#1231 = ORIENTED_EDGE ( 'NONE', *, *, #1855, .F. ) ;
#1232 = EDGE_LOOP ( 'NONE', ( #1627, #4648 ) ) ;
#1233 = CARTESIAN_POINT ( 'NONE',  ( 9.446476295870201767, -3.288249245989070868, -6.465707790342483996 ) ) ;
#1234 = CIRCLE ( 'NONE', #2331, 4.200000000000000178 ) ;
#1235 = CARTESIAN_POINT ( 'NONE',  ( 6.750000000000009770, -0.08162227756911551169, -8.999999999999998224 ) ) ;
#1236 = ORIENTED_EDGE ( 'NONE', *, *, #1347, .T. ) ;
#1237 = CARTESIAN_POINT ( 'NONE',  ( 0.3845285551127552437, 8.499999999999886313, -4.858793986884428762 ) ) ;
#1238 = VERTEX_POINT ( 'NONE', #7095 ) ;
#1239 = DIRECTION ( 'NONE',  ( 1.155626614413198838E-16, -1.000000000000000000, 0.000000000000000000 ) ) ;
#1240 = EDGE_LOOP ( 'NONE', ( #4076, #2179, #348, #7365 ) ) ;
#1241 = DIRECTION ( 'NONE',  ( 1.000000000000000000, 2.536951011547150738E-31, 2.465190328815656637E-31 ) ) ;
#1243 = CIRCLE ( 'NONE', #2740, 0.5000000000000000000 ) ;
#1242 = AXIS2_PLACEMENT_3D ( 'NONE', #5115, #7141, #1312 ) ;
#1244 = CONICAL_SURFACE ( 'NONE', #5988, 3.000000000000000000, 0.7853981633974482790 ) ;
#1245 = PRODUCT_DEFINITION_CONTEXT ( 'detailed design', #6149, 'design' ) ;
#1246 = CARTESIAN_POINT ( 'NONE',  ( 0.000000000000000000, 0.000000000000000000, -7.150000000000000355 ) ) ;
#1247 = VECTOR ( 'NONE', #1732, 1000.000000000000000 ) ;
#1248 = CARTESIAN_POINT ( 'NONE',  ( -9.968079036622166100, 0.8030909492393354387, -44.38776593918081659 ) ) ;
#1249 = CARTESIAN_POINT ( 'NONE',  ( -24.50000000000000000, 0.000000000000000000, 1.649999999999997691 ) ) ;
#1250 = CARTESIAN_POINT ( 'NONE',  ( 6.999999999999999112, 0.000000000000000000, 2.250000000000000000 ) ) ;
#1251 = CARTESIAN_POINT ( 'NONE',  ( 12.00000000000001066, -2.780853566281542134E-14, -7.500000000000000000 ) ) ;
#1252 = CARTESIAN_POINT ( 'NONE',  ( 28.99999999999999645, 6.500000000000405009, -4.060808974781368264 ) ) ;
#1253 = B_SPLINE_CURVE_WITH_KNOTS ( 'NONE', 3,
 ( #3401, #6454, #601, #1306, #1266, #2 ),
 .UNSPECIFIED., .F., .F.,
 ( 4, 2, 4 ),
 ( 0.008906877247154099814, 0.009963173724975259160, 0.01101947020279642024 ),
 .UNSPECIFIED. ) ;
#1254 = CARTESIAN_POINT ( 'NONE',  ( -4.907477288111826041, 6.900000000000000355, -8.500000000000017764 ) ) ;
#1255 = CARTESIAN_POINT ( 'NONE',  ( 102.0000000000000142, 4.898587196589404940E-16, -3.999999999999993339 ) ) ;
#1256 = CARTESIAN_POINT ( 'NONE',  ( 0.5999999999999894307, -8.500000000000028422, -5.267826876426410898 ) ) ;
#1257 = DIRECTION ( 'NONE',  ( -1.000000000000000000, 0.000000000000000000, -1.767428939690776041E-16 ) ) ;
#1258 = CIRCLE ( 'NONE', #4247, 0.5000000000000000000 ) ;
#1259 = DIRECTION ( 'NONE',  ( -0.000000000000000000, -1.000000000000000000, -0.000000000000000000 ) ) ;
#1260 = FACE_OUTER_BOUND ( 'NONE', #1685, .T. ) ;
#1261 = ORIENTED_EDGE ( 'NONE', *, *, #6382, .T. ) ;
#1262 = SHAPE_DEFINITION_REPRESENTATION ( #884, #702 ) ;
#1263 = DIRECTION ( 'NONE',  ( 0.000000000000000000, 3.830269434956790853E-15, 1.000000000000000000 ) ) ;
#1264 = EDGE_CURVE ( 'NONE', #6767, #6370, #7113, .T. ) ;
#1265 = DIRECTION ( 'NONE',  ( -1.224646799147353207E-16, -1.000000000000000000, 0.000000000000000000 ) ) ;
#1266 = CARTESIAN_POINT ( 'NONE',  ( 28.27638181893399150, 6.500000000000318856, -2.454690945732963314 ) ) ;
#1267 = ORIENTED_EDGE ( 'NONE', *, *, #8195, .T. ) ;
#1268 = EDGE_CURVE ( 'NONE', #7754, #1966, #7518, .T. ) ;
#1269 = AXIS2_PLACEMENT_3D ( 'NONE', #3997, #2053, #2545 ) ;
#1270 = ORIENTED_EDGE ( 'NONE', *, *, #7076, .F. ) ;
#1271 = EDGE_CURVE ( 'NONE', #8218, #6014, #4415, .T. ) ;
#1272 = ORIENTED_EDGE ( 'NONE', *, *, #829, .F. ) ;
#1273 = CARTESIAN_POINT ( 'NONE',  ( 6.907945793789514788, 5.465925391901537367, 0.6297605238838049901 ) ) ;
#1274 = CLOSED_SHELL ( 'NONE', ( #6062, #2906, #585, #206, #1699, #4807 ) ) ;
#1275 = ORIENTED_EDGE ( 'NONE', *, *, #1383, .T. ) ;
#1276 = EDGE_CURVE ( 'NONE', #2556, #5029, #7702, .T. ) ;
#1277 = CARTESIAN_POINT ( 'NONE',  ( 14.00000000000001243, 0.000000000000000000, 0.000000000000000000 ) ) ;
#1278 = ORIENTED_EDGE ( 'NONE', *, *, #1271, .F. ) ;
#1279 = CARTESIAN_POINT ( 'NONE',  ( 4.374999999999999112, 5.357829746269667662E-16, 0.000000000000000000 ) ) ;
#1280 = EDGE_CURVE ( 'NONE', #7371, #5655, #5190, .T. ) ;
#1281 = ORIENTED_EDGE ( 'NONE', *, *, #4249, .F. ) ;
#1282 = EDGE_CURVE ( 'NONE', #8118, #4001, #5142, .T. ) ;
#1283 = DIRECTION ( 'NONE',  ( 0.000000000000000000, 0.000000000000000000, -1.000000000000000000 ) ) ;
#1284 = AXIS2_PLACEMENT_3D ( 'NONE', #6956, #2456, #7640 ) ;
#1285 = DIRECTION ( 'NONE',  ( 1.000000000000000000, 0.000000000000000000, 0.000000000000000000 ) ) ;
#1286 = CARTESIAN_POINT ( 'NONE',  ( 35.67374503802564334, 6.500000000000312639, -4.798469022822688501 ) ) ;
#1287 = DIRECTION ( 'NONE',  ( 1.000000000000000000, 0.000000000000000000, -0.000000000000000000 ) ) ;
#1288 = EDGE_CURVE ( 'NONE', #847, #4404, #372, .T. ) ;
#1289 = CARTESIAN_POINT ( 'NONE',  ( 7.891999237013574309, 6.143436399690507699, 3.856534175025672972 ) ) ;
#1290 = B_SPLINE_CURVE_WITH_KNOTS ( 'NONE', 3,
 ( #3420, #5494, #231, #5997, #3462, #839, #6036, #4817, #4047, #4776, #5456, #4179 ),
 .UNSPECIFIED., .F., .F.,
 ( 4, 2, 2, 2, 2, 4 ),
 ( 0.003912798894433423477, 0.004401990396778799643, 0.004891181899124175808, 0.005135777650296862590, 0.005380373401469549371, 0.005869564903814921200 ),
 .UNSPECIFIED. ) ;
#1291 = FACE_OUTER_BOUND ( 'NONE', #4166, .T. ) ;
#1292 = DIRECTION ( 'NONE',  ( -0.000000000000000000, -0.000000000000000000, 1.000000000000000000 ) ) ;
#1293 = B_SPLINE_CURVE_WITH_KNOTS ( 'NONE', 3,
 ( #2099, #5789, #7203, #57, #622, #2066 ),
 .UNSPECIFIED., .F., .F.,
 ( 4, 2, 4 ),
 ( 0.006567465386591210194, 0.008461488534168774833, 0.01035551168174633947 ),
 .UNSPECIFIED. ) ;
#1294 = FACE_OUTER_BOUND ( 'NONE', #21, .T. ) ;
#1295 = CARTESIAN_POINT ( 'NONE',  ( -10.00000000000000000, 1.224646741021145422E-15, -44.59999999999992326 ) ) ;
#1296 = CARTESIAN_POINT ( 'NONE',  ( -12.00099999999998346, -6.500000000000470735, 5.080600358225637159 ) ) ;
#1297 = CARTESIAN_POINT ( 'NONE',  ( 4.678236522067543923, 7.697355091507652958, -27.77465817422617889 ) ) ;
#1298 = PRODUCT ( '000401.40.01 \X2\041f043e0434\X0\ \X2\043a043b044e0447\X0\', '000401.40.01 \X2\041f043e0434\X0\ \X2\043a043b044e0447\X0\', '', ( #1803 ) ) ;
#1299 = DIRECTION ( 'NONE',  ( -1.000000000000000000, -0.000000000000000000, -0.000000000000000000 ) ) ;
#1300 = CARTESIAN_POINT ( 'NONE',  ( 30.41421356237311713, 8.628166150854834558E-29, -6.240013019814657616E-29 ) ) ;
#1301 = ORIENTED_EDGE ( 'NONE', *, *, #677, .T. ) ;
#1302 = ITEM_DEFINED_TRANSFORMATION ( 'NONE', 'NONE', #5057,  #1242 ) ;
#1303 = SURFACE_STYLE_USAGE ( .BOTH. , #6340 ) ;
#1304 = CARTESIAN_POINT ( 'NONE',  ( 28.99999999999999645, 7.395570986446999128E-29, -6.240013019814657616E-29 ) ) ;
#1305 = FACE_OUTER_BOUND ( 'NONE', #4472, .T. ) ;
#1306 = CARTESIAN_POINT ( 'NONE',  ( 28.40273814614221948, 6.500000000000317968, -2.788718525957110117 ) ) ;
#1307 = ORIENTED_EDGE ( 'NONE', *, *, #4510, .F. ) ;
#1308 = ORIENTED_EDGE ( 'NONE', *, *, #4044, .T. ) ;
#1309 = EDGE_LOOP ( 'NONE', ( #3150, #8094, #5147, #7690, #4443, #6064, #4979, #7976, #5991, #2431 ) ) ;
#1310 = CARTESIAN_POINT ( 'NONE',  ( 8.768470295183428576, 0.9992166180079614657, 8.945106266674816453 ) ) ;
#1311 = VECTOR ( 'NONE', #6561, 1000.000000000000000 ) ;
#1312 = DIRECTION ( 'NONE',  ( 1.000000000000000000, 0.000000000000000000, 0.000000000000000000 ) ) ;
#1313 = EDGE_CURVE ( 'NONE', #4170, #4238, #5692, .T. ) ;
#1314 = CARTESIAN_POINT ( 'NONE',  ( 3.306302237590010851, 9.440784893657047760, -3.306302237589998416 ) ) ;
#1315 = ORIENTED_EDGE ( 'NONE', *, *, #317, .T. ) ;
#1316 = DIRECTION ( 'NONE',  ( -1.898196553187937393E-30, -1.000000000000000000, 2.442490654175333739E-15 ) ) ;
#1317 = CARTESIAN_POINT ( 'NONE',  ( 9.210130130699713646, -5.491053992415000806, 0.3236801873759135861 ) ) ;
#1318 = ORIENTED_EDGE ( 'NONE', *, *, #7688, .T. ) ;
#1319 = EDGE_CURVE ( 'NONE', #5055, #3276, #7663, .T. ) ;
#1320 = CARTESIAN_POINT ( 'NONE',  ( 9.216847527755055225, 5.492221245724776324, 0.3290540662009447948 ) ) ;
#1321 = CIRCLE ( 'NONE', #4585, 6.928203230275792102 ) ;
#1322 = AXIS2_PLACEMENT_3D ( 'NONE', #4890, #2219, #923 ) ;
#1323 = EDGE_LOOP ( 'NONE', ( #5855, #3331, #1065, #4161 ) ) ;
#1324 = CARTESIAN_POINT ( 'NONE',  ( -1.133987551255207623E-30, 1.761923940080126143E-14, 4.600000000000005862 ) ) ;
#1325 = ADVANCED_FACE ( 'NONE', ( #4468 ), #7050, .T. ) ;
#1326 = UNCERTAINTY_MEASURE_WITH_UNIT (LENGTH_MEASURE( 1.000000000000000082E-05 ), #7310, 'distance_accuracy_value', 'NONE');
#1327 =( NAMED_UNIT ( * ) PLANE_ANGLE_UNIT ( ) SI_UNIT ( $, .RADIAN. ) );
#1328 = SURFACE_SIDE_STYLE ('',( #7152 ) ) ;
#1329 = AXIS2_PLACEMENT_3D ( 'NONE', #5609, #1707, #1835 ) ;
#1330 = ADVANCED_FACE ( 'NONE', ( #4312 ), #2266, .T. ) ;
#1331 = CARTESIAN_POINT ( 'NONE',  ( -3.782467906281930858, -5.321744635572131621, 3.732210339854054482 ) ) ;
#1332 = CIRCLE ( 'NONE', #3248, 2.499999999999997780 ) ;
#1333 = B_SPLINE_CURVE_WITH_KNOTS ( 'NONE', 3,
 ( #4013, #5962, #244, #7332, #6598, #2142, #4737, #105, #6143, #7926, #188, #851 ),
 .UNSPECIFIED., .F., .F.,
 ( 4, 2, 2, 2, 2, 4 ),
 ( 0.001960943530926294830, 0.002205937025457313603, 0.002450930519988332376, 0.002940917509050368188, 0.003430904498112404000, 0.003920891487174439811 ),
 .UNSPECIFIED. ) ;
#1334 = CARTESIAN_POINT ( 'NONE',  ( 0.000000000000000000, 0.000000000000000000, 0.000000000000000000 ) ) ;
#1335 = CARTESIAN_POINT ( 'NONE',  ( 5.417157287525398601, 0.000000000000000000, -5.473822126268816683E-45 ) ) ;
#1336 = AXIS2_PLACEMENT_3D ( 'NONE', #6562, #7803, #555 ) ;
#1337 = CARTESIAN_POINT ( 'NONE',  ( -1.000000000000000444, -0.5773502691896253980, -1.040000000000000036 ) ) ;
#1338 = DIRECTION ( 'NONE',  ( 0.000000000000000000, 0.000000000000000000, -1.000000000000000000 ) ) ;
#1339 = CIRCLE ( 'NONE', #5546, 4.200000000000000178 ) ;
#1340 = CONICAL_SURFACE ( 'NONE', #5413, 7.250000000000006217, 0.7853981633974491672 ) ;
#1341 = FACE_OUTER_BOUND ( 'NONE', #8222, .T. ) ;
#1342 = DIRECTION ( 'NONE',  ( 0.000000000000000000, 1.000000000000000000, 0.000000000000000000 ) ) ;
#1343 = AXIS2_PLACEMENT_3D ( 'NONE', #4537, #713, #1952 ) ;
#1344 = CARTESIAN_POINT ( 'NONE',  ( 0.000000000000000000, 8.900000000000002132, 0.000000000000000000 ) ) ;
#1345 = B_SPLINE_CURVE_WITH_KNOTS ( 'NONE', 3,
 ( #1375, #7915, #4645, #4046, #794, #5324, #5995, #1455, #3371, #137 ),
 .UNSPECIFIED., .F., .F.,
 ( 4, 2, 2, 2, 4 ),
 ( 0.000000000000000000, 0.0004902358827315737074, 0.0009804717654631474148, 0.001470707648194721122, 0.001960943530926294830 ),
 .UNSPECIFIED. ) ;
#1346 = CARTESIAN_POINT ( 'NONE',  ( 20.00000000000000000, 10.00000000000001066, 0.000000000000000000 ) ) ;
#1347 = EDGE_CURVE ( 'NONE', #2559, #7606, #111, .T. ) ;
#1348 = AXIS2_PLACEMENT_3D ( 'NONE', #5631, #7504, #378 ) ;
#1349 = CARTESIAN_POINT ( 'NONE',  ( 2.662405555120905034E-30, 3.447242491461116738E-14, 9.000000000000010658 ) ) ;
#1350 = CIRCLE ( 'NONE', #6099, 2.250000000000000000 ) ;
#1351 = ORIENTED_EDGE ( 'NONE', *, *, #5524, .T. ) ;
#1352 = AXIS2_PLACEMENT_3D ( 'NONE', #2374, #4960, #7552 ) ;
#1353 = DIRECTION ( 'NONE',  ( 0.000000000000000000, 0.000000000000000000, 1.000000000000000000 ) ) ;
#1354 = SURFACE_STYLE_FILL_AREA ( #77 ) ;
#1355 = PRODUCT_DEFINITION ( 'UNKNOWN', '', #7638, #4646 ) ;
#1356 = CARTESIAN_POINT ( 'NONE',  ( 8.000000000000000000, 0.000000000000000000, -22.00000000000000000 ) ) ;
#1357 = ORIENTED_EDGE ( 'NONE', *, *, #5790, .T. ) ;
#1358 = AXIS2_PLACEMENT_3D ( 'NONE', #3637, #3042, #2398 ) ;
#1359 = ORIENTED_EDGE ( 'NONE', *, *, #1595, .T. ) ;
#1360 = CIRCLE ( 'NONE', #6110, 8.750000000000012434 ) ;
#1361 = AXIS2_PLACEMENT_3D ( 'NONE', #66, #1342, #5136 ) ;
#1362 = VERTEX_POINT ( 'NONE', #1635 ) ;
#1363 = FACE_OUTER_BOUND ( 'NONE', #1084, .T. ) ;
#1364 = AXIS2_PLACEMENT_3D ( 'NONE', #3479, #7253, #3521 ) ;
#1365 = AXIS2_PLACEMENT_3D ( 'NONE', #2565, #5785, #7710 ) ;
#1366 = DIRECTION ( 'NONE',  ( 0.000000000000000000, 1.000000000000000000, 0.000000000000000000 ) ) ;
#1367 = ORIENTED_EDGE ( 'NONE', *, *, #5947, .F. ) ;
#1368 = CARTESIAN_POINT ( 'NONE',  ( 2.218671295934087295E-30, 2.872702076217596966E-14, 7.500000000000009770 ) ) ;
#1369 = CARTESIAN_POINT ( 'NONE',  ( 30.41421356237311713, -6.500000000000467182, 5.080600358225624724 ) ) ;
#1370 = EDGE_LOOP ( 'NONE', ( #7819, #4045, #1675, #7137 ) ) ;
#1371 = CARTESIAN_POINT ( 'NONE',  ( -13.50000000000000178, 2.020667218593129057E-16, -1.649999999999997025 ) ) ;
#1372 = VECTOR ( 'NONE', #2222, 1000.000000000000000 ) ;
#1373 = EDGE_CURVE ( 'NONE', #2947, #4440, #2914, .T. ) ;
#1374 = ORIENTED_EDGE ( 'NONE', *, *, #2572, .F. ) ;
#1375 = CARTESIAN_POINT ( 'NONE',  ( 8.000000000000007105, 1.249999999999980682, -5.356071321407141816 ) ) ;
#1376 = ADVANCED_FACE ( 'NONE', ( #363 ), #975, .F. ) ;
#1377 = DIRECTION ( 'NONE',  ( 1.000000000000000000, 0.000000000000000000, 0.000000000000000000 ) ) ;
#1378 = FACE_OUTER_BOUND ( 'NONE', #1546, .T. ) ;
#1379 = ORIENTED_EDGE ( 'NONE', *, *, #2251, .T. ) ;
#1380 = DIRECTION ( 'NONE',  ( 0.8660254037844387076, 0.000000000000000000, -0.4999999999999998335 ) ) ;
#1381 = PRODUCT_DEFINITION_SHAPE ( 'NONE', 'NONE',  #8452 ) ;
#1382 = CARTESIAN_POINT ( 'NONE',  ( 5.284524261307595339, 8.497179343882928393, -37.61180607233371376 ) ) ;
#1383 = EDGE_CURVE ( 'NONE', #2845, #960, #5622, .T. ) ;
#1384 = CARTESIAN_POINT ( 'NONE',  ( 8.182157784216418150, 5.758015300490588295, -4.429152356050050088 ) ) ;
#1385 = PRODUCT_DEFINITION_FORMATION_WITH_SPECIFIED_SOURCE ( 'ANY', '', #3958, .NOT_KNOWN. ) ;
#1386 = ADVANCED_FACE ( 'NONE', ( #4233 ), #2396, .F. ) ;
#1387 = EDGE_CURVE ( 'NONE', #6824, #8026, #5459, .T. ) ;
#1388 = DIRECTION ( 'NONE',  ( -2.958228394578779381E-31, -3.830269434956791642E-15, -1.000000000000000000 ) ) ;
#1389 = CARTESIAN_POINT ( 'NONE',  ( 8.000000000000007105, 1.249999999999980682, -5.356071321407141816 ) ) ;
#1390 = PRODUCT_DEFINITION_FORMATION_WITH_SPECIFIED_SOURCE ( 'ANY', '', #318, .NOT_KNOWN. ) ;
#1391 = DIRECTION ( 'NONE',  ( 1.000000000000000000, 0.000000000000000000, 0.000000000000000000 ) ) ;
#1392 = DIRECTION ( 'NONE',  ( 0.000000000000000000, 1.000000000000000000, -2.442490654175333739E-15 ) ) ;
#1393 = CARTESIAN_POINT ( 'NONE',  ( 6.790091791009107425, 8.994505386499490385, -0.3245143539470647376 ) ) ;
#1394 = EDGE_CURVE ( 'NONE', #8373, #158, #6761, .T. ) ;
#1395 = B_SPLINE_CURVE_WITH_KNOTS ( 'NONE', 3,
 ( #8324, #3179, #3735, #6318, #462, #3090 ),
 .UNSPECIFIED., .F., .F.,
 ( 4, 2, 4 ),
 ( 0.008906877247154198693, 0.009963173724975366713, 0.01101947020279653647 ),
 .UNSPECIFIED. ) ;
#1396 = CARTESIAN_POINT ( 'NONE',  ( -1.892850401260485649, 8.801757087174294725, -39.74337236320269540 ) ) ;
#1397 = FACE_OUTER_BOUND ( 'NONE', #5912, .T. ) ;
#1398 = EDGE_LOOP ( 'NONE', ( #8313, #1275 ) ) ;
#1399 = CARTESIAN_POINT ( 'NONE',  ( 27.72728047142590668, -6.500000000000468958, 0.3787139032029145369 ) ) ;
#1400 = CARTESIAN_POINT ( 'NONE',  ( 0.000000000000000000, 0.000000000000000000, 0.000000000000000000 ) ) ;
#1401 = CARTESIAN_POINT ( 'NONE',  ( 1.155699999999999728, 0.000000000000000000, -1.039999999999999813 ) ) ;
#1402 = DIRECTION ( 'NONE',  ( 0.000000000000000000, 3.952734114871519691E-15, 1.000000000000000000 ) ) ;
#1403 = ORIENTED_EDGE ( 'NONE', *, *, #1476, .F. ) ;
#1404 = EDGE_CURVE ( 'NONE', #6195, #6204, #6176, .T. ) ;
#1405 = VERTEX_POINT ( 'NONE', #6266 ) ;
#1406 = ORIENTED_EDGE ( 'NONE', *, *, #6608, .F. ) ;
#1407 = FACE_OUTER_BOUND ( 'NONE', #7827, .T. ) ;
#1408 = DIRECTION ( 'NONE',  ( 0.4302959543065529302, -0.9026878705883959464, 0.000000000000000000 ) ) ;
#1409 = DIRECTION ( 'NONE',  ( 0.7071067811865496822, 0.000000000000000000, 0.7071067811865453523 ) ) ;
#1410 = ORIENTED_EDGE ( 'NONE', *, *, #7876, .T. ) ;
#1411 = ADVANCED_FACE ( 'NONE', ( #6850 ), #6892, .F. ) ;
#1412 = DIRECTION ( 'NONE',  ( -1.000000000000000000, -1.719470254348916462E-30, 2.290883888735602091E-30 ) ) ;
#1413 = CARTESIAN_POINT ( 'NONE',  ( 0.000000000000000000, 0.000000000000000000, 0.000000000000000000 ) ) ;
#1414 = EDGE_LOOP ( 'NONE', ( #5627, #6834 ) ) ;
#1415 = DIRECTION ( 'NONE',  ( 1.000000000000000000, 1.719470254348916462E-30, -2.290883888735602091E-30 ) ) ;
#1416 = VERTEX_POINT ( 'NONE', #6807 ) ;
#1417 = CARTESIAN_POINT ( 'NONE',  ( 2.049999999999998934, 9.000000000000001776, -2.049999999999999822 ) ) ;
#1418 = PRODUCT_DEFINITION_CONTEXT ( 'detailed design', #7727, 'design' ) ;
#1419 = AXIS2_PLACEMENT_3D ( 'NONE', #2592, #6452, #7131 ) ;
#1420 = CARTESIAN_POINT ( 'NONE',  ( 28.40099251189259633, 6.500000000000331291, 2.784453541143613542 ) ) ;
#1421 = ORIENTED_EDGE ( 'NONE', *, *, #7908, .F. ) ;
#1422 = CARTESIAN_POINT ( 'NONE',  ( 36.00000000000000711, 6.500000000000370370, -4.220485754033757253 ) ) ;
#1423 = DIRECTION ( 'NONE',  ( -1.000000000000000000, -2.536951011547129719E-31, 2.958228394578789015E-31 ) ) ;
#1424 = EDGE_CURVE ( 'NONE', #4593, #2212, #3598, .T. ) ;
#1425 = CARTESIAN_POINT ( 'NONE',  ( 6.887328017403362423, 7.250152607360067059, 0.4984944198038491758 ) ) ;
#1426 = DIRECTION ( 'NONE',  ( 0.000000000000000000, 3.830269434956791642E-15, 1.000000000000000000 ) ) ;
#1427 = EDGE_CURVE ( 'NONE', #8118, #4515, #3053, .T. ) ;
#1428 = CARTESIAN_POINT ( 'NONE',  ( 6.500000000000000888, -5.609171510446034691E-18, 0.2682388155425118326 ) ) ;
#1429 = EDGE_CURVE ( 'NONE', #1445, #8200, #4540, .T. ) ;
#1430 = FACE_OUTER_BOUND ( 'NONE', #2938, .T. ) ;
#1431 = CARTESIAN_POINT ( 'NONE',  ( 4.000000000000003553, -13.01979227013353579, -17.00000000000007461 ) ) ;
#1432 = DIRECTION ( 'NONE',  ( 0.000000000000000000, -0.000000000000000000, 1.000000000000000000 ) ) ;
#1433 = EDGE_CURVE ( 'NONE', #6719, #3576, #4133, .T. ) ;
#1434 = DIRECTION ( 'NONE',  ( 0.000000000000000000, 0.000000000000000000, -1.000000000000000000 ) ) ;
#1435 = CARTESIAN_POINT ( 'NONE',  ( 29.82174221439716888, -6.500000000000485834, -4.943027139020213845 ) ) ;
#1436 = DIRECTION ( 'NONE',  ( 0.000000000000000000, 1.000000000000000000, 0.000000000000000000 ) ) ;
#1437 = CARTESIAN_POINT ( 'NONE',  ( 35.00000000000000000, 8.304468224196642346E-15, -3.400000000000137579 ) ) ;
#1438 = ORIENTED_EDGE ( 'NONE', *, *, #5005, .F. ) ;
#1439 = B_SPLINE_CURVE_WITH_KNOTS ( 'NONE', 3,
 ( #1738, #5009, #5059, #4335, #5732, #5679, #4381, #7647, #8203, #1831 ),
 .UNSPECIFIED., .F., .F.,
 ( 4, 2, 2, 2, 4 ),
 ( 0.001281452582787673137, 0.001707455924638953812, 0.002133459266490234704, 0.002559462608341515379, 0.002985465950192796054 ),
 .UNSPECIFIED. ) ;
#1440 = CARTESIAN_POINT ( 'NONE',  ( 28.17157287525381903, -6.500000000000411227, 2.116122921959992631 ) ) ;
#1441 = DIRECTION ( 'NONE',  ( -0.000000000000000000, -1.000000000000000000, -0.000000000000000000 ) ) ;
#1442 = DIRECTION ( 'NONE',  ( -0.000000000000000000, -0.000000000000000000, -1.000000000000000000 ) ) ;
#1443 = EDGE_LOOP ( 'NONE', ( #7003, #1050, #4720, #2846 ) ) ;
#1444 = EDGE_CURVE ( 'NONE', #4132, #3804, #410, .T. ) ;
#1445 = VERTEX_POINT ( 'NONE', #5624 ) ;
#1446 = VERTEX_POINT ( 'NONE', #8221 ) ;
#1447 = DIRECTION ( 'NONE',  ( 0.000000000000000000, 1.000000000000000000, 0.000000000000000000 ) ) ;
#1448 = ORIENTED_EDGE ( 'NONE', *, *, #4214, .T. ) ;
#1449 = DIRECTION ( 'NONE',  ( -1.000000000000000000, -0.000000000000000000, -0.000000000000000000 ) ) ;
#1450 = CARTESIAN_POINT ( 'NONE',  ( 9.123908581419472696, -4.533310725933058727, 4.303247237355027899 ) ) ;
#1451 = ORIENTED_EDGE ( 'NONE', *, *, #6786, .F. ) ;
#1452 = DIRECTION ( 'NONE',  ( -0.5150380749100560429, 1.049727191138617340E-16, -0.8571673007021112234 ) ) ;
#1453 = AXIS2_PLACEMENT_3D ( 'NONE', #5366, #6139, #6041 ) ;
#1454 = EDGE_LOOP ( 'NONE', ( #2419, #1553 ) ) ;
#1455 = CARTESIAN_POINT ( 'NONE',  ( 9.216961635324279811, 0.3286527979007339839, -5.492246841461277285 ) ) ;
#1456 =( NAMED_UNIT ( * ) PLANE_ANGLE_UNIT ( ) SI_UNIT ( $, .RADIAN. ) );
#1457 = FACE_OUTER_BOUND ( 'NONE', #2988, .T. ) ;
#1458 = VERTEX_POINT ( 'NONE', #4017 ) ;
#1459 = CARTESIAN_POINT ( 'NONE',  ( 0.000000000000000000, 8.900000000000002132, 0.000000000000000000 ) ) ;
#1460 = DIRECTION ( 'NONE',  ( -1.000000000000000000, -0.000000000000000000, -0.000000000000000000 ) ) ;
#1461 = DIRECTION ( 'NONE',  ( 0.000000000000000000, 1.000000000000000000, 0.000000000000000000 ) ) ;
#1462 = LINE ( 'NONE', #4782, #7012 ) ;
#1463 = AXIS2_PLACEMENT_3D ( 'NONE', #6458, #3241, #5900 ) ;
#1464 = PRODUCT_RELATED_PRODUCT_CATEGORY ( 'part', '', ( #5722 ) ) ;
#1465 = CYLINDRICAL_SURFACE ( 'NONE', #100, 7.250000000000006217 ) ;
#1466 = DIRECTION ( 'NONE',  ( -1.000000000000000000, -0.000000000000000000, -0.000000000000000000 ) ) ;
#1467 = CARTESIAN_POINT ( 'NONE',  ( 7.835000451766901186, -1.249999999999981792, 5.356071321407156027 ) ) ;
#1468 = CARTESIAN_POINT ( 'NONE',  ( 0.000000000000000000, 0.000000000000000000, 4.001000000000001222 ) ) ;
#1469 = CARTESIAN_POINT ( 'NONE',  ( 30.41421356237311713, -6.500000000000467182, 5.080600358225624724 ) ) ;
#1470 = CARTESIAN_POINT ( 'NONE',  ( 9.217346613685663215, -0.3277601712893069563, 8.995307200339830445 ) ) ;
#1471 = AXIS2_PLACEMENT_3D ( 'NONE', #4789, #6817, #2277 ) ;
#1472 = EDGE_CURVE ( 'NONE', #8176, #6967, #817, .T. ) ;
#1473 = VECTOR ( 'NONE', #4030, 1000.000000000000000 ) ;
#1474 = CARTESIAN_POINT ( 'NONE',  ( -6.745793187533150714, 5.958604824382688570, -34.88349147459653921 ) ) ;
#1475 = CARTESIAN_POINT ( 'NONE',  ( 8.629374815462634629, 1.092194708365810785, 5.390842407069097675 ) ) ;
#1476 = EDGE_CURVE ( 'NONE', #5899, #2474, #6135, .T. ) ;
#1477 = CARTESIAN_POINT ( 'NONE',  ( 10.00000000000000888, -3.469446951953614189E-15, -1.733336949948495802E-30 ) ) ;
#1478 = ORIENTED_EDGE ( 'NONE', *, *, #4187, .T. ) ;
#1479 = CARTESIAN_POINT ( 'NONE',  ( 28.99999999999999645, 7.395570986446999128E-29, -6.240013019814657616E-29 ) ) ;
#1480 =( REPRESENTATION_RELATIONSHIP ('NONE','NONE', #7951, #143 ) REPRESENTATION_RELATIONSHIP_WITH_TRANSFORMATION ( #477 )SHAPE_REPRESENTATION_RELATIONSHIP( ) );
#1481 = CIRCLE ( 'NONE', #4873, 0.5000000000000000000 ) ;
#1482 = DIRECTION ( 'NONE',  ( 0.8660254037844397068, 0.000000000000000000, 0.4999999999999979461 ) ) ;
#1483 = FACE_OUTER_BOUND ( 'NONE', #433, .T. ) ;
#1484 = ORIENTED_EDGE ( 'NONE', *, *, #2943, .F. ) ;
#1485 = ADVANCED_FACE ( 'NONE', ( #1936 ), #6690, .T. ) ;
#1486 = AXIS2_PLACEMENT_3D ( 'NONE', #1870, #1173, #3653 ) ;
#1487 = ORIENTED_EDGE ( 'NONE', *, *, #4291, .F. ) ;
#1488 = CIRCLE ( 'NONE', #2033, 3.063726656943548399 ) ;
#1489 = VECTOR ( 'NONE', #2027, 1000.000000000000000 ) ;
#1490 = ORIENTED_EDGE ( 'NONE', *, *, #3271, .F. ) ;
#1491 = DIRECTION ( 'NONE',  ( -1.000000000000000000, -1.719470254348916462E-30, 2.290883888735602091E-30 ) ) ;
#1492 = CARTESIAN_POINT ( 'NONE',  ( 0.000000000000000000, 0.000000000000000000, 0.000000000000000000 ) ) ;
#1493 = B_SPLINE_CURVE_WITH_KNOTS ( 'NONE', 3,
 ( #5094, #4452, #8275, #2964 ),
 .UNSPECIFIED., .F., .F.,
 ( 4, 4 ),
 ( 0.01758503565516856063, 0.01858459840618244957 ),
 .UNSPECIFIED. ) ;
#1494 = CONICAL_SURFACE ( 'NONE', #2576, 7.664213562373412891, 0.7853981633974479459 ) ;
#1495 = VECTOR ( 'NONE', #3765, 1000.000000000000000 ) ;
#1496 = CARTESIAN_POINT ( 'NONE',  ( 0.000000000000000000, 0.000000000000000000, 0.000000000000000000 ) ) ;
#1497 = CARTESIAN_POINT ( 'NONE',  ( 8.768111184053866580, -5.409672283050687369, -0.9995307272980058499 ) ) ;
#1498 = ORIENTED_EDGE ( 'NONE', *, *, #4200, .F. ) ;
#1499 = CARTESIAN_POINT ( 'NONE',  ( 7.000000000000006217, 1.915134717478400712E-14, 5.000000000000014211 ) ) ;
#1500 = CIRCLE ( 'NONE', #7962, 8.400000000000009237 ) ;
#1501 = DIRECTION ( 'NONE',  ( -2.469610187574633181E-30, -2.442490654175355433E-15, 1.000000000000000000 ) ) ;
#1502 = CIRCLE ( 'NONE', #6250, 5.852414213562370016 ) ;
#1503 = DIRECTION ( 'NONE',  ( 0.000000000000000000, 0.000000000000000000, -1.000000000000000000 ) ) ;
#1504 = LINE ( 'NONE', #7401, #3117 ) ;
#1505 = ORIENTED_EDGE ( 'NONE', *, *, #4595, .F. ) ;
#1506 = AXIS2_PLACEMENT_3D ( 'NONE', #5458, #4728, #2775 ) ;
#1507 = CARTESIAN_POINT ( 'NONE',  ( 0.000000000000000000, 0.000000000000000000, 0.000000000000000000 ) ) ;
#1508 = AXIS2_PLACEMENT_3D ( 'NONE', #1346, #1918, #4508 ) ;
#1509 = FACE_OUTER_BOUND ( 'NONE', #667, .T. ) ;
#1510 = CARTESIAN_POINT ( 'NONE',  ( 6.528432890528312882, 6.196398261590092993, -30.46430156443052084 ) ) ;
#1511 = DIRECTION ( 'NONE',  ( -0.000000000000000000, -0.000000000000000000, 1.000000000000000000 ) ) ;
#1512 = EDGE_CURVE ( 'NONE', #7832, #7493, #2516, .T. ) ;
#1513 = CYLINDRICAL_SURFACE ( 'NONE', #4760, 6.500000000000008882 ) ;
#1514 = LINE ( 'NONE', #3382, #6768 ) ;
#1515 = AXIS2_PLACEMENT_3D ( 'NONE', #5259, #957, #6155 ) ;
#1516 = CARTESIAN_POINT ( 'NONE',  ( 0.000000000000000000, 8.900000000000002132, 0.000000000000000000 ) ) ;
#1517 = FACE_OUTER_BOUND ( 'NONE', #8368, .T. ) ;
#1518 = FACE_OUTER_BOUND ( 'NONE', #2602, .T. ) ;
#1519 = B_SPLINE_CURVE_WITH_KNOTS ( 'NONE', 3,
 ( #7866, #3087, #1161, #5091, #3729, #4324, #1777, #7028, #3914, #696, #660, #5231, #6903, #5723, #3288, #5670, #7187, #5866, #1314, #2003 ),
 .UNSPECIFIED., .F., .F.,
 ( 4, 2, 2, 2, 2, 2, 2, 2, 2, 4 ),
 ( 2.391544545552292824E-17, 0.0009930820322292780063, 0.001489623048343904216, 0.001986164064458530425, 0.002979246096687781977, 0.003972328128917033963, 0.004965410161146285514, 0.005958492193375536199, 0.006951574225604789485, 0.007944656257834041904 ),
 .UNSPECIFIED. ) ;
#1520 = DIRECTION ( 'NONE',  ( 1.000000000000000000, 0.000000000000000000, 0.000000000000000000 ) ) ;
#1521 = CARTESIAN_POINT ( 'NONE',  ( -3.589501476078949427, 8.256011536632172465, -39.01392764264833346 ) ) ;
#1522 = CARTESIAN_POINT ( 'NONE',  ( -24.50000000000000000, 0.000000000000000000, 1.649999999999997691 ) ) ;
#1523 = EDGE_CURVE ( 'NONE', #2621, #5891, #369, .T. ) ;
#1524 = FILL_AREA_STYLE ('',( #6013 ) ) ;
#1525 =( GEOMETRIC_REPRESENTATION_CONTEXT ( 3 ) GLOBAL_UNCERTAINTY_ASSIGNED_CONTEXT ( ( #4567 ) ) GLOBAL_UNIT_ASSIGNED_CONTEXT ( ( #1846, #4435, #7013 ) ) REPRESENTATION_CONTEXT ( 'NONE', 'WORKASPACE' ) );
#1526 = ORIENTED_EDGE ( 'NONE', *, *, #4595, .T. ) ;
#1527 = CARTESIAN_POINT ( 'NONE',  ( 0.000000000000000000, 0.000000000000000000, -1.039999999999999813 ) ) ;
#1528 = DIRECTION ( 'NONE',  ( 0.000000000000000000, 3.830269434956791642E-15, 1.000000000000000000 ) ) ;
#1529 = CARTESIAN_POINT ( 'NONE',  ( -1.000000000000000444, 6.489106670333761581E-13, -1.129893436919176208 ) ) ;
#1530 = ORIENTED_EDGE ( 'NONE', *, *, #6048, .T. ) ;
#1531 = ORIENTED_EDGE ( 'NONE', *, *, #3099, .F. ) ;
#1532 = VERTEX_POINT ( 'NONE', #3205 ) ;
#1533 = ORIENTED_EDGE ( 'NONE', *, *, #5092, .T. ) ;
#1534 = CARTESIAN_POINT ( 'NONE',  ( 0.5000000000000000000, 0.000000000000000000, -3.000000000000000000 ) ) ;
#1535 = ORIENTED_EDGE ( 'NONE', *, *, #4189, .F. ) ;
#1536 = SHAPE_REPRESENTATION_RELATIONSHIP ( 'NONE' , 'NONE' ,  #7088, #3819 ) ;
#1537 = EDGE_CURVE ( 'NONE', #1229, #2947, #1113, .T. ) ;
#1538 = DIRECTION ( 'NONE',  ( -1.000000000000000000, -1.719470254348916462E-30, 2.290883888735602091E-30 ) ) ;
#1539 = CARTESIAN_POINT ( 'NONE',  ( -2.958228394578783761E-30, -3.707804755042061227E-14, -10.00000000000001421 ) ) ;
#1540 = VERTEX_POINT ( 'NONE', #4365 ) ;
#1541 = FACE_OUTER_BOUND ( 'NONE', #3655, .T. ) ;
#1542 = ORIENTED_EDGE ( 'NONE', *, *, #1909, .T. ) ;
#1543 = ORIENTED_EDGE ( 'NONE', *, *, #2325, .T. ) ;
#1544 = FACE_OUTER_BOUND ( 'NONE', #4143, .T. ) ;
#1545 = FACE_OUTER_BOUND ( 'NONE', #656, .T. ) ;
#1546 = EDGE_LOOP ( 'NONE', ( #15, #6169 ) ) ;
#1547 = CARTESIAN_POINT ( 'NONE',  ( 5.960486317375836229, 4.064265119627129330, 0.5557300053808887919 ) ) ;
#1548 = EDGE_CURVE ( 'NONE', #5348, #6971, #3839, .T. ) ;
#1549 = EDGE_LOOP ( 'NONE', ( #1357, #7264 ) ) ;
#1550 = DIRECTION ( 'NONE',  ( -1.000000000000000000, -2.536951011547150738E-31, -2.465190328815656637E-31 ) ) ;
#1551 = DIRECTION ( 'NONE',  ( 1.000000000000000000, 0.000000000000000000, 0.000000000000000000 ) ) ;
#1552 = CARTESIAN_POINT ( 'NONE',  ( 13.40000000000002345, 0.000000000000000000, -5.473822126268816683E-45 ) ) ;
#1553 = ORIENTED_EDGE ( 'NONE', *, *, #680, .F. ) ;
#1554 = VECTOR ( 'NONE', #7675, 1000.000000000000114 ) ;
#1555 = CYLINDRICAL_SURFACE ( 'NONE', #3814, 1.249999999999999334 ) ;
#1556 = CARTESIAN_POINT ( 'NONE',  ( 0.000000000000000000, 0.000000000000000000, 0.000000000000000000 ) ) ;
#1557 = DIRECTION ( 'NONE',  ( -0.000000000000000000, -0.000000000000000000, -1.000000000000000000 ) ) ;
#1558 = EDGE_CURVE ( 'NONE', #5196, #3919, #2758, .T. ) ;
#1559 = CARTESIAN_POINT ( 'NONE',  ( -10.00000000000000000, -0.2089712751189385653, -44.59999999999993747 ) ) ;
#1560 = DIRECTION ( 'NONE',  ( -1.000000000000000000, 0.000000000000000000, 0.000000000000000000 ) ) ;
#1561 = CARTESIAN_POINT ( 'NONE',  ( -3.323417653124999926, 4.070012791129339714E-16, 2.948417653125003035 ) ) ;
#1562 = CARTESIAN_POINT ( 'NONE',  ( -2.562089695068307638, 8.630485459302139617, -39.51835318945795450 ) ) ;
#1563 = CARTESIAN_POINT ( 'NONE',  ( 6.750000000000008882, -0.08161222687178061597, 9.000000000000003553 ) ) ;
#1564 = DIRECTION ( 'NONE',  ( 0.000000000000000000, 0.000000000000000000, 1.000000000000000000 ) ) ;
#1565 = ORIENTED_EDGE ( 'NONE', *, *, #8346, .T. ) ;
#1566 = MECHANICAL_DESIGN_GEOMETRIC_PRESENTATION_REPRESENTATION (  '', ( #27 ), #4147 ) ;
#1567 = DIRECTION ( 'NONE',  ( -1.000000000000000000, -0.000000000000000000, -0.000000000000000000 ) ) ;
#1568 = DIRECTION ( 'NONE',  ( 0.7071067811865464625, 0.000000000000000000, -0.7071067811865486830 ) ) ;
#1569 = CARTESIAN_POINT ( 'NONE',  ( 2.071014226295629257, -9.783194778674738856, 0.3276896756148607870 ) ) ;
#1570 = DIRECTION ( 'NONE',  ( 0.000000000000000000, 1.000000000000000000, 0.000000000000000000 ) ) ;
#1571 = ORIENTED_EDGE ( 'NONE', *, *, #3988, .F. ) ;
#1572 = PRODUCT_DEFINITION_SHAPE ( 'NONE', 'NONE',  #3606 ) ;
#1573 = ORIENTED_EDGE ( 'NONE', *, *, #4654, .F. ) ;
#1574 = EDGE_LOOP ( 'NONE', ( #5027, #449 ) ) ;
#1575 = DIRECTION ( 'NONE',  ( 1.000000000000000000, 0.000000000000000000, 0.000000000000000000 ) ) ;
#1576 = ORIENTED_EDGE ( 'NONE', *, *, #3284, .T. ) ;
#1577 = DIRECTION ( 'NONE',  ( 0.02956808821078314720, 0.000000000000000000, 0.9995627684940849855 ) ) ;
#1578 = CARTESIAN_POINT ( 'NONE',  ( -13.50000000000000178, 0.000000000000000000, 1.649999999999997025 ) ) ;
#1579 = CARTESIAN_POINT ( 'NONE',  ( 6.999999999999999112, 0.000000000000000000, 0.000000000000000000 ) ) ;
#1580 = ORIENTED_EDGE ( 'NONE', *, *, #5182, .T. ) ;
#1581 = ORIENTED_EDGE ( 'NONE', *, *, #2012, .F. ) ;
#1582 = CARTESIAN_POINT ( 'NONE',  ( 8.835786437626918399, -5.500000000000273559, 1.343369859796500945E-14 ) ) ;
#1583 = DIRECTION ( 'NONE',  ( 0.000000000000000000, 0.000000000000000000, 1.000000000000000000 ) ) ;
#1584 = ORIENTED_EDGE ( 'NONE', *, *, #4928, .F. ) ;
#1585 = EDGE_CURVE ( 'NONE', #8292, #2399, #7771, .T. ) ;
#1586 = PLANE ( 'NONE',  #8156 ) ;
#1587 = EDGE_CURVE ( 'NONE', #2757, #4930, #1101, .T. ) ;
#1588 = DIRECTION ( 'NONE',  ( 1.000000000000000000, 2.168404344971012319E-16, 1.094409690898047299E-30 ) ) ;
#1589 = VERTEX_POINT ( 'NONE', #3243 ) ;
#1590 = DIRECTION ( 'NONE',  ( 0.000000000000000000, 1.000000000000000000, 0.000000000000000000 ) ) ;
#1591 = AXIS2_PLACEMENT_3D ( 'NONE', #1335, #7207, #6521 ) ;
#1592 = CARTESIAN_POINT ( 'NONE',  ( 0.000000000000000000, 0.000000000000000000, 0.000000000000000000 ) ) ;
#1593 = EDGE_CURVE ( 'NONE', #3584, #6551, #6669, .T. ) ;
#1594 = ORIENTED_EDGE ( 'NONE', *, *, #3249, .T. ) ;
#1595 = EDGE_CURVE ( 'NONE', #4710, #1238, #4658, .T. ) ;
#1596 = CARTESIAN_POINT ( 'NONE',  ( 6.907977104541749291, -0.6299612332229389544, -8.979206067794123669 ) ) ;
#1597 = DIRECTION ( 'NONE',  ( 0.000000000000000000, 0.000000000000000000, 1.000000000000000000 ) ) ;
#1598 = LINE ( 'NONE', #2196, #7459 ) ;
#1599 = DIRECTION ( 'NONE',  ( 0.5150380749100549327, 0.000000000000000000, -0.8571673007021118895 ) ) ;
#1600 = CARTESIAN_POINT ( 'NONE',  ( 20.00000000000000000, 1.224646799147353454E-15, -10.00000000000000000 ) ) ;
#1601 = CARTESIAN_POINT ( 'NONE',  ( 0.000000000000000000, 0.000000000000000000, -88.99999999999997158 ) ) ;
#1602 = AXIS2_PLACEMENT_3D ( 'NONE', #617, #3252, #5833 ) ;
#1603 = CIRCLE ( 'NONE', #8384, 6.500000000000007994 ) ;
#1604 = CARTESIAN_POINT ( 'NONE',  ( 20.00000000000000000, 0.000000000000000000, 10.00000000000001421 ) ) ;
#1605 = LINE ( 'NONE', #6104, #5708 ) ;
#1606 = PLANE ( 'NONE',  #3793 ) ;
#1607 = ORIENTED_EDGE ( 'NONE', *, *, #1051, .T. ) ;
#1608 = CARTESIAN_POINT ( 'NONE',  ( -10.00000000000000000, 1.959434878635764491E-16, -44.59999999999992326 ) ) ;
#1609 = AXIS2_PLACEMENT_3D ( 'NONE', #8290, #3829, #7520 ) ;
#1610 = CARTESIAN_POINT ( 'NONE',  ( 28.99999999999999645, 7.395570986446999128E-29, -6.240013019814657616E-29 ) ) ;
#1611 = AXIS2_PLACEMENT_3D ( 'NONE', #263, #208, #2894 ) ;
#1612 = CARTESIAN_POINT ( 'NONE',  ( 0.5000000000000000000, 0.000000000000000000, 3.000000000000000000 ) ) ;
#1613 = CARTESIAN_POINT ( 'NONE',  ( -1.155699999999999728, 1.415324305774595790E-16, -1.039999999999999813 ) ) ;
#1614 = ORIENTED_EDGE ( 'NONE', *, *, #6880, .F. ) ;
#1615 = AXIS2_PLACEMENT_3D ( 'NONE', #6757, #2868, #1583 ) ;
#1616 = ORIENTED_EDGE ( 'NONE', *, *, #2721, .T. ) ;
#1617 = DIRECTION ( 'NONE',  ( -2.469610187574633181E-30, -2.503857664561830021E-15, 1.000000000000000000 ) ) ;
#1618 = STYLED_ITEM ( 'NONE', ( #5890 ), #6031 ) ;
#1619 = ORIENTED_EDGE ( 'NONE', *, *, #3058, .F. ) ;
#1620 = PRODUCT_CONTEXT ( 'NONE', #6966, 'mechanical' ) ;
#1621 = VECTOR ( 'NONE', #2361, 1000.000000000000000 ) ;
#1622 = AXIS2_PLACEMENT_3D ( 'NONE', #6482, #758, #5216 ) ;
#1623 = LINE ( 'NONE', #8080, #5195 ) ;
#1624 = CARTESIAN_POINT ( 'NONE',  ( 6.500000000000000888, -3.752776749732612327, 3.315247287287366618 ) ) ;
#1625 = EDGE_LOOP ( 'NONE', ( #6984, #4631, #3463, #1571 ) ) ;
#1626 = VECTOR ( 'NONE', #7633, 1000.000000000000114 ) ;
#1627 = ORIENTED_EDGE ( 'NONE', *, *, #588, .F. ) ;
#1628 = CARTESIAN_POINT ( 'NONE',  ( 8.000000000000007105, -10.00000000000001776, 0.000000000000000000 ) ) ;
#1629 = AXIS2_PLACEMENT_3D ( 'NONE', #4690, #7729, #801 ) ;
#1630 = CARTESIAN_POINT ( 'NONE',  ( 0.000000000000000000, 0.000000000000000000, 0.000000000000000000 ) ) ;
#1631 = ORIENTED_EDGE ( 'NONE', *, *, #3992, .F. ) ;
#1632 = DIRECTION ( 'NONE',  ( 0.000000000000000000, 3.830269434956791642E-15, 1.000000000000000000 ) ) ;
#1633 = VECTOR ( 'NONE', #4738, 1000.000000000000000 ) ;
#1634 = ORIENTED_EDGE ( 'NONE', *, *, #7250, .T. ) ;
#1635 = CARTESIAN_POINT ( 'NONE',  ( 3.535533905932743970, 9.354143466934859319, -3.535533905932752852 ) ) ;
#1636 = EDGE_LOOP ( 'NONE', ( #3585, #1723 ) ) ;
#1637 = CARTESIAN_POINT ( 'NONE',  ( 3.564938189428371818, 9.351609315107900500, -26.95925497504132551 ) ) ;
#1638 = CARTESIAN_POINT ( 'NONE',  ( 7.230559604832099474, -8.945190515247038121, 0.9984817235875933505 ) ) ;
#1639 = CIRCLE ( 'NONE', #3272, 10.00000000000001421 ) ;
#1640 = ADVANCED_FACE ( 'NONE', ( #6585 ), #1244, .T. ) ;
#1641 = ORIENTED_EDGE ( 'NONE', *, *, #3016, .F. ) ;
#1642 = AXIS2_PLACEMENT_3D ( 'NONE', #3505, #8049, #2227 ) ;
#1643 = CARTESIAN_POINT ( 'NONE',  ( 8.000000000000007105, 3.491481338843151026E-14, 10.00000000000004974 ) ) ;
#1644 = DIRECTION ( 'NONE',  ( 0.000000000000000000, 0.000000000000000000, 1.000000000000000000 ) ) ;
#1645 = DIRECTION ( 'NONE',  ( 0.000000000000000000, 0.000000000000000000, 1.000000000000000000 ) ) ;
#1646 = AXIS2_PLACEMENT_3D ( 'NONE', #5168, #8353, #2524 ) ;
#1647 = ADVANCED_FACE ( 'NONE', ( #5316 ), #4677, .F. ) ;
#1648 = CARTESIAN_POINT ( 'NONE',  ( -12.00000000000000000, 0.000000000000000000, -2.499999999999997780 ) ) ;
#1649 = DIRECTION ( 'NONE',  ( -0.000000000000000000, 0.000000000000000000, -1.000000000000000000 ) ) ;
#1650 = CIRCLE ( 'NONE', #803, 9.000000000000010658 ) ;
#1651 = ADVANCED_FACE ( 'NONE', ( #785 ), #90, .F. ) ;
#1652 = CARTESIAN_POINT ( 'NONE',  ( 10.82531754730547924, -3.500000000000196287, -5.178078794302169108 ) ) ;
#1653 = ADVANCED_FACE ( 'NONE', ( #47 ), #11, .F. ) ;
#1654 = EDGE_CURVE ( 'NONE', #5457, #2440, #3962, .T. ) ;
#1655 = CARTESIAN_POINT ( 'NONE',  ( 0.9999999999999997780, 0.1963498886680504485, -1.121305146934885810 ) ) ;
#1656 = CARTESIAN_POINT ( 'NONE',  ( 9.459657293866403194, 4.716142924951001625, -4.101613995481141473 ) ) ;
#1657 = AXIS2_PLACEMENT_3D ( 'NONE', #1087, #5433, #3700 ) ;
#1658 = CARTESIAN_POINT ( 'NONE',  ( 8.163749679370901902, -1.241920287142819657, 5.357975516591186427 ) ) ;
#1659 = ORIENTED_EDGE ( 'NONE', *, *, #5999, .T. ) ;
#1660 = CARTESIAN_POINT ( 'NONE',  ( 3.535533905932743970, -9.354143466934859319, 3.535533905932752852 ) ) ;
#1661 = CARTESIAN_POINT ( 'NONE',  ( -1.800000000000000044, 2.204364238465235576E-16, -1.949999999999999067 ) ) ;
#1662 = CARTESIAN_POINT ( 'NONE',  ( 2.330446892045929363, -9.725535409715192259, -1.623053543327623416 ) ) ;
#1663 = CARTESIAN_POINT ( 'NONE',  ( 0.000000000000000000, 19.90000000000000213, 5.200000000000000178 ) ) ;
#1664 = VERTEX_POINT ( 'NONE', #4087 ) ;
#1665 = B_SPLINE_CURVE_WITH_KNOTS ( 'NONE', 3,
 ( #4804, #962, #3586, #5352, #2291, #4261, #4843, #870, #7946, #346, #6793, #2900 ),
 .UNSPECIFIED., .F., .F.,
 ( 4, 2, 2, 2, 2, 4 ),
 ( 0.001960962860494976610, 0.002205956631245323610, 0.002450950401995673211, 0.002940937943496368945, 0.003430925484997065546, 0.003920913026497762147 ),
 .UNSPECIFIED. ) ;
#1666 = VECTOR ( 'NONE', #5731, 1000.000000000000000 ) ;
#1667 = ORIENTED_EDGE ( 'NONE', *, *, #253, .T. ) ;
#1668 = DIRECTION ( 'NONE',  ( 1.898196553187937393E-30, 1.000000000000000000, -2.442490654175333739E-15 ) ) ;
#1669 = AXIS2_PLACEMENT_3D ( 'NONE', #5001, #3523, #7592 ) ;
#1670 = ORIENTED_EDGE ( 'NONE', *, *, #2153, .F. ) ;
#1671 = SHAPE_DEFINITION_REPRESENTATION ( #6257, #95 ) ;
#1672 = CARTESIAN_POINT ( 'NONE',  ( 0.000000000000000000, 19.90000000000000213, 0.000000000000000000 ) ) ;
#1673 = DIRECTION ( 'NONE',  ( -1.000000000000000000, -2.536951011547150738E-31, -2.465190328815656637E-31 ) ) ;
#1674 = LINE ( 'NONE', #6029, #644 ) ;
#1675 = ORIENTED_EDGE ( 'NONE', *, *, #1132, .T. ) ;
#1676 = ORIENTED_EDGE ( 'NONE', *, *, #1188, .F. ) ;
#1677 = CARTESIAN_POINT ( 'NONE',  ( -12.00099999999998346, -6.500000000000456524, -5.080600358225501267 ) ) ;
#1678 = DIRECTION ( 'NONE',  ( 0.000000000000000000, 3.952734114871519691E-15, 1.000000000000000000 ) ) ;
#1679 = ORIENTED_EDGE ( 'NONE', *, *, #5704, .T. ) ;
#1680 = DIRECTION ( 'NONE',  ( -0.000000000000000000, -1.000000000000000000, -0.000000000000000000 ) ) ;
#1681 = ORIENTED_EDGE ( 'NONE', *, *, #6772, .T. ) ;
#1682 = CARTESIAN_POINT ( 'NONE',  ( 0.9525671816038147055, 9.965325511264431668, -26.04929044090727785 ) ) ;
#1683 = VECTOR ( 'NONE', #7665, 1000.000000000000000 ) ;
#1684 = PRODUCT_RELATED_PRODUCT_CATEGORY ( 'part', '', ( #6325 ) ) ;
#1685 = EDGE_LOOP ( 'NONE', ( #8123, #8422, #5003, #6287 ) ) ;
#1686 = CARTESIAN_POINT ( 'NONE',  ( 0.9999999999999995559, 0.5773502691896269523, -1.040000000000000036 ) ) ;
#1687 =( LENGTH_UNIT ( ) NAMED_UNIT ( * ) SI_UNIT ( .MILLI., .METRE. ) );
#1688 = PLANE ( 'NONE',  #6376 ) ;
#1689 = EDGE_CURVE ( 'NONE', #1229, #7008, #7791, .T. ) ;
#1690 = CARTESIAN_POINT ( 'NONE',  ( 9.000000000000000000, 0.000000000000000000, 36.00000000000000000 ) ) ;
#1691 = DIRECTION ( 'NONE',  ( -2.469610187574633181E-30, -2.449021377849508624E-15, 1.000000000000000000 ) ) ;
#1692 = DIRECTION ( 'NONE',  ( 1.898196553187937393E-30, 1.000000000000000000, -2.442490654175333739E-15 ) ) ;
#1693 = SURFACE_SIDE_STYLE ('',( #295 ) ) ;
#1694 = DIRECTION ( 'NONE',  ( 0.000000000000000000, 0.000000000000000000, 1.000000000000000000 ) ) ;
#1695 = SURFACE_STYLE_USAGE ( .BOTH. , #509 ) ;
#1696 = TOROIDAL_SURFACE ( 'NONE', #6022, 6.250000000000009770, 1.999999999999995781 ) ;
#1697 = ORIENTED_EDGE ( 'NONE', *, *, #776, .F. ) ;
#1698 = DIRECTION ( 'NONE',  ( 0.000000000000000000, 0.000000000000000000, 1.000000000000000000 ) ) ;
#1699 = ADVANCED_FACE ( 'NONE', ( #7313 ), #6670, .F. ) ;
#1700 = CARTESIAN_POINT ( 'NONE',  ( 0.000000000000000000, 0.000000000000000000, -7.150000000000000355 ) ) ;
#1701 = FACE_OUTER_BOUND ( 'NONE', #168, .T. ) ;
#1702 = CARTESIAN_POINT ( 'NONE',  ( 0.9999999999999995559, 6.487882012893264572E-13, -1.129893436919176652 ) ) ;
#1703 = ORIENTED_EDGE ( 'NONE', *, *, #7966, .F. ) ;
#1704 = EDGE_CURVE ( 'NONE', #2849, #4471, #7104, .T. ) ;
#1705 = DIRECTION ( 'NONE',  ( 1.000000000000000000, 0.000000000000000000, 0.000000000000000000 ) ) ;
#1706 = EDGE_LOOP ( 'NONE', ( #610, #7485, #651, #4343 ) ) ;
#1707 = DIRECTION ( 'NONE',  ( 2.290574811757063663E-30, 2.442490654175333739E-15, 1.000000000000000000 ) ) ;
#1708 = VERTEX_POINT ( 'NONE', #6549 ) ;
#1709 = ADVANCED_FACE ( 'NONE', ( #3916 ), #5612, .F. ) ;
#1710 = SHAPE_DEFINITION_REPRESENTATION ( #6594, #2742 ) ;
#1711 = AXIS2_PLACEMENT_3D ( 'NONE', #5213, #3940, #151 ) ;
#1712 = CARTESIAN_POINT ( 'NONE',  ( 14.00000000000001243, 0.000000000000000000, 0.000000000000000000 ) ) ;
#1713 = CARTESIAN_POINT ( 'NONE',  ( 12.00000000000001066, -3.469446951953618922E-15, -1.733336949948512268E-30 ) ) ;
#1714 = ORIENTED_EDGE ( 'NONE', *, *, #5092, .F. ) ;
#1715 = EDGE_LOOP ( 'NONE', ( #3352, #925, #927, #5540 ) ) ;
#1716 = CARTESIAN_POINT ( 'NONE',  ( 6.993182897882625149, -7.148449914884079881, 1.233540871309026121 ) ) ;
#1717 = ORIENTED_EDGE ( 'NONE', *, *, #5333, .F. ) ;
#1718 = FACE_OUTER_BOUND ( 'NONE', #6357, .T. ) ;
#1719 = EDGE_CURVE ( 'NONE', #2426, #8097, #3431, .T. ) ;
#1720 = DIRECTION ( 'NONE',  ( -1.000000000000000000, -0.000000000000000000, -0.000000000000000000 ) ) ;
#1721 = ORIENTED_EDGE ( 'NONE', *, *, #2434, .F. ) ;
#1722 = CARTESIAN_POINT ( 'NONE',  ( 14.00000000000001243, 0.000000000000000000, 0.000000000000000000 ) ) ;
#1723 = ORIENTED_EDGE ( 'NONE', *, *, #2073, .T. ) ;
#1724 = PLANE ( 'NONE',  #790 ) ;
#1725 = DIRECTION ( 'NONE',  ( -1.000000000000000000, -0.000000000000000000, -0.000000000000000000 ) ) ;
#1726 = CARTESIAN_POINT ( 'NONE',  ( -9.878255010358389043, 1.557752724820036017, -42.57949130263599358 ) ) ;
#1727 = PRODUCT_RELATED_PRODUCT_CATEGORY ( 'part', '', ( #1298 ) ) ;
#1728 = CARTESIAN_POINT ( 'NONE',  ( -9.871159471975866850, -1.600065837180447481, -42.89528026141253747 ) ) ;
#1729 = CARTESIAN_POINT ( 'NONE',  ( 0.5000000000000000000, 0.000000000000000000, 0.000000000000000000 ) ) ;
#1730 = DIRECTION ( 'NONE',  ( 2.958228394578778944E-31, 3.830269434956790853E-15, 1.000000000000000000 ) ) ;
#1731 = AXIS2_PLACEMENT_3D ( 'NONE', #4186, #1511, #2917 ) ;
#1732 = DIRECTION ( 'NONE',  ( -0.000000000000000000, 1.000000000000000000, -0.000000000000000000 ) ) ;
#1733 = VERTEX_POINT ( 'NONE', #5233 ) ;
#1734 = CARTESIAN_POINT ( 'NONE',  ( 2.233815411304880261, 9.747539722644729565, -1.308069844642596236 ) ) ;
#1735 = DIRECTION ( 'NONE',  ( 1.000000000000000000, 0.000000000000000000, 0.000000000000000000 ) ) ;
#1736 = CIRCLE ( 'NONE', #6476, 8.250000000000344613 ) ;
#1737 = AXIS2_PLACEMENT_3D ( 'NONE', #8160, #2336, #6156 ) ;
#1738 = CARTESIAN_POINT ( 'NONE',  ( 10.10878330957787341, 4.500000000000125233, 4.337337893224498586 ) ) ;
#1739 = CARTESIAN_POINT ( 'NONE',  ( 6.746435006643838328, 5.957874749669377579, -31.11883280678759434 ) ) ;
#1740 = ORIENTED_EDGE ( 'NONE', *, *, #4262, .F. ) ;
#1741 = EDGE_CURVE ( 'NONE', #1186, #5779, #1258, .T. ) ;
#1742 = EDGE_CURVE ( 'NONE', #7405, #6944, #1958, .T. ) ;
#1743 = DIRECTION ( 'NONE',  ( -1.000000000000000000, 0.000000000000000000, 0.000000000000000000 ) ) ;
#1744 = VERTEX_POINT ( 'NONE', #2091 ) ;
#1745 = FACE_OUTER_BOUND ( 'NONE', #6136, .T. ) ;
#1746 = VECTOR ( 'NONE', #8208, 1000.000000000000000 ) ;
#1747 = ORIENTED_EDGE ( 'NONE', *, *, #6520, .F. ) ;
#1748 = APPLICATION_PROTOCOL_DEFINITION ( 'draft international standard', 'automotive_design', 1998, #6369 ) ;
#1749 = AXIS2_PLACEMENT_3D ( 'NONE', #2664, #5225, #1402 ) ;
#1750 = EDGE_CURVE ( 'NONE', #6767, #6782, #7190, .T. ) ;
#1751 = CARTESIAN_POINT ( 'NONE',  ( 28.17157287525381903, 3.697785493223492838E-29, -4.468157470978387179E-29 ) ) ;
#1752 = CARTESIAN_POINT ( 'NONE',  ( -3.172574074835099900, 9.485754788391544068, -39.24391239404597087 ) ) ;
#1753 = ORIENTED_EDGE ( 'NONE', *, *, #6825, .F. ) ;
#1754 = VECTOR ( 'NONE', #376, 999.9999999999998863 ) ;
#1755 = ORIENTED_EDGE ( 'NONE', *, *, #1900, .T. ) ;
#1756 = VECTOR ( 'NONE', #4499, 1000.000000000000000 ) ;
#1757 = EDGE_CURVE ( 'NONE', #7582, #2509, #6751, .T. ) ;
#1758 = EDGE_LOOP ( 'NONE', ( #4608, #2119, #3337, #7858, #5148, #5273, #324 ) ) ;
#1759 = CARTESIAN_POINT ( 'NONE',  ( 7.618062534656912632, -6.479627044599634011, 3.260395914994951738 ) ) ;
#1760 = CIRCLE ( 'NONE', #6364, 0.5000000000000000000 ) ;
#1761 = CYLINDRICAL_SURFACE ( 'NONE', #7723, 9.000000000000010658 ) ;
#1762 = ORIENTED_EDGE ( 'NONE', *, *, #7037, .T. ) ;
#1763 = AXIS2_PLACEMENT_3D ( 'NONE', #1601, #6186, #2279 ) ;
#1764 = DIRECTION ( 'NONE',  ( 0.000000000000000000, 0.000000000000000000, -1.000000000000000000 ) ) ;
#1765 = TOROIDAL_SURFACE ( 'NONE', #7861, 6.300000000000000711, 0.1999999999999996503 ) ;
#1766 = APPLICATION_CONTEXT ( 'automotive_design' ) ;
#1767 = VERTEX_POINT ( 'NONE', #6796 ) ;
#1768 = CARTESIAN_POINT ( 'NONE',  ( 0.5999999999999894307, 8.499999999999989342, -5.267826876426342508 ) ) ;
#1769 = ORIENTED_EDGE ( 'NONE', *, *, #6499, .F. ) ;
#1770 = CARTESIAN_POINT ( 'NONE',  ( 7.000562488098507785, 7.140877080678153632, -33.47364425656446230 ) ) ;
#1771 = EDGE_CURVE ( 'NONE', #7540, #6753, #7999, .T. ) ;
#1772 = VERTEX_POINT ( 'NONE', #1578 ) ;
#1773 = EDGE_CURVE ( 'NONE', #5348, #2494, #1623, .T. ) ;
#1774 = AXIS2_PLACEMENT_3D ( 'NONE', #7843, #5291, #3891 ) ;
#1775 = LINE ( 'NONE', #7541, #4225 ) ;
#1776 = CARTESIAN_POINT ( 'NONE',  ( 4.375000000000000000, 0.000000000000000000, 4.000000000000000000 ) ) ;
#1777 = CARTESIAN_POINT ( 'NONE',  ( 2.522895730624552080, 9.781756074430420611, 2.083486238920801981 ) ) ;
#1778 = AXIS2_PLACEMENT_3D ( 'NONE', #639, #3468, #2191 ) ;
#1779 = CARTESIAN_POINT ( 'NONE',  ( 7.369122061698282877, -5.390993669064879867, 1.091475490620738009 ) ) ;
#1780 = ADVANCED_FACE ( 'NONE', ( #3589 ), #5448, .F. ) ;
#1781 = VECTOR ( 'NONE', #8269, 999.9999999999998863 ) ;
#1782 = CARTESIAN_POINT ( 'NONE',  ( 28.17157287525381903, 1.753348688589268272E-14, -6.835786437627201728 ) ) ;
#1783 = CIRCLE ( 'NONE', #8417, 8.000000000000000000 ) ;
#1784 = DIRECTION ( 'NONE',  ( 2.469610187574633181E-30, 2.385244779468010753E-15, -1.000000000000000000 ) ) ;
#1785 = CIRCLE ( 'NONE', #6518, 3.999999999999988010 ) ;
#1786 = CARTESIAN_POINT ( 'NONE',  ( 28.17157287525381903, -1.669634448784299971E-14, 6.835786437627201728 ) ) ;
#1787 = ORIENTED_EDGE ( 'NONE', *, *, #5898, .T. ) ;
#1788 = CARTESIAN_POINT ( 'NONE',  ( 2.581803347435874585, 9.661840232524253835, -2.225662832884606868 ) ) ;
#1789 = CONICAL_SURFACE ( 'NONE', #522, 7.750000000000325073, 0.7853981633974466137 ) ;
#1790 = ADVANCED_FACE ( 'NONE', ( #8120 ), #6202, .T. ) ;
#1791 = CARTESIAN_POINT ( 'NONE',  ( 7.000000000000006217, 0.000000000000000000, 1.642146637880645005E-44 ) ) ;
#1792 = CARTESIAN_POINT ( 'NONE',  ( 3.802141827538310093, -5.310385891838749650, 0.2686961928208774775 ) ) ;
#1793 = CARTESIAN_POINT ( 'NONE',  ( 13.00000000000001066, 0.000000000000000000, 0.000000000000000000 ) ) ;
#1794 = EDGE_LOOP ( 'NONE', ( #5439, #2767, #4205, #5744 ) ) ;
#1795 = AXIS2_PLACEMENT_3D ( 'NONE', #2684, #7799, #7835 ) ;
#1796 = PRODUCT_DEFINITION_SHAPE ( 'NONE', 'NONE',  #2981 ) ;
#1797 = ADVANCED_BREP_SHAPE_REPRESENTATION ( '', ( #3345, #1795 ), #2058 ) ;
#1798 = CLOSED_SHELL ( 'NONE', ( #4813, #6827, #4560, #5431, #4458, #5570, #6420, #1709, #2256, #2764, #1806, #185, #8044, #4524, #2956, #1485, #7625, #2067, #898, #306, #458, #2170, #2866, #6418, #3464, #4141, #3470, #6289, #854, #7833, #7154, #597, #350, #2787, #520, #6509, #7766, #8301, #5996, #3311, #1386, #777, #3502, #4904, #2779, #2948, #5497, #5629, #3617 ) ) ;
#1799 = CARTESIAN_POINT ( 'NONE',  ( -4.907477288111824265, 8.900000000000002132, 8.500000000000008882 ) ) ;
#1800 = VERTEX_POINT ( 'NONE', #2257 ) ;
#1801 = CARTESIAN_POINT ( 'NONE',  ( 6.368163355566236381E-16, 8.900000000000002132, -5.200000000000000178 ) ) ;
#1802 = EDGE_LOOP ( 'NONE', ( #5818, #7296 ) ) ;
#1803 = PRODUCT_CONTEXT ( 'NONE', #980, 'mechanical' ) ;
#1804 = ADVANCED_FACE ( 'NONE', ( #7433 ), #3547, .F. ) ;
#1805 = CARTESIAN_POINT ( 'NONE',  ( 10.46147475916266067, 2.142475347831025445, -5.879517290183364331 ) ) ;
#1806 = ADVANCED_FACE ( 'NONE', ( #220 ), #4934, .T. ) ;
#1807 = CARTESIAN_POINT ( 'NONE',  ( 8.402883097381923960, -8.921552986838094057, -1.186124631065837765 ) ) ;
#1808 = FACE_OUTER_BOUND ( 'NONE', #1370, .T. ) ;
#1809 = ORIENTED_EDGE ( 'NONE', *, *, #5898, .F. ) ;
#1810 = VERTEX_POINT ( 'NONE', #4222 ) ;
#1811 = ORIENTED_EDGE ( 'NONE', *, *, #2526, .T. ) ;
#1812 = CARTESIAN_POINT ( 'NONE',  ( 7.288069830646614733, -6.847906939424571959, -2.392890785459112379 ) ) ;
#1813 = DIRECTION ( 'NONE',  ( 1.000000000000000000, 0.000000000000000000, 0.000000000000000000 ) ) ;
#1814 = SURFACE_STYLE_FILL_AREA ( #7531 ) ;
#1815 = ADVANCED_FACE ( 'NONE', ( #7482 ), #3232, .T. ) ;
#1816 = DIRECTION ( 'NONE',  ( -1.000000000000000000, -0.000000000000000000, -0.000000000000000000 ) ) ;
#1817 = CARTESIAN_POINT ( 'NONE',  ( 9.092318750349630108, 8.979242871438890106, 0.6294052568118527757 ) ) ;
#1818 = ORIENTED_EDGE ( 'NONE', *, *, #2939, .T. ) ;
#1819 = CARTESIAN_POINT ( 'NONE',  ( 8.165766655861263601, 5.356071321407139152, 1.249999999999999556 ) ) ;
#1820 = ORIENTED_EDGE ( 'NONE', *, *, #1587, .T. ) ;
#1821 = LINE ( 'NONE', #3763, #5170 ) ;
#1822 = DIRECTION ( 'NONE',  ( -2.469610187574633532E-30, -2.503857664561828838E-15, 1.000000000000000000 ) ) ;
#1823 = DIRECTION ( 'NONE',  ( 1.000000000000000000, 0.000000000000000000, -2.241082117105147461E-30 ) ) ;
#1824 = EDGE_CURVE ( 'NONE', #937, #7343, #4809, .T. ) ;
#1825 = CARTESIAN_POINT ( 'NONE',  ( 7.671619780007388201, -5.364013360884201553, 1.217165621753757421 ) ) ;
#1826 = CYLINDRICAL_SURFACE ( 'NONE', #3897, 9.000000000000000000 ) ;
#1827 = CARTESIAN_POINT ( 'NONE',  ( 7.499999999999992895, 4.898587196589401982E-16, -3.999999999999988010 ) ) ;
#1828 = VERTEX_POINT ( 'NONE', #4768 ) ;
#1829 = CARTESIAN_POINT ( 'NONE',  ( 3.307899523879702208, 9.440181176186319689, -3.307899523879691106 ) ) ;
#1830 = CARTESIAN_POINT ( 'NONE',  ( 6.000000000000000000, 0.000000000000000000, -88.99999999999997158 ) ) ;
#1831 = CARTESIAN_POINT ( 'NONE',  ( 10.82531754730547924, 3.500000000000203393, 5.178078794302187760 ) ) ;
#1832 = CARTESIAN_POINT ( 'NONE',  ( 4.342675935678810717, 7.893728541780506980, -38.50843216872229391 ) ) ;
#1833 = LINE ( 'NONE', #8288, #8021 ) ;
#1834 = VECTOR ( 'NONE', #7444, 1000.000000000000000 ) ;
#1835 = DIRECTION ( 'NONE',  ( 0.000000000000000000, -1.000000000000000000, 2.442490654175333739E-15 ) ) ;
#1836 = ORIENTED_EDGE ( 'NONE', *, *, #6460, .T. ) ;
#1837 = CONTEXT_DEPENDENT_SHAPE_REPRESENTATION ( #8168, #5309 ) ;
#1838 = CARTESIAN_POINT ( 'NONE',  ( 10.24390062427393566, 0.3144684227039260538, -6.250000000000001776 ) ) ;
#1839 = DIRECTION ( 'NONE',  ( -1.767428939690776041E-16, 0.000000000000000000, 1.000000000000000000 ) ) ;
#1840 = DIRECTION ( 'NONE',  ( 0.000000000000000000, 2.442490654175355433E-15, -1.000000000000000000 ) ) ;
#1841 = ORIENTED_EDGE ( 'NONE', *, *, #5531, .F. ) ;
#1842 = ORIENTED_EDGE ( 'NONE', *, *, #4249, .T. ) ;
#1843 = EDGE_CURVE ( 'NONE', #7348, #7343, #2983, .T. ) ;
#1844 = VERTEX_POINT ( 'NONE', #2347 ) ;
#1845 = CARTESIAN_POINT ( 'NONE',  ( 7.529554263233953826, -6.581865670068191676, 3.049023541191469899 ) ) ;
#1846 =( LENGTH_UNIT ( ) NAMED_UNIT ( * ) SI_UNIT ( .MILLI., .METRE. ) );
#1847 = CARTESIAN_POINT ( 'NONE',  ( 3.535533905932743970, -9.354143466934859319, 3.535533905932752852 ) ) ;
#1848 = CARTESIAN_POINT ( 'NONE',  ( 7.347880794884120722E-16, 19.90000000000000213, 6.000000000000000888 ) ) ;
#1849 = ORIENTED_EDGE ( 'NONE', *, *, #6170, .F. ) ;
#1850 = CARTESIAN_POINT ( 'NONE',  ( 9.217578261813685003, 8.995339855478613700, 0.3268247328868250090 ) ) ;
#1851 = EDGE_LOOP ( 'NONE', ( #8011, #3122, #4330, #4811, #6712, #4218 ) ) ;
#1852 = DIRECTION ( 'NONE',  ( 0.000000000000000000, 0.000000000000000000, 1.000000000000000000 ) ) ;
#1853 = ORIENTED_EDGE ( 'NONE', *, *, #6595, .F. ) ;
#1854 = FACE_OUTER_BOUND ( 'NONE', #3028, .T. ) ;
#1855 = EDGE_CURVE ( 'NONE', #6204, #2443, #1603, .T. ) ;
#1856 = DIRECTION ( 'NONE',  ( 1.000000000000000000, -0.000000000000000000, -0.000000000000000000 ) ) ;
#1857 = CARTESIAN_POINT ( 'NONE',  ( -8.998131339328647726, 0.2100726382425139316, -41.41041806832884475 ) ) ;
#1858 = FACE_OUTER_BOUND ( 'NONE', #1968, .T. ) ;
#1859 = B_SPLINE_CURVE_WITH_KNOTS ( 'NONE', 3,
 ( #3795, #2512, #7267, #3996, #1310, #5864, #6581, #4521, #7824, #2632 ),
 .UNSPECIFIED., .F., .F.,
 ( 4, 2, 2, 2, 4 ),
 ( 0.005869564903814921200, 0.006358335861198872313, 0.006847106818582823426, 0.007335877775966774539, 0.007824648733350725652 ),
 .UNSPECIFIED. ) ;
#1860 = CARTESIAN_POINT ( 'NONE',  ( -2.697858172461674808, -5.947944357358944778, 0.2686961928208754791 ) ) ;
#1861 = DIRECTION ( 'NONE',  ( 2.536951011547141105E-31, -1.000000000000000000, 3.830269434956791642E-15 ) ) ;
#1862 = DIRECTION ( 'NONE',  ( -1.000000000000000000, -2.536951011547150738E-31, -2.465190328815656637E-31 ) ) ;
#1863 = DIRECTION ( 'NONE',  ( 0.7071067811865667796, -0.7071067811865283659, 1.727101704552098868E-15 ) ) ;
#1864 = ADVANCED_FACE ( 'NONE', ( #6251 ), #1048, .F. ) ;
#1865 = CARTESIAN_POINT ( 'NONE',  ( 13.00000000000001066, 0.000000000000000000, 0.000000000000000000 ) ) ;
#1866 = ORIENTED_EDGE ( 'NONE', *, *, #903, .F. ) ;
#1867 = CARTESIAN_POINT ( 'NONE',  ( 2.103399188268320952, 9.776511330280971634, -0.6575149818223871012 ) ) ;
#1868 = DIRECTION ( 'NONE',  ( 0.7071067811865473507, -2.708409491229513734E-15, -0.7071067811865477948 ) ) ;
#1869 = EDGE_CURVE ( 'NONE', #7430, #6451, #341, .T. ) ;
#1870 = CARTESIAN_POINT ( 'NONE',  ( 0.000000000000000000, 0.000000000000000000, 45.00000000000000000 ) ) ;
#1871 = DIRECTION ( 'NONE',  ( 0.000000000000000000, 0.000000000000000000, 1.000000000000000000 ) ) ;
#1872 = CARTESIAN_POINT ( 'NONE',  ( 5.558578643762690064, 0.000000000000000000, -5.473822126268816683E-45 ) ) ;
#1873 = CARTESIAN_POINT ( 'NONE',  ( 10.87995685378844613, 3.730863821951562631, -5.016355956475706535 ) ) ;
#1874 = VERTEX_POINT ( 'NONE', #3750 ) ;
#1875 = APPLICATION_PROTOCOL_DEFINITION ( 'draft international standard', 'automotive_design', 1998, #582 ) ;
#1876 = CARTESIAN_POINT ( 'NONE',  ( 0.000000000000000000, 11.00000000000000178, -4.200000000000000178 ) ) ;
#1877 = CARTESIAN_POINT ( 'NONE',  ( 8.630360921519699247, -8.933757157871248467, 1.091783651647606268 ) ) ;
#1878 = CARTESIAN_POINT ( 'NONE',  ( 6.750000000000007994, -2.039367854082312820E-14, -5.500000000000000000 ) ) ;
#1879 = VERTEX_POINT ( 'NONE', #6969 ) ;
#1880 = ORIENTED_EDGE ( 'NONE', *, *, #2213, .T. ) ;
#1881 = VECTOR ( 'NONE', #8076, 1000.000000000000114 ) ;
#1882 = ORIENTED_EDGE ( 'NONE', *, *, #993, .F. ) ;
#1883 = CARTESIAN_POINT ( 'NONE',  ( 8.177141550383971946, -5.765003927463366651, -4.419760762614934890 ) ) ;
#1884 = PRODUCT_RELATED_PRODUCT_CATEGORY ( 'part', '', ( #4100 ) ) ;
#1885 =( NAMED_UNIT ( * ) SI_UNIT ( $, .STERADIAN. ) SOLID_ANGLE_UNIT ( ) );
#1886 = CARTESIAN_POINT ( 'NONE',  ( 0.000000000000000000, 3.367778697655221505E-16, 2.500000000000000000 ) ) ;
#1887 = ORIENTED_EDGE ( 'NONE', *, *, #286, .F. ) ;
#1888 = CARTESIAN_POINT ( 'NONE',  ( 0.000000000000000000, 3.673940397442059868E-16, -3.000000000000000000 ) ) ;
#1889 = EDGE_LOOP ( 'NONE', ( #5358, #6261, #6871, #1580 ) ) ;
#1890 = CARTESIAN_POINT ( 'NONE',  ( 0.5000000000000000000, 0.000000000000000000, 0.000000000000000000 ) ) ;
#1891 = CIRCLE ( 'NONE', #5400, 8.000000000000000000 ) ;
#1892 = ORIENTED_EDGE ( 'NONE', *, *, #190, .T. ) ;
#1893 = AXIS2_PLACEMENT_3D ( 'NONE', #6677, #6132, #278 ) ;
#1894 = DIRECTION ( 'NONE',  ( 2.469610187574633181E-30, 2.458739416553555747E-15, -1.000000000000000000 ) ) ;
#1895 =( LENGTH_UNIT ( ) NAMED_UNIT ( * ) SI_UNIT ( .MILLI., .METRE. ) );
#1896 = SURFACE_STYLE_FILL_AREA ( #5169 ) ;
#1897 = CARTESIAN_POINT ( 'NONE',  ( 0.000000000000000000, 19.90000000000000213, 0.000000000000000000 ) ) ;
#1898 = CIRCLE ( 'NONE', #3384, 2.150000000000006128 ) ;
#1899 = CARTESIAN_POINT ( 'NONE',  ( 0.000000000000000000, 0.000000000000000000, -45.00000000000000000 ) ) ;
#1900 = EDGE_CURVE ( 'NONE', #4001, #212, #7701, .T. ) ;
#1901 = CIRCLE ( 'NONE', #8274, 9.000000000000000000 ) ;
#1902 = CARTESIAN_POINT ( 'NONE',  ( 7.288399375044049222, 6.847550326122433972, 2.393792396066646067 ) ) ;
#1903 = AXIS2_PLACEMENT_3D ( 'NONE', #2880, #1466, #1597 ) ;
#1904 = CIRCLE ( 'NONE', #778, 4.375000000000000000 ) ;
#1905 = DIRECTION ( 'NONE',  ( 1.898196553187937393E-30, 1.000000000000000000, -2.442490654175333739E-15 ) ) ;
#1906 = EDGE_CURVE ( 'NONE', #5305, #3684, #6181, .T. ) ;
#1907 = DIRECTION ( 'NONE',  ( 2.536951011547141105E-31, -1.000000000000000000, 3.830269434956791642E-15 ) ) ;
#1908 = AXIS2_PLACEMENT_3D ( 'NONE', #7077, #6519, #6353 ) ;
#1909 = EDGE_CURVE ( 'NONE', #654, #6243, #3108, .T. ) ;
#1910 = FACE_OUTER_BOUND ( 'NONE', #4080, .T. ) ;
#1911 = AXIS2_PLACEMENT_3D ( 'NONE', #3213, #2020, #5913 ) ;
#1912 = DIRECTION ( 'NONE',  ( 0.000000000000000000, 0.000000000000000000, 1.000000000000000000 ) ) ;
#1913 = AXIS2_PLACEMENT_3D ( 'NONE', #1686, #1118, #6899 ) ;
#1914 = EDGE_CURVE ( 'NONE', #3622, #2733, #2135, .T. ) ;
#1915 = CARTESIAN_POINT ( 'NONE',  ( 7.370154554436328276, 8.933721336179688777, -1.092071626319065292 ) ) ;
#1916 = DIRECTION ( 'NONE',  ( -0.000000000000000000, -1.000000000000000000, -0.000000000000000000 ) ) ;
#1917 = VECTOR ( 'NONE', #365, 1000.000000000000000 ) ;
#1918 = DIRECTION ( 'NONE',  ( -1.000000000000000000, 0.000000000000000000, 0.000000000000000000 ) ) ;
#1919 = CIRCLE ( 'NONE', #7615, 5.291502622129399036 ) ;
#1920 = ORIENTED_EDGE ( 'NONE', *, *, #3572, .F. ) ;
#1921 = ITEM_DEFINED_TRANSFORMATION ( 'NONE', 'NONE', #4767,  #1795 ) ;
#1922 = DIRECTION ( 'NONE',  ( -0.000000000000000000, -0.000000000000000000, 1.000000000000000000 ) ) ;
#1923 = AXIS2_PLACEMENT_3D ( 'NONE', #7321, #4006, #880 ) ;
#1924 = EDGE_CURVE ( 'NONE', #3991, #2751, #6883, .T. ) ;
#1925 = CARTESIAN_POINT ( 'NONE',  ( 8.081631562803202939, -8.912771734987945393, -1.249999999999999334 ) ) ;
#1926 = CARTESIAN_POINT ( 'NONE',  ( -6.904114004842424990, 7.234464554488559962, -34.17854054036684630 ) ) ;
#1927 = ORIENTED_EDGE ( 'NONE', *, *, #677, .F. ) ;
#1928 = AXIS2_PLACEMENT_3D ( 'NONE', #5908, #7150, #4724 ) ;
#1929 = ORIENTED_EDGE ( 'NONE', *, *, #5888, .F. ) ;
#1930 =( REPRESENTATION_RELATIONSHIP ('NONE','NONE', #7951, #7686 ) REPRESENTATION_RELATIONSHIP_WITH_TRANSFORMATION ( #7094 )SHAPE_REPRESENTATION_RELATIONSHIP( ) );
#1931 = ORIENTED_EDGE ( 'NONE', *, *, #627, .T. ) ;
#1932 = PRODUCT_DEFINITION_SHAPE ( 'NONE', 'NONE',  #8449 ) ;
#1933 = CARTESIAN_POINT ( 'NONE',  ( 6.908984626458219758, 5.465711560996330043, -0.6318518186160674288 ) ) ;
#1934 = CIRCLE ( 'NONE', #1657, 0.5000000000000000000 ) ;
#1935 = EDGE_LOOP ( 'NONE', ( #7879, #3172, #7917, #3191 ) ) ;
#1936 = FACE_OUTER_BOUND ( 'NONE', #7989, .T. ) ;
#1937 = ORIENTED_EDGE ( 'NONE', *, *, #3302, .F. ) ;
#1938 = CARTESIAN_POINT ( 'NONE',  ( 8.000000000000007105, 5.356071321407137376, -1.249999999999999334 ) ) ;
#1939 = SHAPE_REPRESENTATION ( '000401.10.10 \X2\041f04300442044004430431043e043a\X0\_0..20', ( #1795 ), #4085 ) ;
#1940 = ORIENTED_EDGE ( 'NONE', *, *, #548, .F. ) ;
#1941 = CARTESIAN_POINT ( 'NONE',  ( 6.750000000000007105, 0.1633217695532004077, -9.000000000000001776 ) ) ;
#1943 = AXIS2_PLACEMENT_3D ( 'NONE', #6479, #2578, #1215 ) ;
#1942 = PRODUCT_DEFINITION_FORMATION_WITH_SPECIFIED_SOURCE ( 'ANY', '', #7216, .NOT_KNOWN. ) ;
#1944 = VECTOR ( 'NONE', #1673, 1000.000000000000000 ) ;
#1945 = UNCERTAINTY_MEASURE_WITH_UNIT (LENGTH_MEASURE( 1.000000000000000082E-05 ), #6459, 'distance_accuracy_value', 'NONE');
#1946 =( NAMED_UNIT ( * ) PLANE_ANGLE_UNIT ( ) SI_UNIT ( $, .RADIAN. ) );
#1947 = PLANE ( 'NONE',  #7176 ) ;
#1948 = DIRECTION ( 'NONE',  ( -0.000000000000000000, 0.000000000000000000, -1.000000000000000000 ) ) ;
#1949 = CYLINDRICAL_SURFACE ( 'NONE', #4883, 10.00000000000000000 ) ;
#1950 = DIRECTION ( 'NONE',  ( -0.000000000000000000, 1.000000000000000000, -0.000000000000000000 ) ) ;
#1951 = DIRECTION ( 'NONE',  ( -0.000000000000000000, 1.000000000000000000, 1.224646799147353207E-16 ) ) ;
#1952 = DIRECTION ( 'NONE',  ( 0.000000000000000000, 0.000000000000000000, -1.000000000000000000 ) ) ;
#1953 = LINE ( 'NONE', #4538, #5160 ) ;
#1954 = CARTESIAN_POINT ( 'NONE',  ( 10.82531754730547924, -3.500000000000196287, -5.178078794302169108 ) ) ;
#1955 = CARTESIAN_POINT ( 'NONE',  ( 9.878440750298939102E-30, -6.000000000000398792, -4.000000000000149214 ) ) ;
#1956 = CARTESIAN_POINT ( 'NONE',  ( 0.000000000000000000, 2.850000000000000089, -1.649999999999999023 ) ) ;
#1957 = CARTESIAN_POINT ( 'NONE',  ( 8.999211735872627571, 0.7684767963373015931, -8.967877213244074497 ) ) ;
#1958 = CIRCLE ( 'NONE', #7789, 5.852414213562370904 ) ;
#1959 = CARTESIAN_POINT ( 'NONE',  ( 29.34194592968704640, 6.500000000000334843, 4.564964068794357566 ) ) ;
#1960 = VERTEX_POINT ( 'NONE', #2507 ) ;
#1961 = CONTEXT_DEPENDENT_SHAPE_REPRESENTATION ( #6532, #1989 ) ;
#1962 = ADVANCED_FACE ( 'NONE', ( #2470 ), #7692, .F. ) ;
#1963 = DIRECTION ( 'NONE',  ( 1.898196553187925833E-30, 1.000000000000000000, 2.442490654175355433E-15 ) ) ;
#1964 = CARTESIAN_POINT ( 'NONE',  ( 6.000000000000000000, 7.000000000000000000, 0.000000000000000000 ) ) ;
#1965 = DIRECTION ( 'NONE',  ( -2.527244646315869357E-18, -1.000000000000000000, 2.442490654175333739E-15 ) ) ;
#1966 = VERTEX_POINT ( 'NONE', #3835 ) ;
#1967 = AXIS2_PLACEMENT_3D ( 'NONE', #8132, #6215, #1588 ) ;
#1968 = EDGE_LOOP ( 'NONE', ( #1351, #5748, #6247, #7067 ) ) ;
#1969 = EDGE_LOOP ( 'NONE', ( #8166, #6212, #92, #392 ) ) ;
#1970 = CARTESIAN_POINT ( 'NONE',  ( 6.782672734534425985, 5.492319545870425479, -0.3281243586615445462 ) ) ;
#1971 =( LENGTH_UNIT ( ) NAMED_UNIT ( * ) SI_UNIT ( .MILLI., .METRE. ) );
#1972 = EDGE_LOOP ( 'NONE', ( #1143, #7427, #4802, #1184 ) ) ;
#1973 = DIRECTION ( 'NONE',  ( -1.000000000000000000, -2.536951011547150738E-31, -2.465190328815656637E-31 ) ) ;
#1974 = DIRECTION ( 'NONE',  ( -0.7071067811865472397, -2.621813885605965466E-15, -0.7071067811865479058 ) ) ;
#1975 = ORIENTED_EDGE ( 'NONE', *, *, #1757, .T. ) ;
#1976 = CARTESIAN_POINT ( 'NONE',  ( 6.500000000000000888, -3.752776749732559924, 4.000000000000000000 ) ) ;
#1977 = ORIENTED_EDGE ( 'NONE', *, *, #7209, .F. ) ;
#1978 = CARTESIAN_POINT ( 'NONE',  ( -9.814954576223648530, 6.900000000000000355, -2.808298311204775004E-15 ) ) ;
#1979 = PRESENTATION_LAYER_ASSIGNMENT (  '', '', ( #27 ) ) ;
#1980 = CARTESIAN_POINT ( 'NONE',  ( 9.542893218813491174, -4.792893218813667922, -4.337337893224481711 ) ) ;
#1981 = AXIS2_PLACEMENT_3D ( 'NONE', #5921, #7213, #2698 ) ;
#1982 = FACE_OUTER_BOUND ( 'NONE', #5034, .T. ) ;
#1983 = CARTESIAN_POINT ( 'NONE',  ( 7.798166086363696792, 6.261708689720174803, -3.661518805259746934 ) ) ;
#1984 = CYLINDRICAL_SURFACE ( 'NONE', #1343, 4.200000000000000178 ) ;
#1985 = CARTESIAN_POINT ( 'NONE',  ( 20.00000000000000000, 1.071565949253935702E-15, 8.750000000000012434 ) ) ;
#1986 = FACE_OUTER_BOUND ( 'NONE', #8139, .T. ) ;
#1987 = DIRECTION ( 'NONE',  ( 0.000000000000000000, 0.000000000000000000, 1.000000000000000000 ) ) ;
#1988 = FACE_OUTER_BOUND ( 'NONE', #8037, .T. ) ;
#1989 = PRODUCT_DEFINITION_SHAPE ( 'NONE', 'NONE',  #8436 ) ;
#1990 = DIRECTION ( 'NONE',  ( -1.000000000000000000, -2.536951011547150738E-31, -2.465190328815656637E-31 ) ) ;
#1991 = DIRECTION ( 'NONE',  ( 0.000000000000000000, 0.000000000000000000, -1.000000000000000000 ) ) ;
#1992 = EDGE_LOOP ( 'NONE', ( #2475, #7945, #1762, #4254 ) ) ;
#1993 = CARTESIAN_POINT ( 'NONE',  ( 28.06395059260118430, -6.500000000000476064, -1.768466870171797378 ) ) ;
#1994 = CARTESIAN_POINT ( 'NONE',  ( -24.50000000000000000, 2.020667218593129797E-16, -1.649999999999997691 ) ) ;
#1995 = EDGE_CURVE ( 'NONE', #2125, #7619, #4083, .T. ) ;
#1996 = DIRECTION ( 'NONE',  ( -1.000000000000000000, -1.719470254348916462E-30, 2.290883888735602091E-30 ) ) ;
#1997 = CARTESIAN_POINT ( 'NONE',  ( -9.814954576223648530, 6.900000000000000355, -2.808298311204775004E-15 ) ) ;
#1998 = EDGE_LOOP ( 'NONE', ( #7627, #4604, #821, #2353, #5537, #394 ) ) ;
#1999 = EDGE_LOOP ( 'NONE', ( #2342, #6974 ) ) ;
#2000 = ORIENTED_EDGE ( 'NONE', *, *, #993, .T. ) ;
#2001 = CARTESIAN_POINT ( 'NONE',  ( -12.00000000000000000, 0.000000000000000000, -2.499999999999997780 ) ) ;
#2002 = EDGE_CURVE ( 'NONE', #4947, #4795, #2413, .T. ) ;
#2003 = CARTESIAN_POINT ( 'NONE',  ( 3.535533905932743970, 9.354143466934859319, -3.535533905932752852 ) ) ;
#2004 = ORIENTED_EDGE ( 'NONE', *, *, #5393, .T. ) ;
#2005 = DIRECTION ( 'NONE',  ( 1.000000000000000000, 0.000000000000000000, 0.000000000000000000 ) ) ;
#2006 = LINE ( 'NONE', #3291, #5696 ) ;
#2007 = ORIENTED_EDGE ( 'NONE', *, *, #7202, .T. ) ;
#2008 = DIRECTION ( 'NONE',  ( -0.000000000000000000, -1.000000000000000000, -0.000000000000000000 ) ) ;
#2009 = AXIS2_PLACEMENT_3D ( 'NONE', #3501, #3076, #6885 ) ;
#2010 = AXIS2_PLACEMENT_3D ( 'NONE', #1964, #6576, #4550 ) ;
#2011 = EDGE_CURVE ( 'NONE', #2226, #3504, #4976, .T. ) ;
#2012 = EDGE_CURVE ( 'NONE', #5907, #4310, #7564, .T. ) ;
#2013 = ORIENTED_EDGE ( 'NONE', *, *, #3453, .T. ) ;
#2014 = B_SPLINE_CURVE_WITH_KNOTS ( 'NONE', 3,
 ( #3482, #3524, #3574, #7895, #4665, #7294, #2202, #812, #198, #2834, #4793, #7380, #1563, #3806 ),
 .UNSPECIFIED., .F., .F.,
 ( 4, 2, 2, 2, 2, 2, 4 ),
 ( 0.001956863112898797608, 0.002201355085590626058, 0.002445847058282454075, 0.002934831003666110542, 0.003423814949049767010, 0.003668306921741595027, 0.003912798894433423477 ),
 .UNSPECIFIED. ) ;
#2015 = DIRECTION ( 'NONE',  ( 0.000000000000000000, 0.000000000000000000, 1.000000000000000000 ) ) ;
#2016 = UNCERTAINTY_MEASURE_WITH_UNIT (LENGTH_MEASURE( 1.000000000000000082E-05 ), #1146, 'distance_accuracy_value', 'NONE');
#2017 = LINE ( 'NONE', #2131, #3251 ) ;
#2018 = ORIENTED_EDGE ( 'NONE', *, *, #2772, .T. ) ;
#2019 = CIRCLE ( 'NONE', #490, 8.000000000000000000 ) ;
#2020 = DIRECTION ( 'NONE',  ( 0.000000000000000000, 1.000000000000000000, 0.000000000000000000 ) ) ;
#2021 = VECTOR ( 'NONE', #4258, 1000.000000000000114 ) ;
#2022 = EDGE_CURVE ( 'NONE', #3684, #7606, #6114, .T. ) ;
#2023 = DIRECTION ( 'NONE',  ( 0.000000000000000000, 0.000000000000000000, -1.000000000000000000 ) ) ;
#2024 = CARTESIAN_POINT ( 'NONE',  ( 9.953438948427880462, 0.9951295998371472162, -7.185663485398415595 ) ) ;
#2025 = AXIS2_PLACEMENT_3D ( 'NONE', #1477, #8066, #2836 ) ;
#2026 = DIRECTION ( 'NONE',  ( 1.000000000000000000, 0.000000000000000000, 0.000000000000000000 ) ) ;
#2027 = DIRECTION ( 'NONE',  ( -0.000000000000000000, -0.000000000000000000, -1.000000000000000000 ) ) ;
#2028 = MECHANICAL_DESIGN_GEOMETRIC_PRESENTATION_REPRESENTATION (  '', ( #2975 ), #5012 ) ;
#2029 = ADVANCED_FACE ( 'NONE', ( #3235, #726 ), #3989, .F. ) ;
#2030 = CIRCLE ( 'NONE', #6631, 5.200000000000000178 ) ;
#2031 = CARTESIAN_POINT ( 'NONE',  ( 0.000000000000000000, 6.900000000000000355, 0.000000000000000000 ) ) ;
#2032 = CARTESIAN_POINT ( 'NONE',  ( 10.35613234710945996, 1.548591495401805407, 6.063153811720866315 ) ) ;
#2033 = AXIS2_PLACEMENT_3D ( 'NONE', #6310, #6274, #7585 ) ;
#2034 = CARTESIAN_POINT ( 'NONE',  ( 6.749969828073441036, 9.000004190545073612, -0.08117654247435358850 ) ) ;
#2035 = CARTESIAN_POINT ( 'NONE',  ( -2.985753317827441577, 8.493224357915149625, -39.33549595794788445 ) ) ;
#2036 = CIRCLE ( 'NONE', #3673, 8.000000000000000000 ) ;
#2037 = PLANE ( 'NONE',  #7988 ) ;
#2038 = ORIENTED_EDGE ( 'NONE', *, *, #3000, .F. ) ;
#2039 = CARTESIAN_POINT ( 'NONE',  ( -4.907477288111824265, 6.900000000000000355, 8.500000000000008882 ) ) ;
#2040 = PRESENTATION_STYLE_ASSIGNMENT (( #2709 ) ) ;
#2041 = EDGE_CURVE ( 'NONE', #7472, #2912, #2680, .T. ) ;
#2042 = DIRECTION ( 'NONE',  ( 0.000000000000000000, 0.000000000000000000, 1.000000000000000000 ) ) ;
#2043 = DIRECTION ( 'NONE',  ( 1.000000000000000000, 0.000000000000000000, -2.241082117105147111E-30 ) ) ;
#2044 = ORIENTED_EDGE ( 'NONE', *, *, #3690, .F. ) ;
#2045 = ORIENTED_EDGE ( 'NONE', *, *, #5363, .F. ) ;
#2046 = CIRCLE ( 'NONE', #3137, 10.00000000000001421 ) ;
#2047 = CIRCLE ( 'NONE', #2581, 4.000000000000164313 ) ;
#2048 = ORIENTED_EDGE ( 'NONE', *, *, #7463, .F. ) ;
#2049 = FACE_OUTER_BOUND ( 'NONE', #7192, .T. ) ;
#2050 = CARTESIAN_POINT ( 'NONE',  ( -5.859647551314705642E-16, 8.988355591162799894E-16, -9.499999999999980460 ) ) ;
#2051 = AXIS2_PLACEMENT_3D ( 'NONE', #6513, #1377, #5835 ) ;
#2052 = CIRCLE ( 'NONE', #3410, 5.291502622129400812 ) ;
#2053 = DIRECTION ( 'NONE',  ( -1.000000000000000000, -0.000000000000000000, -0.000000000000000000 ) ) ;
#2054 = ORIENTED_EDGE ( 'NONE', *, *, #6682, .F. ) ;
#2055 = DIRECTION ( 'NONE',  ( -1.000000000000000000, -0.000000000000000000, -0.000000000000000000 ) ) ;
#2056 = CARTESIAN_POINT ( 'NONE',  ( 9.217327265465586450, -5.492319545870427255, -0.3281243586615461560 ) ) ;
#2057 = ORIENTED_EDGE ( 'NONE', *, *, #6462, .T. ) ;
#2058 =( GEOMETRIC_REPRESENTATION_CONTEXT ( 3 ) GLOBAL_UNCERTAINTY_ASSIGNED_CONTEXT ( ( #3128 ) ) GLOBAL_UNIT_ASSIGNED_CONTEXT ( ( #4355, #7530, #5657 ) ) REPRESENTATION_CONTEXT ( 'NONE', 'WORKASPACE' ) );
#2059 = EDGE_CURVE ( 'NONE', #1416, #6129, #7230, .T. ) ;
#2060 = EDGE_LOOP ( 'NONE', ( #8258, #7057, #3299, #6853 ) ) ;
#2061 = PLANE ( 'NONE',  #6349 ) ;
#2062 = ADVANCED_FACE ( 'NONE', ( #1305 ), #902, .T. ) ;
#2063 = DIRECTION ( 'NONE',  ( 1.151418055718913040E-15, 1.000000000000000000, 3.830269434956790064E-15 ) ) ;
#2064 = ORIENTED_EDGE ( 'NONE', *, *, #154, .T. ) ;
#2065 = EDGE_CURVE ( 'NONE', #728, #2252, #649, .T. ) ;
#2066 = CARTESIAN_POINT ( 'NONE',  ( -6.500000000000000888, -2.393736292519152358E-18, 3.731761184457489833 ) ) ;
#2067 = ADVANCED_FACE ( 'NONE', ( #6453 ), #5933, .T. ) ;
#2068 = PRODUCT_DEFINITION_SHAPE ( 'NONE', 'NONE',  #8445 ) ;
#2069 = FACE_OUTER_BOUND ( 'NONE', #7234, .T. ) ;
#2070 = CARTESIAN_POINT ( 'NONE',  ( 10.00000000000000178, 0.2499780666391453465, -7.250000000000008882 ) ) ;
#2071 = COLOUR_RGB ( '',0.7921568627450980005, 0.8196078431372548767, 0.9333333333333333481 ) ;
#2072 = CARTESIAN_POINT ( 'NONE',  ( 6.814207130924924805, 0.4038090894212291171, -5.485678482127788413 ) ) ;
#2073 = EDGE_CURVE ( 'NONE', #1733, #976, #7970, .T. ) ;
#2074 = CARTESIAN_POINT ( 'NONE',  ( 8.835786437626946821, 4.500000000000124345, 4.337337893224499474 ) ) ;
#2075 = DIRECTION ( 'NONE',  ( -1.000000000000000000, -2.536951011547150738E-31, -2.465190328815656637E-31 ) ) ;
#2076 = FACE_OUTER_BOUND ( 'NONE', #2604, .T. ) ;
#2077 = CARTESIAN_POINT ( 'NONE',  ( 4.000000000000003553, 8.500000000000012434, 5.267826876426396687 ) ) ;
#2078 = CYLINDRICAL_SURFACE ( 'NONE', #3689, 8.000000000000000000 ) ;
#2079 = DIRECTION ( 'NONE',  ( 1.898196553187937393E-30, 1.000000000000000000, -2.442490654175333739E-15 ) ) ;
#2080 = CARTESIAN_POINT ( 'NONE',  ( 0.000000000000000000, 0.000000000000000000, 0.000000000000000000 ) ) ;
#2081 = ORIENTED_EDGE ( 'NONE', *, *, #725, .F. ) ;
#2082 = CARTESIAN_POINT ( 'NONE',  ( 6.500000000000000888, 2.505857227607696913, 3.549403234645159610 ) ) ;
#2083 = CARTESIAN_POINT ( 'NONE',  ( 0.000000000000000000, 0.000000000000000000, 36.00000000000000000 ) ) ;
#2084 = CARTESIAN_POINT ( 'NONE',  ( 5.852414213562370904, 8.185469736641521245E-16, 4.000000000000000000 ) ) ;
#2085 = EDGE_LOOP ( 'NONE', ( #496, #6461 ) ) ;
#2086 = ORIENTED_EDGE ( 'NONE', *, *, #6314, .T. ) ;
#2087 = ORIENTED_EDGE ( 'NONE', *, *, #3744, .F. ) ;
#2088 = CARTESIAN_POINT ( 'NONE',  ( 6.814080080592272992, 5.485706021596582715, 0.4034403567296431792 ) ) ;
#2089 = CARTESIAN_POINT ( 'NONE',  ( 0.000000000000000000, 0.000000000000000000, 76.00000000000000000 ) ) ;
#2090 = ORIENTED_EDGE ( 'NONE', *, *, #7092, .F. ) ;
#2091 = CARTESIAN_POINT ( 'NONE',  ( -2.099168659438524944E-29, -4.000000000000231815, 8.500000000000360600 ) ) ;
#2092 = CARTESIAN_POINT ( 'NONE',  ( 8.630777257744286501, -5.391006875353411054, 1.091395096906153439 ) ) ;
#2093 = EDGE_LOOP ( 'NONE', ( #7904, #2802, #834, #1530 ) ) ;
#2094 = CARTESIAN_POINT ( 'NONE',  ( -2.050000000000000711, 9.000000000000001776, 2.049999999999999822 ) ) ;
#2095 = ORIENTED_EDGE ( 'NONE', *, *, #7090, .T. ) ;
#2096 = CARTESIAN_POINT ( 'NONE',  ( -13.50000000000000178, 2.020667218593129057E-16, -1.649999999999997025 ) ) ;
#2097 = AXIS2_PLACEMENT_3D ( 'NONE', #2863, #2180, #4723 ) ;
#2098 = ORIENTED_EDGE ( 'NONE', *, *, #6262, .F. ) ;
#2099 = CARTESIAN_POINT ( 'NONE',  ( -6.500000000000000888, -3.752776749732556372, 3.315247287287310662 ) ) ;
#2100 = CARTESIAN_POINT ( 'NONE',  ( 6.263237125868990951, 7.796802139286403310, -36.13399843657562371 ) ) ;
#2101 = CARTESIAN_POINT ( 'NONE',  ( 6.500000000000000888, -3.752776749732559924, 4.000000000000000000 ) ) ;
#2102 = CARTESIAN_POINT ( 'NONE',  ( 8.000000000000000000, 0.000000000000000000, -45.00000000000000000 ) ) ;
#2103 = FACE_OUTER_BOUND ( 'NONE', #3602, .T. ) ;
#2104 = CARTESIAN_POINT ( 'NONE',  ( 7.672292642810185193, -1.217443375496592317, 5.363953678644056922 ) ) ;
#2105 = DIRECTION ( 'NONE',  ( 1.000000000000000000, -0.000000000000000000, -0.000000000000000000 ) ) ;
#2106 = FACE_OUTER_BOUND ( 'NONE', #7666, .T. ) ;
#2107 = DIRECTION ( 'NONE',  ( 0.000000000000000000, 0.000000000000000000, 1.000000000000000000 ) ) ;
#2108 = EDGE_CURVE ( 'NONE', #2976, #441, #2593, .T. ) ;
#2109 = CARTESIAN_POINT ( 'NONE',  ( -2.346010976674171911, 8.691959676974677862, -26.40058219890354607 ) ) ;
#2110 = DIRECTION ( 'NONE',  ( 0.5000000000000002220, 0.000000000000000000, 0.8660254037844384856 ) ) ;
#2111 = B_SPLINE_CURVE_WITH_KNOTS ( 'NONE', 3,
 ( #1422, #3971, #1286, #6558 ),
 .UNSPECIFIED., .F., .F.,
 ( 4, 4 ),
 ( 0.01758503565516871328, 0.01858459840618260916 ),
 .UNSPECIFIED. ) ;
#2112 = CARTESIAN_POINT ( 'NONE',  ( 0.000000000000000000, 0.000000000000000000, 0.000000000000000000 ) ) ;
#2113 = ORIENTED_EDGE ( 'NONE', *, *, #4351, .T. ) ;
#2114 = LINE ( 'NONE', #5892, #5154 ) ;
#2115 = EDGE_CURVE ( 'NONE', #5460, #2548, #7550, .T. ) ;
#2116 = CARTESIAN_POINT ( 'NONE',  ( 2.049999999999998934, 9.000000000000001776, -1.549999999999999822 ) ) ;
#2117 = LINE ( 'NONE', #4708, #3642 ) ;
#2118 = CARTESIAN_POINT ( 'NONE',  ( 10.39822304539958964, -4.471252944582244204, -4.367763525081243436 ) ) ;
#2119 = ORIENTED_EDGE ( 'NONE', *, *, #4696, .T. ) ;
#2120 = EDGE_LOOP ( 'NONE', ( #6308, #2479, #542, #1811, #6121, #7571 ) ) ;
#2121 = ORIENTED_EDGE ( 'NONE', *, *, #6947, .T. ) ;
#2122 = CARTESIAN_POINT ( 'NONE',  ( 14.00000000000001243, 3.217426325363708829E-14, 8.400000000000009237 ) ) ;
#2123 = CARTESIAN_POINT ( 'NONE',  ( -8.999999999999994671, -0.2118313084133927882, -41.39999999999991331 ) ) ;
#2124 = DIRECTION ( 'NONE',  ( 1.000000000000000000, 0.000000000000000000, 0.000000000000000000 ) ) ;
#2125 = VERTEX_POINT ( 'NONE', #3952 ) ;
#2126 = SPHERICAL_SURFACE ( 'NONE', #6935, 8.000000000000000000 ) ;
#2127 = PRODUCT_DEFINITION ( 'UNKNOWN', '', #1385, #6591 ) ;
#2128 = DIRECTION ( 'NONE',  ( 1.000000000000000000, 0.000000000000000000, 0.000000000000000000 ) ) ;
#2129 = CARTESIAN_POINT ( 'NONE',  ( 0.3838247288604622609, 8.499999999999847233, 4.857457902254526338 ) ) ;
#2130 = SHAPE_REPRESENTATION_RELATIONSHIP ( 'NONE' , 'NONE' ,  #2790, #3216 ) ;
#2131 = CARTESIAN_POINT ( 'NONE',  ( 4.907477288111809166, 6.900000000000000355, -8.500000000000015987 ) ) ;
#2132 = ORIENTED_EDGE ( 'NONE', *, *, #7730, .F. ) ;
#2133 = FACE_OUTER_BOUND ( 'NONE', #7757, .T. ) ;
#2134 = CIRCLE ( 'NONE', #1602, 6.835786437627193735 ) ;
#2135 = CIRCLE ( 'NONE', #3888, 6.835786437627193735 ) ;
#2136 = CARTESIAN_POINT ( 'NONE',  ( 0.5999999999999894307, -3.469446951953614189E-15, -4.814824860968089633E-30 ) ) ;
#2137 = CARTESIAN_POINT ( 'NONE',  ( 10.10878330957787341, 4.500000000000189182, -4.337337893224563423 ) ) ;
#2138 = CARTESIAN_POINT ( 'NONE',  ( 6.782421738186330984, -8.995339855478615476, 0.3268247328868241208 ) ) ;
#2139 = PRODUCT_DEFINITION ( 'UNKNOWN', '', #1109, #4487 ) ;
#2140 = CIRCLE ( 'NONE', #8389, 8.500000000000351719 ) ;
#2141 = LINE ( 'NONE', #8014, #5036 ) ;
#2142 = CARTESIAN_POINT ( 'NONE',  ( 9.091513596034838329, -0.6309170294555839220, -5.465813271078145519 ) ) ;
#2143 = PLANE ( 'NONE',  #2173 ) ;
#2144 = CARTESIAN_POINT ( 'NONE',  ( 29.82174221439709072, 6.500000000000310862, -4.943027139020403027 ) ) ;
#2145 = CARTESIAN_POINT ( 'NONE',  ( 29.15370127371565800, -6.500000000000462741, 4.325556644979422494 ) ) ;
#2146 = DIRECTION ( 'NONE',  ( -0.7071067811865487940, 8.659560562354948882E-17, 0.7071067811865463515 ) ) ;
#2147 = VECTOR ( 'NONE', #2489, 1000.000000000000000 ) ;
#2148 = AXIS2_PLACEMENT_3D ( 'NONE', #4120, #343, #2161 ) ;
#2149 = CARTESIAN_POINT ( 'NONE',  ( -6.608549876836711690, 6.110452339472738359, -30.68056280287785142 ) ) ;
#2150 = CARTESIAN_POINT ( 'NONE',  ( 8.163707012150300812, 1.250000000000018652, 5.356071321407133823 ) ) ;
#2151 = LINE ( 'NONE', #4750, #5275 ) ;
#2152 = ORIENTED_EDGE ( 'NONE', *, *, #5960, .T. ) ;
#2153 = EDGE_CURVE ( 'NONE', #6271, #4032, #2117, .T. ) ;
#2154 = CONTEXT_DEPENDENT_SHAPE_REPRESENTATION ( #4420, #1932 ) ;
#2155 = CARTESIAN_POINT ( 'NONE',  ( 6.000000000000005329, 3.638755963208956872E-14, 9.500000000000012434 ) ) ;
#2156 = CIRCLE ( 'NONE', #7853, 3.400000000000134914 ) ;
#2157 = ADVANCED_FACE ( 'NONE', ( #4029 ), #6350, .T. ) ;
#2158 = ADVANCED_FACE ( 'NONE', ( #123 ), #8410, .F. ) ;
#2159 = AXIS2_PLACEMENT_3D ( 'NONE', #1479, #5974, #6016 ) ;
#2160 = CARTESIAN_POINT ( 'NONE',  ( 0.000000000000000000, 0.000000000000000000, -22.00000000000000000 ) ) ;
#2161 = DIRECTION ( 'NONE',  ( 0.000000000000000000, 3.830269434956792431E-15, 1.000000000000000000 ) ) ;
#2162 = VERTEX_POINT ( 'NONE', #5191 ) ;
#2163 = EDGE_LOOP ( 'NONE', ( #7914, #3324, #7650, #4634 ) ) ;
#2164 = CIRCLE ( 'NONE', #4609, 1.800000000000000044 ) ;
#2165 = EDGE_CURVE ( 'NONE', #4431, #5907, #2544, .T. ) ;
#2166 = AXIS2_PLACEMENT_3D ( 'NONE', #6689, #983, #245 ) ;
#2167 = ORIENTED_EDGE ( 'NONE', *, *, #7688, .F. ) ;
#2168 = DIRECTION ( 'NONE',  ( -1.000000000000000000, -1.719470254348916462E-30, 2.290883888735602091E-30 ) ) ;
#2169 = ORIENTED_EDGE ( 'NONE', *, *, #2571, .F. ) ;
#2170 = ADVANCED_FACE ( 'NONE', ( #3281, #5859 ), #6701, .F. ) ;
#2171 = DIRECTION ( 'NONE',  ( 1.000000000000000000, 0.000000000000000000, 0.000000000000000000 ) ) ;
#2172 = AXIS2_PLACEMENT_3D ( 'NONE', #1413, #5354, #2124 ) ;
#2173 = AXIS2_PLACEMENT_3D ( 'NONE', #1516, #4153, #6729 ) ;
#2174 = CARTESIAN_POINT ( 'NONE',  ( -12.00099999999998346, -6.500000000000470735, 1.587618925214085240E-14 ) ) ;
#2175 = DIRECTION ( 'NONE',  ( 1.000000000000000000, 0.000000000000000000, 0.000000000000000000 ) ) ;
#2176 = ORIENTED_EDGE ( 'NONE', *, *, #2990, .T. ) ;
#2177 = DIRECTION ( 'NONE',  ( -1.000000000000000000, -0.000000000000000000, -0.000000000000000000 ) ) ;
#2178 = CIRCLE ( 'NONE', #8013, 0.5000000000000000000 ) ;
#2179 = ORIENTED_EDGE ( 'NONE', *, *, #747, .F. ) ;
#2180 = DIRECTION ( 'NONE',  ( -1.000000000000000000, -1.719470254348916462E-30, 2.290883888735602091E-30 ) ) ;
#2181 = CIRCLE ( 'NONE', #1358, 6.441421356237318818 ) ;
#2182 = DIRECTION ( 'NONE',  ( -1.000000000000000000, 0.000000000000000000, 1.540743955509787281E-30 ) ) ;
#2183 = DIRECTION ( 'NONE',  ( -0.5000000000000002220, 0.000000000000000000, -0.8660254037844384856 ) ) ;
#2184 = ORIENTED_EDGE ( 'NONE', *, *, #6201, .F. ) ;
#2185 = AXIS2_PLACEMENT_3D ( 'NONE', #6679, #842, #4231 ) ;
#2186 = CYLINDRICAL_SURFACE ( 'NONE', #2317, 5.500000000000006217 ) ;
#2187 = CIRCLE ( 'NONE', #2591, 4.400000000000182432 ) ;
#2188 = ORIENTED_EDGE ( 'NONE', *, *, #6820, .T. ) ;
#2189 = AXIS2_PLACEMENT_3D ( 'NONE', #6602, #2075, #8061 ) ;
#2190 = CARTESIAN_POINT ( 'NONE',  ( -4.374999999999999112, 0.000000000000000000, 0.000000000000000000 ) ) ;
#2191 = DIRECTION ( 'NONE',  ( -1.000000000000000000, 0.000000000000000000, 0.000000000000000000 ) ) ;
#2192 = CARTESIAN_POINT ( 'NONE',  ( 7.059059115492717140, -8.962119114811038401, -0.8269023514361436566 ) ) ;
#2193 = ORIENTED_EDGE ( 'NONE', *, *, #827, .T. ) ;
#2194 = DIRECTION ( 'NONE',  ( -2.469610187574633181E-30, -2.449021377849508624E-15, 1.000000000000000000 ) ) ;
#2195 = CARTESIAN_POINT ( 'NONE',  ( 9.542893218813491174, 4.792893218813583545, 4.011318311110827928 ) ) ;
#2196 = CARTESIAN_POINT ( 'NONE',  ( 6.368163355566236381E-16, 2.000000000000000000, 5.200000000000000178 ) ) ;
#2197 = CARTESIAN_POINT ( 'NONE',  ( 3.323417653124999926, 0.000000000000000000, 2.948417653125003035 ) ) ;
#2198 = CARTESIAN_POINT ( 'NONE',  ( 29.68885484816320641, -6.500000000000460965, 4.864723230153179756 ) ) ;
#2199 = CARTESIAN_POINT ( 'NONE',  ( 8.000000000000007105, -1.249999999999968470, 8.912771734987947170 ) ) ;
#2200 = PRODUCT_DEFINITION_SHAPE ( 'NONE', 'NONE',  #8450 ) ;
#2201 = CARTESIAN_POINT ( 'NONE',  ( -6.804725482111712687, 5.890772156372315216, -34.65863895171423081 ) ) ;
#2202 = CARTESIAN_POINT ( 'NONE',  ( 7.232525361075389903, -1.000318804540026862, 8.945002801814657900 ) ) ;
#2203 = PRESENTATION_STYLE_ASSIGNMENT (( #2244 ) ) ;
#2204 = ORIENTED_EDGE ( 'NONE', *, *, #3161, .F. ) ;
#2205 = PRESENTATION_STYLE_ASSIGNMENT (( #7512 ) ) ;
#2206 = B_SPLINE_CURVE_WITH_KNOTS ( 'NONE', 3,
 ( #5677, #5763, #8361, #5134, #5004, #4501 ),
 .UNSPECIFIED., .F., .F.,
 ( 4, 2, 4 ),
 ( 2.380773289363507388E-07, 0.0005833337382474879963, 0.001166429399166039275 ),
 .UNSPECIFIED. ) ;
#2207 = CARTESIAN_POINT ( 'NONE',  ( 35.67398481855543935, -6.500000000000460965, 4.798079661481065905 ) ) ;
#2208 = EDGE_CURVE ( 'NONE', #6502, #937, #302, .T. ) ;
#2209 = CARTESIAN_POINT ( 'NONE',  ( 9.123973870877009062, 4.533364367551929952, 4.303187366882294640 ) ) ;
#2210 = CARTESIAN_POINT ( 'NONE',  ( 8.000000000000007105, -1.249999999999980682, 5.356071321407141816 ) ) ;
#2211 = ORIENTED_EDGE ( 'NONE', *, *, #7476, .T. ) ;
#2212 = VERTEX_POINT ( 'NONE', #2932 ) ;
#2213 = EDGE_CURVE ( 'NONE', #5263, #4438, #2816, .T. ) ;
#2214 = EDGE_LOOP ( 'NONE', ( #1142, #481 ) ) ;
#2215 = CARTESIAN_POINT ( 'NONE',  ( 14.00000000000001243, -7.888088312486404633E-15, 3.400000000000134914 ) ) ;
#2216 = ORIENTED_EDGE ( 'NONE', *, *, #6468, .T. ) ;
#2217 = CARTESIAN_POINT ( 'NONE',  ( 1.050973848243613799E-44, 1.004993742382956734E-44, 51.00000000000000711 ) ) ;
#2218 = EDGE_CURVE ( 'NONE', #8234, #3080, #2843, .T. ) ;
#2219 = DIRECTION ( 'NONE',  ( -0.000000000000000000, -0.000000000000000000, 1.000000000000000000 ) ) ;
#2220 = CARTESIAN_POINT ( 'NONE',  ( 12.00000000000001066, 2.525757381022235232E-14, 7.500000000000009770 ) ) ;
#2221 = ORIENTED_EDGE ( 'NONE', *, *, #1523, .T. ) ;
#2222 = DIRECTION ( 'NONE',  ( -0.000000000000000000, -0.000000000000000000, 1.000000000000000000 ) ) ;
#2223 = ORIENTED_EDGE ( 'NONE', *, *, #6525, .F. ) ;
#2224 = CARTESIAN_POINT ( 'NONE',  ( 36.00000000000000711, 9.860761315262661020E-29, -6.894829200906304354E-29 ) ) ;
#2225 = PLANE ( 'NONE',  #1893 ) ;
#2226 = VERTEX_POINT ( 'NONE', #2287 ) ;
#2227 = DIRECTION ( 'NONE',  ( 0.000000000000000000, 0.000000000000000000, 1.000000000000000000 ) ) ;
#2228 = DIRECTION ( 'NONE',  ( 0.000000000000000000, 0.000000000000000000, 1.000000000000000000 ) ) ;
#2229 = ORIENTED_EDGE ( 'NONE', *, *, #2059, .F. ) ;
#2230 = CARTESIAN_POINT ( 'NONE',  ( -25.00000000000000000, -3.061616997868383043E-15, 0.000000000000000000 ) ) ;
#2231 = CARTESIAN_POINT ( 'NONE',  ( -5.291502622129182321, 6.000000000000389022, -5.577493118945435030E-28 ) ) ;
#2232 = ORIENTED_EDGE ( 'NONE', *, *, #5185, .F. ) ;
#2233 = EDGE_CURVE ( 'NONE', #5382, #3712, #7528, .T. ) ;
#2234 = AXIS2_PLACEMENT_3D ( 'NONE', #7404, #1720, #5536 ) ;
#2235 = DIRECTION ( 'NONE',  ( 1.000000000000000000, 2.536951011547150738E-31, 2.465190328815656637E-31 ) ) ;
#2236 = CARTESIAN_POINT ( 'NONE',  ( 3.535533905932743970, 9.354143466934859319, -3.535533905932752852 ) ) ;
#2237 = FACE_BOUND ( 'NONE', #3592, .T. ) ;
#2238 = CARTESIAN_POINT ( 'NONE',  ( 8.877223204228323373E-16, 7.505553499465147382, 3.315247287287303113 ) ) ;
#2239 = CARTESIAN_POINT ( 'NONE',  ( 28.99999999999999645, -6.500000000000472511, 4.060808974781435765 ) ) ;
#2240 = CARTESIAN_POINT ( 'NONE',  ( 102.0000000000000142, 0.000000000000000000, 0.000000000000000000 ) ) ;
#2241 = APPLICATION_CONTEXT ( 'automotive_design' ) ;
#2242 = LINE ( 'NONE', #989, #2344 ) ;
#2243 = DIRECTION ( 'NONE',  ( 1.000000000000000000, 0.000000000000000000, 0.000000000000000000 ) ) ;
#2244 = SURFACE_STYLE_USAGE ( .BOTH. , #3483 ) ;
#2245 = VERTEX_POINT ( 'NONE', #1612 ) ;
#2246 = CARTESIAN_POINT ( 'NONE',  ( 10.00000000000000000, 0.000000000000000000, 45.00000000000000000 ) ) ;
#2247 = DIRECTION ( 'NONE',  ( -1.000000000000000000, 0.000000000000000000, 0.000000000000000000 ) ) ;
#2248 = DIRECTION ( 'NONE',  ( 1.898196553187937393E-30, 1.000000000000000000, -2.442490654175333739E-15 ) ) ;
#2249 = DIRECTION ( 'NONE',  ( -0.4999999999999997780, 0.8660254037844388186, 0.000000000000000000 ) ) ;
#2250 = ORIENTED_EDGE ( 'NONE', *, *, #3314, .T. ) ;
#2251 = EDGE_CURVE ( 'NONE', #6496, #2631, #5388, .T. ) ;
#2252 = VERTEX_POINT ( 'NONE', #4072 ) ;
#2253 = DIRECTION ( 'NONE',  ( 1.898196553187937393E-30, 1.000000000000000000, -2.442490654175333739E-15 ) ) ;
#2254 = EDGE_LOOP ( 'NONE', ( #8425, #2761 ) ) ;
#2255 = APPLICATION_PROTOCOL_DEFINITION ( 'draft international standard', 'automotive_design', 1998, #5078 ) ;
#2256 = ADVANCED_FACE ( 'NONE', ( #4211 ), #7158, .T. ) ;
#2257 = CARTESIAN_POINT ( 'NONE',  ( -4.907477288111826041, 8.900000000000002132, -8.500000000000017764 ) ) ;
#2258 = FACE_OUTER_BOUND ( 'NONE', #1715, .T. ) ;
#2259 = ORIENTED_EDGE ( 'NONE', *, *, #7339, .F. ) ;
#2260 = ORIENTED_EDGE ( 'NONE', *, *, #642, .T. ) ;
#2261 = DIRECTION ( 'NONE',  ( 0.000000000000000000, -3.830269434956791642E-15, -1.000000000000000000 ) ) ;
#2262 = EDGE_CURVE ( 'NONE', #7521, #3406, #4586, .T. ) ;
#2263 = LINE ( 'NONE', #7363, #6088 ) ;
#2264 = ORIENTED_EDGE ( 'NONE', *, *, #7927, .F. ) ;
#2265 = DIRECTION ( 'NONE',  ( 1.000000000000000000, 0.000000000000000000, 0.000000000000000000 ) ) ;
#2266 = CYLINDRICAL_SURFACE ( 'NONE', #6304, 0.5000000000000000000 ) ;
#2267 = ORIENTED_EDGE ( 'NONE', *, *, #573, .T. ) ;
#2268 = FACE_OUTER_BOUND ( 'NONE', #2628, .T. ) ;
#2269 = VECTOR ( 'NONE', #625, 1000.000000000000000 ) ;
#2270 = CARTESIAN_POINT ( 'NONE',  ( 103.0000000000000142, 0.000000000000000000, 2.999999999999988898 ) ) ;
#2271 = ORIENTED_EDGE ( 'NONE', *, *, #4027, .F. ) ;
#2272 = EDGE_CURVE ( 'NONE', #3576, #6719, #1901, .T. ) ;
#2273 = DIRECTION ( 'NONE',  ( 1.000000000000000000, 1.719470254348916462E-30, -2.290883888735602091E-30 ) ) ;
#2274 = CARTESIAN_POINT ( 'NONE',  ( -2.717532093718053599, 5.936585613625582347, 0.2677896601459558434 ) ) ;
#2275 = EDGE_CURVE ( 'NONE', #3015, #4644, #7045, .T. ) ;
#2276 = DIRECTION ( 'NONE',  ( 0.4999999999999996669, 0.000000000000000000, -0.8660254037844388186 ) ) ;
#2277 = DIRECTION ( 'NONE',  ( 1.000000000000000000, 0.000000000000000000, 0.000000000000000000 ) ) ;
#2278 = CARTESIAN_POINT ( 'NONE',  ( 6.750065395984512051, -5.499985137277367819, 0.1641659921386904586 ) ) ;
#2279 = DIRECTION ( 'NONE',  ( 1.000000000000000000, 0.000000000000000000, 0.000000000000000000 ) ) ;
#2280 = CIRCLE ( 'NONE', #5930, 3.999999999999993339 ) ;
#2281 =( NAMED_UNIT ( * ) PLANE_ANGLE_UNIT ( ) SI_UNIT ( $, .RADIAN. ) );
#2282 = CARTESIAN_POINT ( 'NONE',  ( 8.835786437626946821, 4.500000000000189182, -4.337337893224564311 ) ) ;
#2283 = CARTESIAN_POINT ( 'NONE',  ( 10.66597969529812850, -2.982715186989417511, 5.500851540049434441 ) ) ;
#2284 = ORIENTED_EDGE ( 'NONE', *, *, #1924, .F. ) ;
#2285 = SURFACE_STYLE_FILL_AREA ( #3615 ) ;
#2286 = DIRECTION ( 'NONE',  ( -2.527244646312397676E-18, -1.000000000000000000, 2.442490654175333739E-15 ) ) ;
#2287 = CARTESIAN_POINT ( 'NONE',  ( 14.00000000000001243, -7.888088312486404633E-15, 3.400000000000134914 ) ) ;
#2288 = CARTESIAN_POINT ( 'NONE',  ( 10.86861349361963747, -3.958715725494972748, -4.838563777494734097 ) ) ;
#2289 = ORIENTED_EDGE ( 'NONE', *, *, #2368, .T. ) ;
#2290 = EDGE_LOOP ( 'NONE', ( #4022, #4679 ) ) ;
#2291 = CARTESIAN_POINT ( 'NONE',  ( 7.596557980960843892, 1.185948007554580741, 5.370713497693357041 ) ) ;
#2292 = CONICAL_SURFACE ( 'NONE', #7039, 4.400000000000182432, 0.7853981633974492782 ) ;
#2293 = ORIENTED_EDGE ( 'NONE', *, *, #5080, .T. ) ;
#2294 = SHAPE_DEFINITION_REPRESENTATION ( #6790, #6218 ) ;
#2295 = EDGE_CURVE ( 'NONE', #6245, #7943, #4270, .T. ) ;
#2296 = AXIS2_PLACEMENT_3D ( 'NONE', #6916, #4421, #1089 ) ;
#2297 = CARTESIAN_POINT ( 'NONE',  ( -10.00000000000000000, 0.000000000000000000, -42.99999999999992895 ) ) ;
#2298 = CARTESIAN_POINT ( 'NONE',  ( 6.500000000000000888, -3.133050754258797532, 3.443596743427509210 ) ) ;
#2299 = ORIENTED_EDGE ( 'NONE', *, *, #4916, .T. ) ;
#2300 = VECTOR ( 'NONE', #5667, 1000.000000000000000 ) ;
#2301 = CIRCLE ( 'NONE', #4350, 8.750000000000012434 ) ;
#2302 = ORIENTED_EDGE ( 'NONE', *, *, #1005, .F. ) ;
#2303 = DIRECTION ( 'NONE',  ( 0.000000000000000000, 0.000000000000000000, 1.000000000000000000 ) ) ;
#2304 = VECTOR ( 'NONE', #786, 1000.000000000000114 ) ;
#2305 = DIRECTION ( 'NONE',  ( 0.000000000000000000, 3.830269434956790853E-15, 1.000000000000000000 ) ) ;
#2306 = ORIENTED_EDGE ( 'NONE', *, *, #4059, .T. ) ;
#2307 = CYLINDRICAL_SURFACE ( 'NONE', #659, 1.500000000000000000 ) ;
#2308 = CIRCLE ( 'NONE', #1911, 0.5000000000000000000 ) ;
#2309 = CARTESIAN_POINT ( 'NONE',  ( 4.374999999999999112, 5.357829746269667662E-16, 0.000000000000000000 ) ) ;
#2310 = ORIENTED_EDGE ( 'NONE', *, *, #3935, .T. ) ;
#2311 = DIRECTION ( 'NONE',  ( 0.000000000000000000, 3.830269434956791642E-15, 1.000000000000000000 ) ) ;
#2312 = ADVANCED_FACE ( 'NONE', ( #913 ), #5604, .T. ) ;
#2313 = DIRECTION ( 'NONE',  ( -0.000000000000000000, 1.000000000000000000, -0.000000000000000000 ) ) ;
#2314 = AXIS2_PLACEMENT_3D ( 'NONE', #8134, #1115, #8223 ) ;
#2315 = EDGE_CURVE ( 'NONE', #3082, #3614, #3528, .T. ) ;
#2316 = ORIENTED_EDGE ( 'NONE', *, *, #371, .F. ) ;
#2317 = AXIS2_PLACEMENT_3D ( 'NONE', #7324, #5496, #8090 ) ;
#2318 = EDGE_CURVE ( 'NONE', #3792, #1021, #1439, .T. ) ;
#2319 = CARTESIAN_POINT ( 'NONE',  ( 26.75735931288070191, 8.628166150854908547E-29, -4.891862058743579067E-29 ) ) ;
#2320 = SURFACE_STYLE_FILL_AREA ( #148 ) ;
#2321 = CARTESIAN_POINT ( 'NONE',  ( 0.000000000000000000, 11.00000000000000178, 0.000000000000000000 ) ) ;
#2322 = CIRCLE ( 'NONE', #2189, 4.000000000000005329 ) ;
#2323 = CARTESIAN_POINT ( 'NONE',  ( 1.040949779275316601E-15, -4.500000000000230926, -8.499999999999989342 ) ) ;
#2324 = DIRECTION ( 'NONE',  ( 0.000000000000000000, -2.442490654175355433E-15, 1.000000000000000000 ) ) ;
#2325 = EDGE_CURVE ( 'NONE', #3037, #8372, #4493, .T. ) ;
#2326 = VECTOR ( 'NONE', #4683, 1000.000000000000114 ) ;
#2327 = DIRECTION ( 'NONE',  ( -0.000000000000000000, -0.000000000000000000, -1.000000000000000000 ) ) ;
#2328 = ADVANCED_FACE ( 'NONE', ( #1039, #3097 ), #8329, .F. ) ;
#2329 = FACE_BOUND ( 'NONE', #4180, .T. ) ;
#2330 = CARTESIAN_POINT ( 'NONE',  ( 28.99999999999999645, -6.500000000000472511, 4.060808974781435765 ) ) ;
#2331 = AXIS2_PLACEMENT_3D ( 'NONE', #4163, #6865, #3580 ) ;
#2332 = CARTESIAN_POINT ( 'NONE',  ( 6.750000000000007994, -2.039367854082312820E-14, -5.500000000000000000 ) ) ;
#2333 = ORIENTED_EDGE ( 'NONE', *, *, #1282, .F. ) ;
#2334 = CARTESIAN_POINT ( 'NONE',  ( 18.50000000000000000, 8.878689293818308102E-16, 7.249999999999997335 ) ) ;
#2335 = CARTESIAN_POINT ( 'NONE',  ( 0.000000000000000000, 0.000000000000000000, 1.592040838891559095E-16 ) ) ;
#2336 = DIRECTION ( 'NONE',  ( 0.000000000000000000, 0.000000000000000000, -1.000000000000000000 ) ) ;
#2337 = CARTESIAN_POINT ( 'NONE',  ( 6.264837081172793809, 6.466470258049242581, -36.15491820462062833 ) ) ;
#2338 = EDGE_LOOP ( 'NONE', ( #8339, #5235, #5113, #3636 ) ) ;
#2339 = CIRCLE ( 'NONE', #6667, 4.000000000000005329 ) ;
#2340 = DIRECTION ( 'NONE',  ( -0.000000000000000000, -0.000000000000000000, 1.000000000000000000 ) ) ;
#2341 = EDGE_CURVE ( 'NONE', #212, #576, #2655, .T. ) ;
#2342 = ORIENTED_EDGE ( 'NONE', *, *, #3249, .F. ) ;
#2343 = CARTESIAN_POINT ( 'NONE',  ( 10.10878330957787341, 4.500000000000189182, -4.337337893224563423 ) ) ;
#2344 = VECTOR ( 'NONE', #4832, 1000.000000000000000 ) ;
#2345 = ORIENTED_EDGE ( 'NONE', *, *, #862, .T. ) ;
#2346 = DIRECTION ( 'NONE',  ( 0.000000000000000000, 0.000000000000000000, 1.000000000000000000 ) ) ;
#2347 = CARTESIAN_POINT ( 'NONE',  ( 28.99999999999999645, -6.500000000000391687, -4.060808974781328295 ) ) ;
#2348 = DIRECTION ( 'NONE',  ( -1.000000000000000000, -0.000000000000000000, -0.000000000000000000 ) ) ;
#2349 = ORIENTED_EDGE ( 'NONE', *, *, #508, .F. ) ;
#2350 = ORIENTED_EDGE ( 'NONE', *, *, #8352, .T. ) ;
#2351 = CYLINDRICAL_SURFACE ( 'NONE', #3506, 1.249999999999999334 ) ;
#2352 = SHAPE_REPRESENTATION_RELATIONSHIP ( 'NONE' , 'NONE' ,  #143, #2693 ) ;
#2353 = ORIENTED_EDGE ( 'NONE', *, *, #1106, .F. ) ;
#2354 = CARTESIAN_POINT ( 'NONE',  ( 36.00000000000000711, 6.500000000000324185, 4.220485754033654224 ) ) ;
#2355 = ORIENTED_EDGE ( 'NONE', *, *, #7668, .F. ) ;
#2356 = DIRECTION ( 'NONE',  ( 1.000000000000000000, 0.000000000000000000, 0.000000000000000000 ) ) ;
#2357 = ORIENTED_EDGE ( 'NONE', *, *, #528, .T. ) ;
#2358 = CARTESIAN_POINT ( 'NONE',  ( 6.806624336356025928, 7.326263957022342233, -31.34926944739383714 ) ) ;
#2359 = AXIS2_PLACEMENT_3D ( 'NONE', #5118, #3880, #3720 ) ;
#2360 = EDGE_LOOP ( 'NONE', ( #3878, #860, #7556, #3874 ) ) ;
#2361 = DIRECTION ( 'NONE',  ( -1.000000000000000000, -0.000000000000000000, -0.000000000000000000 ) ) ;
#2362 = CARTESIAN_POINT ( 'NONE',  ( -2.173965810490434691, 6.250413753569451281, 0.3055301231102658388 ) ) ;
#2363 = CARTESIAN_POINT ( 'NONE',  ( -9.968170109520777089, 0.8019957264137250741, -41.61157395649482993 ) ) ;
#2364 = ADVANCED_FACE ( 'NONE', ( #2497 ), #8284, .F. ) ;
#2365 = FACE_OUTER_BOUND ( 'NONE', #4751, .T. ) ;
#2366 = CARTESIAN_POINT ( 'NONE',  ( 2.522895730624558297, -9.781756074430411729, -2.083486238920818412 ) ) ;
#2367 = ADVANCED_FACE ( 'NONE', ( #2460, #2536 ), #5102, .T. ) ;
#2368 = EDGE_CURVE ( 'NONE', #1001, #4008, #5951, .T. ) ;
#2369 = LINE ( 'NONE', #4286, #7698 ) ;
#2370 = CONICAL_SURFACE ( 'NONE', #6435, 7.250000000000006217, 0.7853981633974491672 ) ;
#2371 = CARTESIAN_POINT ( 'NONE',  ( 102.0000000000000142, 0.000000000000000000, 3.999999999999993339 ) ) ;
#2372 = ADVANCED_FACE ( 'NONE', ( #3061 ), #2376, .T. ) ;
#2373 = ORIENTED_EDGE ( 'NONE', *, *, #4025, .F. ) ;
#2374 = CARTESIAN_POINT ( 'NONE',  ( 18.50000000000000000, 0.000000000000000000, 0.000000000000000000 ) ) ;
#2375 = DIRECTION ( 'NONE',  ( -2.290883888735597887E-30, -2.442490654175333345E-15, -1.000000000000000000 ) ) ;
#2376 = CYLINDRICAL_SURFACE ( 'NONE', #7450, 6.000000000000000888 ) ;
#2377 = FACE_OUTER_BOUND ( 'NONE', #4559, .T. ) ;
#2378 = ORIENTED_EDGE ( 'NONE', *, *, #4922, .T. ) ;
#2379 = DIRECTION ( 'NONE',  ( 0.7071067811865464625, 8.659560562354947649E-17, 0.7071067811865486830 ) ) ;
#2380 = EDGE_LOOP ( 'NONE', ( #7949, #1270 ) ) ;
#2381 = FACE_OUTER_BOUND ( 'NONE', #5750, .T. ) ;
#2382 = ORIENTED_EDGE ( 'NONE', *, *, #1906, .F. ) ;
#2383 = AXIS2_PLACEMENT_3D ( 'NONE', #7888, #2105, #682 ) ;
#2384 = EDGE_CURVE ( 'NONE', #1772, #5193, #3385, .T. ) ;
#2385 = CARTESIAN_POINT ( 'NONE',  ( 8.324955309015198424, -8.918333305650122611, -1.209790197678394463 ) ) ;
#2386 = CARTESIAN_POINT ( 'NONE',  ( -0.4814323775651358495, 10.00000000000000178, -26.00000000000002842 ) ) ;
#2387 = ORIENTED_EDGE ( 'NONE', *, *, #5794, .T. ) ;
#2388 = ORIENTED_EDGE ( 'NONE', *, *, #4398, .T. ) ;
#2389 = CARTESIAN_POINT ( 'NONE',  ( 9.294471003472356330, -3.713047161597654799, 6.244061236020260530 ) ) ;
#2390 = ADVANCED_FACE ( 'NONE', ( #1701 ), #4294, .T. ) ;
#2391 =( LENGTH_UNIT ( ) NAMED_UNIT ( * ) SI_UNIT ( .MILLI., .METRE. ) );
#2392 = ORIENTED_EDGE ( 'NONE', *, *, #1000, .F. ) ;
#2393 = EDGE_CURVE ( 'NONE', #7430, #2426, #2618, .T. ) ;
#2394 = DIRECTION ( 'NONE',  ( -0.7071067811865472397, 2.708409491229514129E-15, 0.7071067811865479058 ) ) ;
#2395 = EDGE_LOOP ( 'NONE', ( #7747, #1478, #1096, #4122, #5653, #7631, #2333 ) ) ;
#2396 = PLANE ( 'NONE',  #1967 ) ;
#2397 = VERTEX_POINT ( 'NONE', #7215 ) ;
#2398 = DIRECTION ( 'NONE',  ( 0.000000000000000000, -3.830269434956790853E-15, -1.000000000000000000 ) ) ;
#2399 = VERTEX_POINT ( 'NONE', #2077 ) ;
#2400 = DIRECTION ( 'NONE',  ( 2.469610187574633181E-30, 2.442490654175355433E-15, -1.000000000000000000 ) ) ;
#2401 = CARTESIAN_POINT ( 'NONE',  ( 0.000000000000000000, -8.500000000000028422, -4.013726448077940212 ) ) ;
#2402 = CARTESIAN_POINT ( 'NONE',  ( -9.987126148731702457, 0.5164557391075921267, -41.48201816238547934 ) ) ;
#2403 = LINE ( 'NONE', #5269, #2147 ) ;
#2404 = EDGE_CURVE ( 'NONE', #5499, #3784, #1206, .T. ) ;
#2405 = DIRECTION ( 'NONE',  ( 1.000000000000000000, 0.000000000000000000, 0.000000000000000000 ) ) ;
#2406 = CARTESIAN_POINT ( 'NONE',  ( 9.715348882651177576, 2.413215835758405703, 6.853387056891003581 ) ) ;
#2407 = DIRECTION ( 'NONE',  ( -0.7071067811865461294, -2.621813885605969410E-15, -0.7071067811865489050 ) ) ;
#2408 = DIRECTION ( 'NONE',  ( 1.000000000000000000, 1.719470254348916462E-30, -2.290883888735602091E-30 ) ) ;
#2409 = ORIENTED_EDGE ( 'NONE', *, *, #7399, .F. ) ;
#2410 = DIRECTION ( 'NONE',  ( 0.000000000000000000, 0.000000000000000000, 1.000000000000000000 ) ) ;
#2411 = DIRECTION ( 'NONE',  ( 0.000000000000000000, 1.000000000000000000, 0.000000000000000000 ) ) ;
#2412 = AXIS2_PLACEMENT_3D ( 'NONE', #2224, #5579, #4939 ) ;
#2413 = CIRCLE ( 'NONE', #5668, 3.063726656943547955 ) ;
#2414 = DIRECTION ( 'NONE',  ( -2.469610187574633181E-30, -2.449021377849508624E-15, 1.000000000000000000 ) ) ;
#2415 = CARTESIAN_POINT ( 'NONE',  ( 0.9999999999999995559, -0.3897673341893490018, -1.094727568444684884 ) ) ;
#2416 = EDGE_LOOP ( 'NONE', ( #3396, #3745, #4854, #1927 ) ) ;
#2417 = LINE ( 'NONE', #227, #3865 ) ;
#2418 = EDGE_CURVE ( 'NONE', #908, #1117, #4662, .T. ) ;
#2419 = ORIENTED_EDGE ( 'NONE', *, *, #3416, .F. ) ;
#2420 = CARTESIAN_POINT ( 'NONE',  ( 10.62844316719101379, 4.345180154673689898, -4.492791817759890449 ) ) ;
#2421 = AXIS2_PLACEMENT_3D ( 'NONE', #4465, #7607, #4387 ) ;
#2422 = ORIENTED_EDGE ( 'NONE', *, *, #792, .T. ) ;
#2423 = APPLICATION_PROTOCOL_DEFINITION ( 'draft international standard', 'automotive_design', 1998, #6799 ) ;
#2424 = CARTESIAN_POINT ( 'NONE',  ( 8.327680201845261365, -8.917512903221274101, 1.217362772021055584 ) ) ;
#2425 = CARTESIAN_POINT ( 'NONE',  ( 8.000000000000007105, 3.491481338843151026E-14, 10.00000000000004974 ) ) ;
#2426 = VERTEX_POINT ( 'NONE', #685 ) ;
#2427 = ADVANCED_FACE ( 'NONE', ( #7728 ), #5851, .T. ) ;
#2428 = ORIENTED_EDGE ( 'NONE', *, *, #3472, .T. ) ;
#2429 = STYLED_ITEM ( 'NONE', ( #2203 ), #6191 ) ;
#2430 = EDGE_CURVE ( 'NONE', #731, #6336, #3944, .T. ) ;
#2431 = ORIENTED_EDGE ( 'NONE', *, *, #51, .F. ) ;
#2432 = DIRECTION ( 'NONE',  ( -0.000000000000000000, 1.000000000000000000, -0.000000000000000000 ) ) ;
#2433 = VECTOR ( 'NONE', #6803, 1000.000000000000000 ) ;
#2434 = EDGE_CURVE ( 'NONE', #6497, #6782, #5281, .T. ) ;
#2435 = ORIENTED_EDGE ( 'NONE', *, *, #2041, .T. ) ;
#2436 = CIRCLE ( 'NONE', #7180, 0.5000000000000000000 ) ;
#2437 = CARTESIAN_POINT ( 'NONE',  ( 8.000000000000007105, -1.249999999999964473, 10.00000000000005507 ) ) ;
#2438 = AXIS2_PLACEMENT_3D ( 'NONE', #1556, #6770, #6728 ) ;
#2439 = CARTESIAN_POINT ( 'NONE',  ( -8.992270372329185690, -0.4199252491897440542, -44.55792268244334053 ) ) ;
#2440 = VERTEX_POINT ( 'NONE', #1256 ) ;
#2441 = CARTESIAN_POINT ( 'NONE',  ( 27.72523225960447490, 6.500000000000325961, -0.07435468345100169907 ) ) ;
#2442 = ADVANCED_FACE ( 'NONE', ( #1988 ), #1340, .F. ) ;
#2443 = VERTEX_POINT ( 'NONE', #4018 ) ;
#2444 = CIRCLE ( 'NONE', #2854, 4.375000000000000000 ) ;
#2445 = CIRCLE ( 'NONE', #912, 7.000000000000000000 ) ;
#2446 = PRODUCT_DEFINITION_CONTEXT ( 'detailed design', #8433, 'design' ) ;
#2447 = CIRCLE ( 'NONE', #935, 4.200000000000000178 ) ;
#2448 = DIRECTION ( 'NONE',  ( 0.000000000000000000, 0.000000000000000000, 1.000000000000000000 ) ) ;
#2449 = DIRECTION ( 'NONE',  ( -0.7071067811865463515, 8.659560562354948882E-17, -0.7071067811865487940 ) ) ;
#2450 = CARTESIAN_POINT ( 'NONE',  ( 2.156813347000171799, 6.260316732982822430, 3.692698440436543716 ) ) ;
#2451 = AXIS2_PLACEMENT_3D ( 'NONE', #844, #2736, #4051 ) ;
#2452 = CARTESIAN_POINT ( 'NONE',  ( 3.306302237590009074, -9.440784893657047760, 3.306302237589996196 ) ) ;
#2453 = LINE ( 'NONE', #5672, #5791 ) ;
#2454 = VECTOR ( 'NONE', #4020, 1000.000000000000000 ) ;
#2455 = VECTOR ( 'NONE', #7283, 1000.000000000000000 ) ;
#2456 = DIRECTION ( 'NONE',  ( 1.000000000000000000, 0.000000000000000000, 0.000000000000000000 ) ) ;
#2457 = EDGE_LOOP ( 'NONE', ( #3360, #999, #816, #6891 ) ) ;
#2458 = CARTESIAN_POINT ( 'NONE',  ( 28.17157287525381903, 3.697785493223492838E-29, -4.468157470978387179E-29 ) ) ;
#2459 = CARTESIAN_POINT ( 'NONE',  ( 0.000000000000000000, -4.500000000000273559, 4.337337893224514573 ) ) ;
#2460 = FACE_BOUND ( 'NONE', #1044, .T. ) ;
#2461 = CARTESIAN_POINT ( 'NONE',  ( 3.594444913892374860, 8.253858530238064262, -39.01097311361286302 ) ) ;
#2462 = AXIS2_PLACEMENT_3D ( 'NONE', #5031, #7622, #1813 ) ;
#2463 = FACE_OUTER_BOUND ( 'NONE', #3357, .T. ) ;
#2464 = EDGE_LOOP ( 'NONE', ( #6744, #4034, #1659, #1451 ) ) ;
#2465 = CARTESIAN_POINT ( 'NONE',  ( 0.000000000000000000, 0.000000000000000000, -45.00000000000000000 ) ) ;
#2466 = APPLICATION_CONTEXT ( 'automotive_design' ) ;
#2467 = ORIENTED_EDGE ( 'NONE', *, *, #3218, .T. ) ;
#2468 = CARTESIAN_POINT ( 'NONE',  ( -25.00000000000000000, 0.000000000000000000, 0.000000000000000000 ) ) ;
#2469 = B_SPLINE_CURVE_WITH_KNOTS ( 'NONE', 3,
 ( #813, #2794, #6152, #297, #4114, #2928, #6607, #2283, #157, #4874 ),
 .UNSPECIFIED., .F., .F.,
 ( 4, 2, 2, 2, 4 ),
 ( 0.003760006497232334065, 0.004696920709993051592, 0.005633834922753768251, 0.006570749135514485778, 0.007507663348275203305 ),
 .UNSPECIFIED. ) ;
#2470 = FACE_OUTER_BOUND ( 'NONE', #7352, .T. ) ;
#2471 = CARTESIAN_POINT ( 'NONE',  ( -6.258004569467832567, 7.801002067758135539, -36.14439222251353812 ) ) ;
#2472 = VERTEX_POINT ( 'NONE', #638 ) ;
#2473 = EDGE_CURVE ( 'NONE', #7436, #5824, #2030, .T. ) ;
#2474 = VERTEX_POINT ( 'NONE', #67 ) ;
#2475 = ORIENTED_EDGE ( 'NONE', *, *, #6429, .F. ) ;
#2476 = CARTESIAN_POINT ( 'NONE',  ( 6.992382644536399461, -7.149225871129154086, -1.228749104500949985 ) ) ;
#2477 = SURFACE_STYLE_USAGE ( .BOTH. , #8305 ) ;
#2478 = CARTESIAN_POINT ( 'NONE',  ( 0.000000000000000000, -6.000000000000409450, 1.465494392505299403E-14 ) ) ;
#2479 = ORIENTED_EDGE ( 'NONE', *, *, #2577, .F. ) ;
#2480 = CARTESIAN_POINT ( 'NONE',  ( -8.858505287166677178, -1.589751507772589445, -42.79119608995821977 ) ) ;
#2481 = ORIENTED_EDGE ( 'NONE', *, *, #183, .F. ) ;
#2482 = CARTESIAN_POINT ( 'NONE',  ( 27.78946821366272957, 6.500000000000322409, -0.7141370766091000855 ) ) ;
#2483 = EDGE_LOOP ( 'NONE', ( #5243, #7664 ) ) ;
#2484 = LINE ( 'NONE', #7670, #8298 ) ;
#2485 = DIRECTION ( 'NONE',  ( -1.000000000000000000, 0.000000000000000000, -0.000000000000000000 ) ) ;
#2486 = CARTESIAN_POINT ( 'NONE',  ( -9.000000000000001776, 0.1059423951322458340, -41.39999999999993463 ) ) ;
#2487 = EDGE_CURVE ( 'NONE', #5891, #2621, #452, .T. ) ;
#2488 = CARTESIAN_POINT ( 'NONE',  ( -9.902147149593696795, 1.397883527193561237, -43.80621482731494609 ) ) ;
#2489 = DIRECTION ( 'NONE',  ( -0.000000000000000000, -0.000000000000000000, -1.000000000000000000 ) ) ;
#2490 = FACE_OUTER_BOUND ( 'NONE', #8350, .T. ) ;
#2491 = FACE_OUTER_BOUND ( 'NONE', #4337, .T. ) ;
#2492 = DIRECTION ( 'NONE',  ( -1.000000000000000000, -2.536951011547150738E-31, -2.465190328815656637E-31 ) ) ;
#2493 = DIRECTION ( 'NONE',  ( -1.000000000000000000, -1.719470254348916462E-30, 2.290883888735602091E-30 ) ) ;
#2494 = VERTEX_POINT ( 'NONE', #6446 ) ;
#2495 = CARTESIAN_POINT ( 'NONE',  ( 3.307891832327157555, 9.440184083319923758, 3.307891832327145565 ) ) ;
#2496 = CARTESIAN_POINT ( 'NONE',  ( 0.000000000000000000, 0.000000000000000000, -22.00000000000000000 ) ) ;
#2497 = FACE_OUTER_BOUND ( 'NONE', #4135, .T. ) ;
#2498 = DIRECTION ( 'NONE',  ( 0.000000000000000000, 3.830269434956792431E-15, 1.000000000000000000 ) ) ;
#2499 = PRODUCT_DEFINITION ( 'UNKNOWN', '', #7897, #3372 ) ;
#2500 = CARTESIAN_POINT ( 'NONE',  ( 6.500000000000000000, 3.134303319052300196, 0.5566626712351011586 ) ) ;
#2501 = VECTOR ( 'NONE', #7781, 1000.000000000000000 ) ;
#2502 = DIRECTION ( 'NONE',  ( 0.000000000000000000, 1.000000000000000000, -2.442490654175333739E-15 ) ) ;
#2503 = ORIENTED_EDGE ( 'NONE', *, *, #4654, .T. ) ;
#2504 = CONTEXT_DEPENDENT_SHAPE_REPRESENTATION ( #6264, #4699 ) ;
#2505 = CARTESIAN_POINT ( 'NONE',  ( -9.814954576223648530, 8.900000000000002132, -2.808298311204775004E-15 ) ) ;
#2506 = ADVANCED_FACE ( 'NONE', ( #592, #2582 ), #5183, .F. ) ;
#2507 = CARTESIAN_POINT ( 'NONE',  ( -6.000000000000000000, 7.347880794884119736E-16, 0.000000000000000000 ) ) ;
#2508 = CARTESIAN_POINT ( 'NONE',  ( 7.370454541904215340, -1.092123403303269180, -5.390857700000132979 ) ) ;
#2509 = VERTEX_POINT ( 'NONE', #4248 ) ;
#2510 = ORIENTED_EDGE ( 'NONE', *, *, #4500, .F. ) ;
#2511 = EDGE_LOOP ( 'NONE', ( #6918, #3630, #3840, #3240 ) ) ;
#2512 = CARTESIAN_POINT ( 'NONE',  ( 8.165164199379658427, 1.250000000000030420, 8.912771734987940064 ) ) ;
#2513 = EDGE_CURVE ( 'NONE', #824, #847, #6160, .T. ) ;
#2514 = CARTESIAN_POINT ( 'NONE',  ( -8.500000000000007105, 4.000000000000211386, -9.769962616701822473E-15 ) ) ;
#2515 = ORIENTED_EDGE ( 'NONE', *, *, #4773, .T. ) ;
#2516 = LINE ( 'NONE', #1888, #1683 ) ;
#2517 = ORIENTED_EDGE ( 'NONE', *, *, #5328, .T. ) ;
#2518 = DIRECTION ( 'NONE',  ( -1.000000000000000000, -2.536951011547150738E-31, -2.465190328815656637E-31 ) ) ;
#2519 = EDGE_CURVE ( 'NONE', #3800, #4713, #2838, .T. ) ;
#2520 = ORIENTED_EDGE ( 'NONE', *, *, #6619, .T. ) ;
#2521 = DIRECTION ( 'NONE',  ( 0.000000000000000000, -0.000000000000000000, 1.000000000000000000 ) ) ;
#2522 = ADVANCED_FACE ( 'NONE', ( #3522 ), #7859, .T. ) ;
#2523 = PRODUCT_DEFINITION_CONTEXT ( 'detailed design', #7174, 'design' ) ;
#2524 = DIRECTION ( 'NONE',  ( 0.000000000000000000, 1.000000000000000000, 0.000000000000000000 ) ) ;
#2525 = CARTESIAN_POINT ( 'NONE',  ( -25.00000000000000000, 2.632990618166817124E-16, -2.150000000000006128 ) ) ;
#2526 = EDGE_CURVE ( 'NONE', #5351, #3065, #6650, .T. ) ;
#2527 = CARTESIAN_POINT ( 'NONE',  ( -9.952658893568026244, 0.9758039894418236715, -41.72770655992466970 ) ) ;
#2528 = EDGE_CURVE ( 'NONE', #4818, #4759, #367, .T. ) ;
#2529 = CARTESIAN_POINT ( 'NONE',  ( 0.000000000000000000, 0.000000000000000000, 36.00000000000000000 ) ) ;
#2530 = CARTESIAN_POINT ( 'NONE',  ( 8.179990766183989237, 5.761041753138482768, 4.425106154582969964 ) ) ;
#2531 = EDGE_CURVE ( 'NONE', #763, #703, #5155, .T. ) ;
#2532 = DIRECTION ( 'NONE',  ( -0.4999999999999998890, -0.8660254037844387076, 0.000000000000000000 ) ) ;
#2533 = CARTESIAN_POINT ( 'NONE',  ( 2.071094704677998166, 9.783177741664852434, 0.1650697516827999423 ) ) ;
#2534 = DIRECTION ( 'NONE',  ( 0.000000000000000000, 2.442490654175355433E-15, -1.000000000000000000 ) ) ;
#2535 = CARTESIAN_POINT ( 'NONE',  ( 10.51489074506427635, 2.443370846959799447, 5.786390754269125303 ) ) ;
#2536 = FACE_OUTER_BOUND ( 'NONE', #3873, .T. ) ;
#2537 = CARTESIAN_POINT ( 'NONE',  ( 0.9660141566774790300, 8.960518282317794458, -26.05055672621368146 ) ) ;
#2538 = TOROIDAL_SURFACE ( 'NONE', #1591, 6.300000000000000711, 0.1999999999999996503 ) ;
#2539 = CARTESIAN_POINT ( 'NONE',  ( 6.500000000000000888, 0.6263982494772459830, 0.2682388155425117215 ) ) ;
#2540 =( LENGTH_UNIT ( ) NAMED_UNIT ( * ) SI_UNIT ( .MILLI., .METRE. ) );
#2541 = ORIENTED_EDGE ( 'NONE', *, *, #6772, .F. ) ;
#2542 = ITEM_DEFINED_TRANSFORMATION ( 'NONE', 'NONE', #5594,  #1795 ) ;
#2543 = AXIS2_PLACEMENT_3D ( 'NONE', #6066, #6835, #1002 ) ;
#2544 = CIRCLE ( 'NONE', #7292, 6.500000000000008882 ) ;
#2545 = DIRECTION ( 'NONE',  ( 0.000000000000000000, 0.000000000000000000, 1.000000000000000000 ) ) ;
#2546 = CARTESIAN_POINT ( 'NONE',  ( 9.217029911825097344, -8.995267487258399086, 0.3283970730606322608 ) ) ;
#2547 = CARTESIAN_POINT ( 'NONE',  ( -6.807865243658035581, 7.325106434378652054, -31.35455421072874671 ) ) ;
#2548 = VERTEX_POINT ( 'NONE', #7291 ) ;
#2549 = VERTEX_POINT ( 'NONE', #5510 ) ;
#2550 = CIRCLE ( 'NONE', #6067, 10.00000000000001421 ) ;
#2551 = VERTEX_POINT ( 'NONE', #3609 ) ;
#2552 = CARTESIAN_POINT ( 'NONE',  ( 7.091232264307369526, -7.051189302357615318, -1.703521159408306396 ) ) ;
#2553 = CARTESIAN_POINT ( 'NONE',  ( 0.000000000000000000, 0.000000000000000000, 0.000000000000000000 ) ) ;
#2554 = EDGE_CURVE ( 'NONE', #6967, #8176, #504, .T. ) ;
#2555 = FACE_OUTER_BOUND ( 'NONE', #7349, .T. ) ;
#2556 = VERTEX_POINT ( 'NONE', #5373 ) ;
#2557 = CARTESIAN_POINT ( 'NONE',  ( 9.217198926791027702, 8.995286665296459816, -0.3283185533721655336 ) ) ;
#2558 = AXIS2_PLACEMENT_3D ( 'NONE', #4243, #3477, #6184 ) ;
#2559 = VERTEX_POINT ( 'NONE', #6777 ) ;
#2560 = PLANE ( 'NONE',  #940 ) ;
#2561 = CIRCLE ( 'NONE', #1749, 0.1999999999999996503 ) ;
#2562 = EDGE_CURVE ( 'NONE', #4440, #6412, #5339, .T. ) ;
#2563 = ORIENTED_EDGE ( 'NONE', *, *, #3412, .F. ) ;
#2564 = MECHANICAL_DESIGN_GEOMETRIC_PRESENTATION_REPRESENTATION (  '', ( #7588 ), #6904 ) ;
#2565 = CARTESIAN_POINT ( 'NONE',  ( 0.000000000000000000, -3.500000000000202505, 8.548717289614166056E-15 ) ) ;
#2566 =( NAMED_UNIT ( * ) SI_UNIT ( $, .STERADIAN. ) SOLID_ANGLE_UNIT ( ) );
#2567 = LINE ( 'NONE', #670, #6359 ) ;
#2568 = CARTESIAN_POINT ( 'NONE',  ( -0.3309128832251116425, -0.9636478961709176172, -1.130017780416096906 ) ) ;
#2569 = CARTESIAN_POINT ( 'NONE',  ( 7.232318783918127991, -5.409596256344000764, -1.000036544910600123 ) ) ;
#2570 = CARTESIAN_POINT ( 'NONE',  ( 9.810494021146821453, 1.952111880590838400, -6.986484799566143877 ) ) ;
#2571 = EDGE_CURVE ( 'NONE', #5779, #1186, #2436, .T. ) ;
#2572 = EDGE_CURVE ( 'NONE', #5942, #6190, #5523, .T. ) ;
#2573 = CIRCLE ( 'NONE', #2848, 6.835786437627193735 ) ;
#2574 = DIRECTION ( 'NONE',  ( 1.000000000000000000, -0.000000000000000000, 0.000000000000000000 ) ) ;
#2575 = DIRECTION ( 'NONE',  ( -0.000000000000000000, -1.000000000000000000, -0.000000000000000000 ) ) ;
#2576 = AXIS2_PLACEMENT_3D ( 'NONE', #3812, #1205, #1162 ) ;
#2577 = EDGE_CURVE ( 'NONE', #8375, #3961, #31, .T. ) ;
#2578 = DIRECTION ( 'NONE',  ( -1.000000000000000000, -2.536951011547150738E-31, -2.465190328815656637E-31 ) ) ;
#2579 = AXIS2_PLACEMENT_3D ( 'NONE', #3338, #8390, #7761 ) ;
#2580 = CARTESIAN_POINT ( 'NONE',  ( 8.000000000000007105, 1.250000000000017986, 5.356071321407132935 ) ) ;
#2581 = AXIS2_PLACEMENT_3D ( 'NONE', #29, #5923, #3267 ) ;
#2582 = FACE_OUTER_BOUND ( 'NONE', #5071, .T. ) ;
#2583 = FACE_BOUND ( 'NONE', #6282, .T. ) ;
#2584 = EDGE_CURVE ( 'NONE', #2551, #5828, #4707, .T. ) ;
#2585 = AXIS2_PLACEMENT_3D ( 'NONE', #2230, #3378, #3973 ) ;
#2586 = CARTESIAN_POINT ( 'NONE',  ( 9.797174393178823685E-16, 6.900000000000000355, 8.000000000000000000 ) ) ;
#2587 = CARTESIAN_POINT ( 'NONE',  ( 36.00000000000000711, 9.860761315262661020E-29, -6.894829200906304354E-29 ) ) ;
#2588 = AXIS2_PLACEMENT_3D ( 'NONE', #8182, #5077, #1764 ) ;
#2589 = EDGE_LOOP ( 'NONE', ( #1318, #5623, #6721, #6868 ) ) ;
#2590 = APPLICATION_PROTOCOL_DEFINITION ( 'draft international standard', 'automotive_design', 1998, #7618 ) ;
#2591 = AXIS2_PLACEMENT_3D ( 'NONE', #1176, #561, #5186 ) ;
#2592 = CARTESIAN_POINT ( 'NONE',  ( -24.50000000000000000, 0.000000000000000000, 0.000000000000000000 ) ) ;
#2593 = LINE ( 'NONE', #7902, #4322 ) ;
#2594 = DIRECTION ( 'NONE',  ( -1.000000000000000000, -0.000000000000000000, -0.000000000000000000 ) ) ;
#2595 = ORIENTED_EDGE ( 'NONE', *, *, #4973, .F. ) ;
#2596 = ORIENTED_EDGE ( 'NONE', *, *, #1268, .F. ) ;
#2597 = ORIENTED_EDGE ( 'NONE', *, *, #6869, .T. ) ;
#2598 = CYLINDRICAL_SURFACE ( 'NONE', #7429, 6.500000000000008882 ) ;
#2599 = ORIENTED_EDGE ( 'NONE', *, *, #7557, .F. ) ;
#2600 = CARTESIAN_POINT ( 'NONE',  ( 9.122850226305097010, 8.983168698826892395, -0.5553592929392826560 ) ) ;
#2601 = CARTESIAN_POINT ( 'NONE',  ( 9.185919919407741219, -5.485706021596582715, 0.4034403567296415694 ) ) ;
#2602 = EDGE_LOOP ( 'NONE', ( #1490, #4598, #920, #979 ) ) ;
#2603 = CARTESIAN_POINT ( 'NONE',  ( 28.17157287525379061, 6.500000000000342837, -2.116122921960059244 ) ) ;
#2604 = EDGE_LOOP ( 'NONE', ( #4980, #1676 ) ) ;
#2605 = LINE ( 'NONE', #7875, #250 ) ;
#2606 =( GEOMETRIC_REPRESENTATION_CONTEXT ( 3 ) GLOBAL_UNCERTAINTY_ASSIGNED_CONTEXT ( ( #8226 ) ) GLOBAL_UNIT_ASSIGNED_CONTEXT ( ( #8304, #6802, #3632 ) ) REPRESENTATION_CONTEXT ( 'NONE', 'WORKASPACE' ) );
#2607 = UNCERTAINTY_MEASURE_WITH_UNIT (LENGTH_MEASURE( 1.000000000000000082E-05 ), #1895, 'distance_accuracy_value', 'NONE');
#2608 = LINE ( 'NONE', #7072, #666 ) ;
#2609 = B_SPLINE_CURVE_WITH_KNOTS ( 'NONE', 3,
 ( #7212, #7887, #6600, #26, #2072, #4656, #4693, #752, #4014, #6526, #7288, #1389 ),
 .UNSPECIFIED., .F., .F.,
 ( 4, 2, 2, 2, 2, 4 ),
 ( 0.005881303223215644804, 0.006126232429030542548, 0.006371161634845441159, 0.006861020046475236646, 0.007350878458105033000, 0.007840736869734828487 ),
 .UNSPECIFIED. ) ;
#2610 = CARTESIAN_POINT ( 'NONE',  ( 10.00000000000000888, -3.469446951953614189E-15, -1.733336949948495802E-30 ) ) ;
#2611 = CARTESIAN_POINT ( 'NONE',  ( 7.836532928032195144, -5.356071321407139152, -1.249999999999999778 ) ) ;
#2612 = CARTESIAN_POINT ( 'NONE',  ( 20.00000000000000000, 0.000000000000000000, -7.250000000000006217 ) ) ;
#2613 = FACE_BOUND ( 'NONE', #4582, .T. ) ;
#2614 = LINE ( 'NONE', #5212, #1489 ) ;
#2615 = LINE ( 'NONE', #4109, #2782 ) ;
#2616 = DIRECTION ( 'NONE',  ( -0.000000000000000000, -0.000000000000000000, 1.000000000000000000 ) ) ;
#2617 = APPLICATION_CONTEXT ( 'automotive_design' ) ;
#2618 = LINE ( 'NONE', #1296, #5555 ) ;
#2619 = FACE_OUTER_BOUND ( 'NONE', #6117, .T. ) ;
#2620 = DIRECTION ( 'NONE',  ( 1.000000000000000000, -0.000000000000000000, -0.000000000000000000 ) ) ;
#2621 = VERTEX_POINT ( 'NONE', #7967 ) ;
#2622 = CARTESIAN_POINT ( 'NONE',  ( 6.500000000000000000, 1.252832812585221056, 3.693562738968744874 ) ) ;
#2623 = CARTESIAN_POINT ( 'NONE',  ( 10.31496416677429728, 1.246984941804700764, -6.132250276249084919 ) ) ;
#2624 = CARTESIAN_POINT ( 'NONE',  ( -6.500000000000001776, 2.505830900380650483, 0.4505935098328073263 ) ) ;
#2625 = DIRECTION ( 'NONE',  ( 2.958228394578779381E-31, 3.830269434956791642E-15, 1.000000000000000000 ) ) ;
#2626 = ORIENTED_EDGE ( 'NONE', *, *, #2721, .F. ) ;
#2627 = VECTOR ( 'NONE', #4986, 1000.000000000000000 ) ;
#2628 = EDGE_LOOP ( 'NONE', ( #2801, #2357, #6335, #2595 ) ) ;
#2629 = EDGE_CURVE ( 'NONE', #8200, #5070, #7377, .T. ) ;
#2630 = EDGE_CURVE ( 'NONE', #2548, #5460, #2810, .T. ) ;
#2631 = VERTEX_POINT ( 'NONE', #2884 ) ;
#2632 = CARTESIAN_POINT ( 'NONE',  ( 9.250000000000008882, 3.447242491461116738E-14, 9.000000000000010658 ) ) ;
#2633 = EDGE_CURVE ( 'NONE', #4310, #88, #3766, .T. ) ;
#2634 = CARTESIAN_POINT ( 'NONE',  ( -0.5380700331289273164, -7.194898620995267891, 0.5560752488331093257 ) ) ;
#2635 = VERTEX_POINT ( 'NONE', #4955 ) ;
#2636 = CARTESIAN_POINT ( 'NONE',  ( 0.000000000000000000, 0.000000000000000000, 4.000000000000000000 ) ) ;
#2637 = CARTESIAN_POINT ( 'NONE',  ( -1.000000000000000222, 0.1963498886680500322, -1.121305146934885366 ) ) ;
#2638 = ORIENTED_EDGE ( 'NONE', *, *, #3054, .F. ) ;
#2639 = CYLINDRICAL_SURFACE ( 'NONE', #246, 9.000000000000000000 ) ;
#2640 = ORIENTED_EDGE ( 'NONE', *, *, #3830, .F. ) ;
#2641 = DIRECTION ( 'NONE',  ( 0.4999999999999995559, 0.000000000000000000, -0.8660254037844389297 ) ) ;
#2642 = COLOUR_RGB ( '',0.7921568627450980005, 0.8196078431372548767, 0.9333333333333333481 ) ;
#2643 = PRESENTATION_STYLE_ASSIGNMENT (( #55 ) ) ;
#2644 = ORIENTED_EDGE ( 'NONE', *, *, #1313, .T. ) ;
#2645 = CARTESIAN_POINT ( 'NONE',  ( 13.40000000000002345, 3.447242491461116738E-14, 9.000000000000010658 ) ) ;
#2646 = CARTESIAN_POINT ( 'NONE',  ( 9.797174393178823685E-16, 0.000000000000000000, 8.000000000000000000 ) ) ;
#2647 = CARTESIAN_POINT ( 'NONE',  ( 9.854545642008572415, 1.716521419898461520, -7.048104158741518965 ) ) ;
#2648 = PLANE ( 'NONE',  #775 ) ;
#2649 = B_SPLINE_CURVE_WITH_KNOTS ( 'NONE', 3,
 ( #3163, #7659, #5656, #5073, #6422, #6380, #1233, #534, #3843, #6338, #3035, #5776, #1883, #8216, #8376, #8255, #1812, #4397, #2552, #2476, #1056, #3715, #6299, #5152, #7572, #5618, #1716, #4308, #7697, #1845, #1759, #4981, #486, #442, #3671, #6258, #4354, #5030, #404, #2389, #7621, #1144, #5745, #8341, #1105, #6975, #3755, #1187 ),
 .UNSPECIFIED., .F., .F.,
 ( 4, 2, 2, 2, 2, 2, 2, 2, 2, 2, 2, 2, 2, 2, 2, 2, 2, 2, 2, 2, 2, 2, 2, 4 ),
 ( 1.412579788987960114E-19, 0.001478342270077884213, 0.002956684540155767992, 0.003695855675194710099, 0.004435026810233651771, 0.005913369080311535984, 0.007391711350389420197, 0.008870053620467301808, 0.009609224755506245649, 0.01034839589054518602, 0.01108756702558412986, 0.01182673816062307023, 0.01256590929566201408, 0.01330508043070095792, 0.01478342270077884213, 0.01552259383581778597, 0.01626176497085672634, 0.01774010724093461402, 0.01847927837597355960, 0.01921844951101250171, 0.02069679178109038939, 0.02217513405116827360, 0.02291430518620721918, 0.02365347632124616475 ),
 .UNSPECIFIED. ) ;
#2650 = CARTESIAN_POINT ( 'NONE',  ( 6.750000000000007994, 2.106648140261678538E-14, 5.500000000000000000 ) ) ;
#2651 = CARTESIAN_POINT ( 'NONE',  ( -6.500000000000000888, 3.752776749732580797, 4.000000000000000000 ) ) ;
#2652 = DIRECTION ( 'NONE',  ( 0.000000000000000000, 0.000000000000000000, -1.000000000000000000 ) ) ;
#2653 = CARTESIAN_POINT ( 'NONE',  ( 6.782970088174917755, 8.995267487258397310, 0.3283970730606329269 ) ) ;
#2654 = PRODUCT_DEFINITION_SHAPE ( 'NONE', 'NONE',  #8437 ) ;
#2655 = B_SPLINE_CURVE_WITH_KNOTS ( 'NONE', 3,
 ( #5766, #390, #7599, #6285, #1792, #6961, #3701, #7684, #6999, #8364 ),
 .UNSPECIFIED., .F., .F.,
 ( 4, 2, 2, 2, 4 ),
 ( 2.325950922198386024E-07, 0.001877518990025913359, 0.003754805384959607108, 0.005632091779893299774, 0.007509378174826993740 ),
 .UNSPECIFIED. ) ;
#2656 = EDGE_CURVE ( 'NONE', #3802, #8234, #4315, .T. ) ;
#2657 = CARTESIAN_POINT ( 'NONE',  ( -6.054166920933156781, 6.666999337962813854, -36.54090394479842274 ) ) ;
#2658 = ORIENTED_EDGE ( 'NONE', *, *, #5947, .T. ) ;
#2659 = DIRECTION ( 'NONE',  ( 1.000000000000000000, 2.536951011547150738E-31, 2.465190328815656637E-31 ) ) ;
#2660 =( REPRESENTATION_RELATIONSHIP ('NONE','NONE', #7951, #4220 ) REPRESENTATION_RELATIONSHIP_WITH_TRANSFORMATION ( #3832 )SHAPE_REPRESENTATION_RELATIONSHIP( ) );
#2661 = FACE_OUTER_BOUND ( 'NONE', #2973, .T. ) ;
#2662 = VECTOR ( 'NONE', #2146, 999.9999999999998863 ) ;
#2663 = DIRECTION ( 'NONE',  ( -1.000000000000000000, -0.000000000000000000, -0.000000000000000000 ) ) ;
#2664 = CARTESIAN_POINT ( 'NONE',  ( 4.199999999999981526, 2.143277797173703693E-14, 6.300000000000009592 ) ) ;
#2665 = ORIENTED_EDGE ( 'NONE', *, *, #1433, .F. ) ;
#2666 = EDGE_CURVE ( 'NONE', #5483, #4140, #6599, .T. ) ;
#2667 = ORIENTED_EDGE ( 'NONE', *, *, #823, .T. ) ;
#2668 = ADVANCED_FACE ( 'NONE', ( #2491 ), #6473, .T. ) ;
#2669 = ORIENTED_EDGE ( 'NONE', *, *, #415, .F. ) ;
#2670 = CARTESIAN_POINT ( 'NONE',  ( 0.000000000000000000, 0.000000000000000000, 0.000000000000000000 ) ) ;
#2671 =( NAMED_UNIT ( * ) SI_UNIT ( $, .STERADIAN. ) SOLID_ANGLE_UNIT ( ) );
#2672 = EDGE_CURVE ( 'NONE', #1540, #6163, #1493, .T. ) ;
#2673 = DIRECTION ( 'NONE',  ( -2.527244646315869357E-18, -1.000000000000000000, 2.442490654175333739E-15 ) ) ;
#2674 = ORIENTED_EDGE ( 'NONE', *, *, #2990, .F. ) ;
#2675 = CARTESIAN_POINT ( 'NONE',  ( -8.892353779954056847, -1.389061578257309471, -42.19908959223260325 ) ) ;
#2676 = CARTESIAN_POINT ( 'NONE',  ( 6.500000000000000888, 7.936266832981194164E-16, 3.731761184457490277 ) ) ;
#2677 = VERTEX_POINT ( 'NONE', #5549 ) ;
#2678 = CARTESIAN_POINT ( 'NONE',  ( 6.749999999999998224, 0.000000000000000000, 0.000000000000000000 ) ) ;
#2679 = AXIS2_PLACEMENT_3D ( 'NONE', #4815, #4271, #2909 ) ;
#2680 = CIRCLE ( 'NONE', #4716, 2.999999999999988898 ) ;
#2681 = EDGE_LOOP ( 'NONE', ( #5037, #7495, #3638, #2851 ) ) ;
#2682 = LINE ( 'NONE', #1978, #2326 ) ;
#2683 = PRODUCT_DEFINITION_CONTEXT ( 'detailed design', #2241, 'design' ) ;
#2684 = CARTESIAN_POINT ( 'NONE',  ( 0.000000000000000000, 0.000000000000000000, 0.000000000000000000 ) ) ;
#2685 = DIRECTION ( 'NONE',  ( 1.000000000000000000, -1.151418055718913040E-15, -4.026515336734642071E-30 ) ) ;
#2686 = ORIENTED_EDGE ( 'NONE', *, *, #8322, .F. ) ;
#2687 = CARTESIAN_POINT ( 'NONE',  ( -2.697858172461676141, -5.947944357358944778, 3.731303807179124465 ) ) ;
#2688 = AXIS2_PLACEMENT_3D ( 'NONE', #6408, #5605, #391 ) ;
#2689 = CARTESIAN_POINT ( 'NONE',  ( 6.360383034377464995, 7.717429328536875133, -35.93196139378777332 ) ) ;
#2690 = ADVANCED_FACE ( 'NONE', ( #3646 ), #5052, .T. ) ;
#2691 = CARTESIAN_POINT ( 'NONE',  ( 7.893433021725460463, 6.141606197336189510, -3.859479371014765903 ) ) ;
#2692 = MECHANICAL_DESIGN_GEOMETRIC_PRESENTATION_REPRESENTATION (  '', ( #4734 ), #6622 ) ;
#2693 = ADVANCED_BREP_SHAPE_REPRESENTATION ( '', ( #3461, #1795 ), #252 ) ;
#2694 = DIRECTION ( 'NONE',  ( 0.000000000000000000, 0.000000000000000000, 1.000000000000000000 ) ) ;
#2695 = CARTESIAN_POINT ( 'NONE',  ( 6.000000000000005329, 3.447242491461116738E-14, 9.000000000000010658 ) ) ;
#2696 = STYLED_ITEM ( 'NONE', ( #2205 ), #3657 ) ;
#2697 = AXIS2_PLACEMENT_3D ( 'NONE', #3780, #4964, #6362 ) ;
#2698 = DIRECTION ( 'NONE',  ( 0.000000000000000000, 2.442490654175355433E-15, -1.000000000000000000 ) ) ;
#2699 = DIRECTION ( 'NONE',  ( -1.000000000000000000, 0.000000000000000000, 0.000000000000000000 ) ) ;
#2700 = FACE_OUTER_BOUND ( 'NONE', #5784, .T. ) ;
#2701 = CONICAL_SURFACE ( 'NONE', #8276, 9.500000000000012434, 0.7853981633974482790 ) ;
#2702 = DIRECTION ( 'NONE',  ( 0.000000000000000000, 0.000000000000000000, 1.000000000000000000 ) ) ;
#2703 = CARTESIAN_POINT ( 'NONE',  ( 1.071108963213949839E-15, 9.000000000000001776, -40.00000000000004263 ) ) ;
#2704 = CARTESIAN_POINT ( 'NONE',  ( 8.998450207390048305, 0.7694265902831041171, 5.447158006064426239 ) ) ;
#2705 = CARTESIAN_POINT ( 'NONE',  ( 0.000000000000000000, 0.000000000000000000, 0.000000000000000000 ) ) ;
#2706 = ORIENTED_EDGE ( 'NONE', *, *, #8246, .F. ) ;
#2707 = VECTOR ( 'NONE', #8100, 1000.000000000000000 ) ;
#2708 = DIRECTION ( 'NONE',  ( 5.002141340362817447E-31, -3.491481338843133750E-15, -1.000000000000000000 ) ) ;
#2709 = SURFACE_STYLE_USAGE ( .BOTH. , #2842 ) ;
#2710 = PRODUCT_RELATED_PRODUCT_CATEGORY ( 'part', '', ( #318 ) ) ;
#2711 = CARTESIAN_POINT ( 'NONE',  ( 30.41421356237311713, 8.628166150854834558E-29, -6.240013019814657616E-29 ) ) ;
#2712 = DIRECTION ( 'NONE',  ( -0.7071067811865470176, 2.708409491229514129E-15, 0.7071067811865479058 ) ) ;
#2713 = ORIENTED_EDGE ( 'NONE', *, *, #1869, .F. ) ;
#2714 = CONICAL_SURFACE ( 'NONE', #240, 3.999999999999993339, 0.7853981633974500554 ) ;
#2715 = ORIENTED_EDGE ( 'NONE', *, *, #719, .T. ) ;
#2716 = AXIS2_PLACEMENT_3D ( 'NONE', #2514, #6303, #5660 ) ;
#2717 = ORIENTED_EDGE ( 'NONE', *, *, #6947, .F. ) ;
#2718 = CARTESIAN_POINT ( 'NONE',  ( 10.24390062427396764, 6.147340725478926216E-14, 6.250000000000011546 ) ) ;
#2719 = CIRCLE ( 'NONE', #5714, 3.000000000000006217 ) ;
#2720 = AXIS2_PLACEMENT_3D ( 'NONE', #6389, #1241, #3173 ) ;
#2721 = EDGE_CURVE ( 'NONE', #4704, #5528, #2369, .T. ) ;
#2722 = ORIENTED_EDGE ( 'NONE', *, *, #2233, .F. ) ;
#2723 = CARTESIAN_POINT ( 'NONE',  ( -8.992159240605550607, -0.4222039544069842720, -41.44270738248993524 ) ) ;
#2724 = CARTESIAN_POINT ( 'NONE',  ( 6.750000000000007994, 2.106648140261678538E-14, 5.500000000000000000 ) ) ;
#2725 = ORIENTED_EDGE ( 'NONE', *, *, #2519, .F. ) ;
#2726 = CARTESIAN_POINT ( 'NONE',  ( -3.323417653124999926, 0.000000000000000000, 2.948417653125003035 ) ) ;
#2727 = AXIS2_PLACEMENT_3D ( 'NONE', #1400, #2375, #4878 ) ;
#2728 = VERTEX_POINT ( 'NONE', #8323 ) ;
#2729 = CARTESIAN_POINT ( 'NONE',  ( 6.999999999999999112, 0.000000000000000000, 0.000000000000000000 ) ) ;
#2730 = EDGE_CURVE ( 'NONE', #6265, #7521, #2453, .T. ) ;
#2731 = DIRECTION ( 'NONE',  ( 1.000000000000000000, 0.000000000000000000, 0.000000000000000000 ) ) ;
#2732 = DIRECTION ( 'NONE',  ( -2.527244646315869357E-18, -1.000000000000000000, 2.442490654175333739E-15 ) ) ;
#2733 = VERTEX_POINT ( 'NONE', #1782 ) ;
#2734 = DIRECTION ( 'NONE',  ( 1.000000000000000000, 0.000000000000000000, 0.000000000000000000 ) ) ;
#2735 = ADVANCED_FACE ( 'NONE', ( #6315 ), #7030, .T. ) ;
#2736 = DIRECTION ( 'NONE',  ( -1.000000000000000000, -2.536951011547150738E-31, -2.465190328815656637E-31 ) ) ;
#2737 = CARTESIAN_POINT ( 'NONE',  ( 8.629970863026290573, 1.091837043664089624, -8.933748152304790580 ) ) ;
#2738 = DIRECTION ( 'NONE',  ( 0.000000000000000000, -1.000000000000000000, 0.000000000000000000 ) ) ;
#2740 = AXIS2_PLACEMENT_3D ( 'NONE', #8237, #3094, #6322 ) ;
#2739 = AXIS2_PLACEMENT_3D ( 'NONE', #5390, #7392, #4766 ) ;
#2741 = AXIS2_PLACEMENT_3D ( 'NONE', #5989, #7270, #5943 ) ;
#2742 = SHAPE_REPRESENTATION ( '000401.30.10 \X2\041204420443043b043a0430\X0\_0..20', ( #1795 ), #6256 ) ;
#2743 = DIRECTION ( 'NONE',  ( 1.000000000000000000, -0.000000000000000000, -0.000000000000000000 ) ) ;
#2744 = DIRECTION ( 'NONE',  ( -0.000000000000000000, -0.000000000000000000, -1.000000000000000000 ) ) ;
#2745 = DIRECTION ( 'NONE',  ( 0.000000000000000000, 2.442490654175355433E-15, -1.000000000000000000 ) ) ;
#2746 = CARTESIAN_POINT ( 'NONE',  ( 4.000000000000003553, 8.499999999999976907, -5.267826876426351390 ) ) ;
#2747 = CARTESIAN_POINT ( 'NONE',  ( 7.597116902618092915, 8.921552986838099386, -1.186124631065838875 ) ) ;
#2748 = CARTESIAN_POINT ( 'NONE',  ( -6.607078263132485141, 6.112054810533652294, -35.32374324930462706 ) ) ;
#2749 = DIRECTION ( 'NONE',  ( 0.000000000000000000, 0.000000000000000000, 1.000000000000000000 ) ) ;
#2750 = DIRECTION ( 'NONE',  ( 0.000000000000000000, 0.000000000000000000, 1.000000000000000000 ) ) ;
#2751 = VERTEX_POINT ( 'NONE', #6955 ) ;
#2752 = DIRECTION ( 'NONE',  ( -0.000000000000000000, -0.000000000000000000, 1.000000000000000000 ) ) ;
#2753 = CARTESIAN_POINT ( 'NONE',  ( 30.41421356237311713, -1.526556658859654299E-14, 6.250000000000268230 ) ) ;
#2754 = ADVANCED_FACE ( 'NONE', ( #8148 ), #1826, .F. ) ;
#2755 = CARTESIAN_POINT ( 'NONE',  ( 11.00000000000001066, -6.250000000000441425, -10.00000000000034106 ) ) ;
#2756 = CARTESIAN_POINT ( 'NONE',  ( -1.186883990593144089, 9.932071413309436991, -39.90269787320397654 ) ) ;
#2757 = VERTEX_POINT ( 'NONE', #4414 ) ;
#2758 = CIRCLE ( 'NONE', #3025, 4.600000000000005862 ) ;
#2759 = ORIENTED_EDGE ( 'NONE', *, *, #5599, .F. ) ;
#2760 = EDGE_CURVE ( 'NONE', #976, #1733, #5379, .T. ) ;
#2761 = ORIENTED_EDGE ( 'NONE', *, *, #7867, .F. ) ;
#2762 = CARTESIAN_POINT ( 'NONE',  ( 36.00000000000000711, -6.500000000000472511, 4.220485754033771464 ) ) ;
#2763 = DIRECTION ( 'NONE',  ( 0.000000000000000000, 0.000000000000000000, 1.000000000000000000 ) ) ;
#2764 = ADVANCED_FACE ( 'NONE', ( #6859 ), #6906, .T. ) ;
#2765 = CARTESIAN_POINT ( 'NONE',  ( -8.884449518310514549, -1.438125936202882205, -42.29095032384273622 ) ) ;
#2766 = CARTESIAN_POINT ( 'NONE',  ( -1.360785061506240530E-30, -1.705590187319348228E-14, -4.600000000000005862 ) ) ;
#2767 = ORIENTED_EDGE ( 'NONE', *, *, #1512, .T. ) ;
#2768 = CIRCLE ( 'NONE', #5095, 1.500000000000000000 ) ;
#2769 = DIRECTION ( 'NONE',  ( -0.000000000000000000, -0.000000000000000000, 1.000000000000000000 ) ) ;
#2770 = VERTEX_POINT ( 'NONE', #6228 ) ;
#2771 = FACE_OUTER_BOUND ( 'NONE', #8345, .T. ) ;
#2772 = EDGE_CURVE ( 'NONE', #2635, #8169, #7971, .T. ) ;
#2773 = ORIENTED_EDGE ( 'NONE', *, *, #6146, .F. ) ;
#2774 = B_SPLINE_CURVE_WITH_KNOTS ( 'NONE', 3,
 ( #7217, #4158, #5254, #6651, #3312, #2109, #3349, #8023, #5374, #3392, #5426, #760, #6011, #4019, #7293, #5889, #4065, #197, #5970, #6735, #2149, #7972, #7934, #857, #32, #5297, #3481, #720, #4746, #4623, #2201, #1474, #2748, #113, #7340, #2657, #2791, #4700, #7849, #2833, #6052, #1521, #4792, #2035, #1562, #7379, #1396, #6570, #5926, #69, #2703 ),
 .UNSPECIFIED., .F., .F.,
 ( 4, 2, 2, 2, 2, 2, 2, 2, 2, 2, 2, 2, 2, 1, 2, 2, 2, 2, 2, 2, 2, 2, 2, 2, 2, 4 ),
 ( 0.000000000000000000, 0.001440627790020655111, 0.002160941685030983318, 0.002881255580041311524, 0.003601569475051638863, 0.004321883370061964900, 0.005762511160082620446, 0.006482825055092950386, 0.007203138950103281195, 0.008643766740123948883, 0.009364080635134282293, 0.01008439453014461223, 0.01080470842515496299, 0.01152502232016531375, 0.01224533621517566451, 0.01296565011018601353, 0.01368596400519636429, 0.01440627790020671678, 0.01584690569022740095, 0.01728753348024808512, 0.01872816127026877275, 0.01944847516527911657, 0.02016878906028945692, 0.02088910295529980074, 0.02160941685031014803, 0.02305004464033083567 ),
 .UNSPECIFIED. ) ;
#2775 = DIRECTION ( 'NONE',  ( 1.000000000000000000, 0.000000000000000000, 0.000000000000000000 ) ) ;
#2776 = FACE_BOUND ( 'NONE', #8077, .T. ) ;
#2777 = DIRECTION ( 'NONE',  ( -1.898196553187937393E-30, -1.000000000000000000, 2.442490654175333739E-15 ) ) ;
#2778 = CARTESIAN_POINT ( 'NONE',  ( -1.000000000000000444, 0.5773502691896266192, 0.000000000000000000 ) ) ;
#2779 = ADVANCED_FACE ( 'NONE', ( #7246 ), #2538, .F. ) ;
#2780 =( REPRESENTATION_RELATIONSHIP ('NONE','NONE', #1042, #702 ) REPRESENTATION_RELATIONSHIP_WITH_TRANSFORMATION ( #74 )SHAPE_REPRESENTATION_RELATIONSHIP( ) );
#2781 = CARTESIAN_POINT ( 'NONE',  ( 0.000000000000000000, 0.000000000000000000, 0.000000000000000000 ) ) ;
#2782 = VECTOR ( 'NONE', #3436, 1000.000000000000000 ) ;
#2783 = DIRECTION ( 'NONE',  ( 1.000000000000000000, 2.536951011547150738E-31, 2.465190328815656637E-31 ) ) ;
#2784 = CARTESIAN_POINT ( 'NONE',  ( -2.099168659438524944E-29, -4.500000000000230926, 8.500000000000360600 ) ) ;
#2785 = DIRECTION ( 'NONE',  ( -1.000000000000000000, 0.000000000000000000, 0.000000000000000000 ) ) ;
#2786 = DIRECTION ( 'NONE',  ( 1.000000000000000000, 1.719470254348916462E-30, -2.290883888735602091E-30 ) ) ;
#2787 = ADVANCED_FACE ( 'NONE', ( #6475 ), #8377, .T. ) ;
#2788 = DIRECTION ( 'NONE',  ( 0.000000000000000000, 0.000000000000000000, 1.000000000000000000 ) ) ;
#2789 = EDGE_CURVE ( 'NONE', #4529, #5709, #5793, .T. ) ;
#2790 = SHAPE_REPRESENTATION ( '000401.30.11 \X2\041e0431043c043e0442043a0430\X0\_0..20', ( #1795 ), #6523 ) ;
#2791 = CARTESIAN_POINT ( 'NONE',  ( -5.566812462425204444, 7.079012380770733692, -37.26632592062513538 ) ) ;
#2792 = CARTESIAN_POINT ( 'NONE',  ( 0.5999999999999894307, 8.499999999999989342, -5.267826876426342508 ) ) ;
#2793 = EDGE_CURVE ( 'NONE', #4757, #3124, #7287, .T. ) ;
#2794 = CARTESIAN_POINT ( 'NONE',  ( 10.24390062427393389, -0.3144684227039297175, 6.250000000000001776 ) ) ;
#2795 = VERTEX_POINT ( 'NONE', #7717 ) ;
#2796 = CARTESIAN_POINT ( 'NONE',  ( 6.500000000000000888, 7.936266832981194164E-16, 3.731761184457490277 ) ) ;
#2797 = CARTESIAN_POINT ( 'NONE',  ( 0.000000000000000000, 0.000000000000000000, 0.000000000000000000 ) ) ;
#2798 = DIRECTION ( 'NONE',  ( 0.000000000000000000, 3.830269434956792431E-15, 1.000000000000000000 ) ) ;
#2799 = CYLINDRICAL_SURFACE ( 'NONE', #6484, 1.599999999999997202 ) ;
#2800 = EDGE_LOOP ( 'NONE', ( #4927, #4985, #6198, #1421 ) ) ;
#2801 = ORIENTED_EDGE ( 'NONE', *, *, #3725, .F. ) ;
#2802 = ORIENTED_EDGE ( 'NONE', *, *, #312, .F. ) ;
#2803 = DIRECTION ( 'NONE',  ( 0.000000000000000000, 1.000000000000000000, 0.000000000000000000 ) ) ;
#2804 = ORIENTED_EDGE ( 'NONE', *, *, #5028, .F. ) ;
#2805 = DIRECTION ( 'NONE',  ( 0.000000000000000000, 0.000000000000000000, 1.000000000000000000 ) ) ;
#2806 = CARTESIAN_POINT ( 'NONE',  ( 8.672895236914868585E-16, 7.505553499465147382, 4.000000000000000000 ) ) ;
#2807 = CARTESIAN_POINT ( 'NONE',  ( -8.947312526081843131, 0.9763015099786060969, -44.27188109495041601 ) ) ;
#2808 = VERTEX_POINT ( 'NONE', #1250 ) ;
#2809 = LINE ( 'NONE', #1499, #5705 ) ;
#2810 = CIRCLE ( 'NONE', #6875, 2.250000000000000000 ) ;
#2811 = CARTESIAN_POINT ( 'NONE',  ( 0.000000000000000000, 0.000000000000000000, -45.00000000000000000 ) ) ;
#2812 = CYLINDRICAL_SURFACE ( 'NONE', #3095, 1.000000000000000888 ) ;
#2813 = VERTEX_POINT ( 'NONE', #586 ) ;
#2814 = FACE_OUTER_BOUND ( 'NONE', #7065, .T. ) ;
#2815 = CIRCLE ( 'NONE', #5795, 8.000000000000000000 ) ;
#2816 = CIRCLE ( 'NONE', #615, 4.500000000000000888 ) ;
#2817 = EDGE_CURVE ( 'NONE', #3411, #6119, #6339, .T. ) ;
#2818 = PLANE ( 'NONE',  #2585 ) ;
#2819 = DIRECTION ( 'NONE',  ( -2.290883888735597887E-30, -2.442490654175333345E-15, -1.000000000000000000 ) ) ;
#2820 = ORIENTED_EDGE ( 'NONE', *, *, #3093, .F. ) ;
#2821 = AXIS2_PLACEMENT_3D ( 'NONE', #1300, #3984, #4666 ) ;
#2822 = DIRECTION ( 'NONE',  ( 1.898196553187937393E-30, 1.000000000000000000, -2.442490654175333739E-15 ) ) ;
#2823 = DIRECTION ( 'NONE',  ( 1.000000000000000000, 2.536951011547150738E-31, 2.465190328815656637E-31 ) ) ;
#2824 = CIRCLE ( 'NONE', #3377, 11.00000000000000000 ) ;
#2825 = DIRECTION ( 'NONE',  ( 0.000000000000000000, 1.000000000000000000, 0.000000000000000000 ) ) ;
#2826 = EDGE_CURVE ( 'NONE', #8169, #570, #4536, .T. ) ;
#2827 = CARTESIAN_POINT ( 'NONE',  ( -9.896123147562564171, -1.438189209366444121, -42.29107076896446671 ) ) ;
#2828 = CARTESIAN_POINT ( 'NONE',  ( -0.5395136826241588857, 7.194065129570603290, 3.444269994619109987 ) ) ;
#2829 = CARTESIAN_POINT ( 'NONE',  ( 10.31445369475275697, -1.242753713588072628, -6.133106617836928010 ) ) ;
#2830 = VECTOR ( 'NONE', #1599, 1000.000000000000000 ) ;
#2831 = EDGE_CURVE ( 'NONE', #2873, #8097, #1462, .T. ) ;
#2832 = CIRCLE ( 'NONE', #7173, 8.500000000000349942 ) ;
#2833 = CARTESIAN_POINT ( 'NONE',  ( -4.339153408049781113, 7.895698807799162111, -38.51125520941441494 ) ) ;
#2834 = CARTESIAN_POINT ( 'NONE',  ( 6.813846362401282164, -0.4027938496176041716, 8.991301054924283775 ) ) ;
#2835 = COLOUR_RGB ( '',0.7921568627450980005, 0.8196078431372548767, 0.9333333333333333481 ) ;
#2836 = DIRECTION ( 'NONE',  ( 0.000000000000000000, 3.830269434956790853E-15, 1.000000000000000000 ) ) ;
#2837 = ORIENTED_EDGE ( 'NONE', *, *, #7452, .F. ) ;
#2838 = CIRCLE ( 'NONE', #3925, 10.00000000000000000 ) ;
#2839 = LINE ( 'NONE', #1608, #6100 ) ;
#2840 = AXIS2_PLACEMENT_3D ( 'NONE', #1210, #7080, #6442 ) ;
#2841 = ADVANCED_FACE ( 'NONE', ( #5410 ), #8104, .F. ) ;
#2842 = SURFACE_SIDE_STYLE ('',( #1354 ) ) ;
#2843 = LINE ( 'NONE', #5435, #8252 ) ;
#2844 = DIRECTION ( 'NONE',  ( 0.000000000000000000, 0.000000000000000000, -1.000000000000000000 ) ) ;
#2845 = VERTEX_POINT ( 'NONE', #7448 ) ;
#2846 = ORIENTED_EDGE ( 'NONE', *, *, #4554, .F. ) ;
#2847 = AXIS2_PLACEMENT_3D ( 'NONE', #1713, #5449, #221 ) ;
#2848 = AXIS2_PLACEMENT_3D ( 'NONE', #2458, #7722, #3143 ) ;
#2849 = VERTEX_POINT ( 'NONE', #2231 ) ;
#2850 = DIRECTION ( 'NONE',  ( 0.4999999999999865108, 2.115258955021949435E-15, -0.8660254037844463681 ) ) ;
#2851 = ORIENTED_EDGE ( 'NONE', *, *, #7876, .F. ) ;
#2852 = ADVANCED_FACE ( 'NONE', ( #7408 ), #8009, .T. ) ;
#2853 = CARTESIAN_POINT ( 'NONE',  ( 0.000000000000000000, 0.000000000000000000, 44.49999999999997868 ) ) ;
#2854 = AXIS2_PLACEMENT_3D ( 'NONE', #3645, #1649, #2405 ) ;
#2855 = AXIS2_PLACEMENT_3D ( 'NONE', #1897, #4995, #8319 ) ;
#2856 = CARTESIAN_POINT ( 'NONE',  ( 10.87995685378844435, -3.730863821951555970, 5.016355956475711864 ) ) ;
#2857 = LINE ( 'NONE', #1539, #7186 ) ;
#2858 = ORIENTED_EDGE ( 'NONE', *, *, #5268, .T. ) ;
#2859 = DIRECTION ( 'NONE',  ( 1.000000000000000000, 0.000000000000000000, 0.000000000000000000 ) ) ;
#2860 = VECTOR ( 'NONE', #5116, 1000.000000000000000 ) ;
#2861 = CIRCLE ( 'NONE', #1081, 10.00000000000001421 ) ;
#2862 = ORIENTED_EDGE ( 'NONE', *, *, #1027, .F. ) ;
#2863 = CARTESIAN_POINT ( 'NONE',  ( 0.000000000000000000, 0.000000000000000000, 0.000000000000000000 ) ) ;
#2864 = AXIS2_PLACEMENT_3D ( 'NONE', #613, #5751, #494 ) ;
#2865 = DIRECTION ( 'NONE',  ( 1.000000000000000000, -3.614007241618317709E-17, -2.204355216680804521E-30 ) ) ;
#2866 = ADVANCED_FACE ( 'NONE', ( #5958 ), #3512, .T. ) ;
#2867 =( LENGTH_UNIT ( ) NAMED_UNIT ( * ) SI_UNIT ( .MILLI., .METRE. ) );
#2868 = DIRECTION ( 'NONE',  ( -1.000000000000000000, -0.000000000000000000, -0.000000000000000000 ) ) ;
#2869 = ORIENTED_EDGE ( 'NONE', *, *, #8, .F. ) ;
#2870 = TOROIDAL_SURFACE ( 'NONE', #3550, 8.250000000000000000, 1.999999999999999112 ) ;
#2871 = CARTESIAN_POINT ( 'NONE',  ( 5.417157287525398601, 0.000000000000000000, -5.473822126268816683E-45 ) ) ;
#2872 = CARTESIAN_POINT ( 'NONE',  ( 13.00000000000001066, 2.174003763179342338E-14, 5.500000000000006217 ) ) ;
#2873 = VERTEX_POINT ( 'NONE', #2877 ) ;
#2874 =( GEOMETRIC_REPRESENTATION_CONTEXT ( 3 ) GLOBAL_UNCERTAINTY_ASSIGNED_CONTEXT ( ( #2607 ) ) GLOBAL_UNIT_ASSIGNED_CONTEXT ( ( #1895, #1946, #6079 ) ) REPRESENTATION_CONTEXT ( 'NONE', 'WORKASPACE' ) );
#2875 = CARTESIAN_POINT ( 'NONE',  ( 2.323699784143525182, 9.736384942666987286, -39.61932848836299570 ) ) ;
#2876 = CARTESIAN_POINT ( 'NONE',  ( 8.329488279399942741, 1.216720547996655188, -8.917598067125988237 ) ) ;
#2877 = CARTESIAN_POINT ( 'NONE',  ( 36.00000000000000711, -1.953992523340275511E-14, 7.750000000000005329 ) ) ;
#2878 = ORIENTED_EDGE ( 'NONE', *, *, #6998, .F. ) ;
#2879 = CARTESIAN_POINT ( 'NONE',  ( -2.541142108230757578E-16, -1.300000000000000044, 3.184081677783118191E-16 ) ) ;
#2880 = CARTESIAN_POINT ( 'NONE',  ( 6.000000000000000000, 0.000000000000000000, 0.000000000000000000 ) ) ;
#2881 = CARTESIAN_POINT ( 'NONE',  ( 9.217395962503090345, -0.3276275346520970411, -8.995313645550462311 ) ) ;
#2882 = CARTESIAN_POINT ( 'NONE',  ( -10.00000000000000000, 0.000000000000000000, -41.39999999999992752 ) ) ;
#2883 = CARTESIAN_POINT ( 'NONE',  ( -2.717532093718050490, 5.936585613625585012, 3.732210339854046044 ) ) ;
#2884 = CARTESIAN_POINT ( 'NONE',  ( 1.500000000000000000, 0.000000000000000000, -1.949999999999999067 ) ) ;
#2885 = CARTESIAN_POINT ( 'NONE',  ( -6.500000000000000888, -3.752776749732556372, 3.315247287287310662 ) ) ;
#2886 = CARTESIAN_POINT ( 'NONE',  ( 0.000000000000000000, 0.000000000000000000, -1.949999999999999067 ) ) ;
#2887 = EDGE_CURVE ( 'NONE', #8088, #4296, #6765, .T. ) ;
#2888 = LINE ( 'NONE', #7295, #8131 ) ;
#2889 = LINE ( 'NONE', #2101, #3787 ) ;
#2890 = ORIENTED_EDGE ( 'NONE', *, *, #4688, .F. ) ;
#2891 = DIRECTION ( 'NONE',  ( -1.000000000000000000, 0.000000000000000000, 0.000000000000000000 ) ) ;
#2892 = CARTESIAN_POINT ( 'NONE',  ( 0.5999999999999894307, 3.830269434956790696E-14, 10.00000000000000000 ) ) ;
#2893 = DIRECTION ( 'NONE',  ( 0.000000000000000000, 3.830269434956791642E-15, 1.000000000000000000 ) ) ;
#2894 = DIRECTION ( 'NONE',  ( 1.000000000000000000, 0.000000000000000000, 0.000000000000000000 ) ) ;
#2895 = ORIENTED_EDGE ( 'NONE', *, *, #5684, .T. ) ;
#2896 = EDGE_CURVE ( 'NONE', #7619, #2125, #6140, .T. ) ;
#2897 = ORIENTED_EDGE ( 'NONE', *, *, #4200, .T. ) ;
#2898 = ADVANCED_FACE ( 'NONE', ( #3469 ), #7330, .T. ) ;
#2899 = ORIENTED_EDGE ( 'NONE', *, *, #5238, .T. ) ;
#2900 = CARTESIAN_POINT ( 'NONE',  ( 6.750000000000007994, 2.106648140261678538E-14, 5.500000000000000000 ) ) ;
#2901 = ORIENTED_EDGE ( 'NONE', *, *, #2951, .F. ) ;
#2902 = APPLICATION_PROTOCOL_DEFINITION ( 'draft international standard', 'automotive_design', 1998, #7174 ) ;
#2903 = CARTESIAN_POINT ( 'NONE',  ( 0.5999999999999894307, -3.469446951953614189E-15, -4.814824860968089633E-30 ) ) ;
#2904 = CARTESIAN_POINT ( 'NONE',  ( -8.891168424218824029, 1.397770675134491603, -43.80642709264551371 ) ) ;
#2905 = ORIENTED_EDGE ( 'NONE', *, *, #7505, .F. ) ;
#2906 = ADVANCED_FACE ( 'NONE', ( #8096 ), #8055, .T. ) ;
#2907 = APPLICATION_CONTEXT ( 'automotive_design' ) ;
#2908 = EDGE_LOOP ( 'NONE', ( #7059, #917 ) ) ;
#2909 = DIRECTION ( 'NONE',  ( 1.000000000000000000, -2.527244646312398061E-18, -2.284402040327631027E-30 ) ) ;
#2910 = DIRECTION ( 'NONE',  ( 0.000000000000000000, 0.000000000000000000, 0.9999999999999995559 ) ) ;
#2911 = FACE_OUTER_BOUND ( 'NONE', #186, .T. ) ;
#2912 = VERTEX_POINT ( 'NONE', #2270 ) ;
#2913 = DIRECTION ( 'NONE',  ( -1.000000000000000000, 0.000000000000000000, -0.000000000000000000 ) ) ;
#2914 = LINE ( 'NONE', #2952, #3861 ) ;
#2915 = ORIENTED_EDGE ( 'NONE', *, *, #7410, .T. ) ;
#2916 = DIRECTION ( 'NONE',  ( 0.000000000000000000, 0.000000000000000000, 1.000000000000000000 ) ) ;
#2917 = DIRECTION ( 'NONE',  ( 1.000000000000000000, 0.000000000000000000, 0.000000000000000000 ) ) ;
#2918 = ORIENTED_EDGE ( 'NONE', *, *, #5531, .T. ) ;
#2919 = AXIS2_PLACEMENT_3D ( 'NONE', #6372, #1963, #4511 ) ;
#2920 = LINE ( 'NONE', #8057, #3002 ) ;
#2921 = FILL_AREA_STYLE_COLOUR ( '', #4208 ) ;
#2922 = DIRECTION ( 'NONE',  ( 0.000000000000000000, 0.000000000000000000, 1.000000000000000000 ) ) ;
#2923 = CARTESIAN_POINT ( 'NONE',  ( 0.5380700331289284266, 7.194898620995292760, 3.443924751166882015 ) ) ;
#2924 = FACE_OUTER_BOUND ( 'NONE', #3063, .T. ) ;
#2925 = CARTESIAN_POINT ( 'NONE',  ( 8.998778704378162629, -0.7690793001209283997, 8.967826197393801380 ) ) ;
#2926 = PRESENTATION_STYLE_ASSIGNMENT (( #3610 ) ) ;
#2927 = CARTESIAN_POINT ( 'NONE',  ( 0.000000000000000000, 6.000000000000389022, -1.465494392505291830E-14 ) ) ;
#2928 = CARTESIAN_POINT ( 'NONE',  ( 10.46147475916265357, -2.142475347831014787, 5.879517290183366995 ) ) ;
#2929 = ORIENTED_EDGE ( 'NONE', *, *, #3877, .T. ) ;
#2930 = DIRECTION ( 'NONE',  ( 2.527244646312397676E-18, 1.000000000000000000, -2.442490654175333739E-15 ) ) ;
#2931 = CARTESIAN_POINT ( 'NONE',  ( 9.878440750298943306E-30, 6.000000000000397016, -4.000000000000180300 ) ) ;
#2932 = CARTESIAN_POINT ( 'NONE',  ( -2.050000000000000711, 2.000000000000000000, 2.549999999999999822 ) ) ;
#2933 = CARTESIAN_POINT ( 'NONE',  ( -1.000000000000000444, -0.5773502691896253980, 0.000000000000000000 ) ) ;
#2934 = ORIENTED_EDGE ( 'NONE', *, *, #2630, .F. ) ;
#2935 = EDGE_CURVE ( 'NONE', #4407, #5112, #655, .T. ) ;
#2936 = ORIENTED_EDGE ( 'NONE', *, *, #903, .T. ) ;
#2937 = DIRECTION ( 'NONE',  ( 0.000000000000000000, -2.442490654175355433E-15, 1.000000000000000000 ) ) ;
#2938 = EDGE_LOOP ( 'NONE', ( #4425, #2064, #4297, #6379 ) ) ;
#2939 = EDGE_CURVE ( 'NONE', #6971, #970, #3379, .T. ) ;
#2940 = CARTESIAN_POINT ( 'NONE',  ( 10.71669195251485895, -4.262260818464786105, 4.571531648110968682 ) ) ;
#2941 = CARTESIAN_POINT ( 'NONE',  ( -8.909740896450681902, 1.280252685422260894, -43.98249605881088087 ) ) ;
#2942 = ORIENTED_EDGE ( 'NONE', *, *, #3003, .T. ) ;
#2943 = EDGE_CURVE ( 'NONE', #2548, #2397, #6003, .T. ) ;
#2944 = ORIENTED_EDGE ( 'NONE', *, *, #216, .F. ) ;
#2945 = DIRECTION ( 'NONE',  ( 0.000000000000000000, 0.000000000000000000, 1.000000000000000000 ) ) ;
#2946 = CARTESIAN_POINT ( 'NONE',  ( 0.000000000000000000, 0.000000000000000000, 0.000000000000000000 ) ) ;
#2947 = VERTEX_POINT ( 'NONE', #145 ) ;
#2948 = ADVANCED_FACE ( 'NONE', ( #6810 ), #978, .F. ) ;
#2949 = FACE_OUTER_BOUND ( 'NONE', #7220, .T. ) ;
#2950 =( REPRESENTATION_RELATIONSHIP ('NONE','NONE', #7951, #7407 ) REPRESENTATION_RELATIONSHIP_WITH_TRANSFORMATION ( #1302 )SHAPE_REPRESENTATION_RELATIONSHIP( ) );
#2951 = EDGE_CURVE ( 'NONE', #4805, #1458, #5323, .T. ) ;
#2952 = CARTESIAN_POINT ( 'NONE',  ( -4.907477288111824265, 8.900000000000002132, 8.500000000000008882 ) ) ;
#2953 = EDGE_LOOP ( 'NONE', ( #3443, #4474, #7537, #3719 ) ) ;
#2954 = CYLINDRICAL_SURFACE ( 'NONE', #8287, 5.200000000000000178 ) ;
#2955 = DIRECTION ( 'NONE',  ( 0.000000000000000000, 0.000000000000000000, 1.000000000000000000 ) ) ;
#2956 = ADVANCED_FACE ( 'NONE', ( #4237 ), #942, .F. ) ;
#2957 = ORIENTED_EDGE ( 'NONE', *, *, #684, .F. ) ;
#2958 = LINE ( 'NONE', #7411, #7468 ) ;
#2959 = DIRECTION ( 'NONE',  ( 0.000000000000000000, 3.830269434956791642E-15, 1.000000000000000000 ) ) ;
#2960 = AXIS2_PLACEMENT_3D ( 'NONE', #5068, #1839, #6373 ) ;
#2961 = DIRECTION ( 'NONE',  ( -1.000000000000000000, 0.000000000000000000, 0.000000000000000000 ) ) ;
#2962 = LINE ( 'NONE', #2197, #1754 ) ;
#2963 = CYLINDRICAL_SURFACE ( 'NONE', #7865, 9.000000000000010658 ) ;
#2964 = CARTESIAN_POINT ( 'NONE',  ( 35.50000000000000711, -6.500000000000431655, -5.080600358225501267 ) ) ;
#2965 = VECTOR ( 'NONE', #6676, 1000.000000000000000 ) ;
#2966 = CARTESIAN_POINT ( 'NONE',  ( 7.000619308905798199, 0.7682967459562936030, -8.967894428361551817 ) ) ;
#2967 = FACE_OUTER_BOUND ( 'NONE', #5220, .T. ) ;
#2968 = EDGE_LOOP ( 'NONE', ( #6758, #1054, #7594, #2045 ) ) ;
#2969 = DIRECTION ( 'NONE',  ( 0.000000000000000000, -2.442490654175355433E-15, 1.000000000000000000 ) ) ;
#2970 = VECTOR ( 'NONE', #6157, 1000.000000000000000 ) ;
#2971 = CARTESIAN_POINT ( 'NONE',  ( 2.739652713085302338, -9.619267788292674481, 2.518870403409453562 ) ) ;
#2972 = DIRECTION ( 'NONE',  ( 0.8660254037844387076, -0.4999999999999999445, 0.000000000000000000 ) ) ;
#2973 = EDGE_LOOP ( 'NONE', ( #6302, #7563, #4388, #7484 ) ) ;
#2974 = PRODUCT_RELATED_PRODUCT_CATEGORY ( 'part', '', ( #4228 ) ) ;
#2975 = STYLED_ITEM ( 'NONE', ( #2643 ), #3335 ) ;
#2976 = VERTEX_POINT ( 'NONE', #1255 ) ;
#2977 = LINE ( 'NONE', #4931, #1746 ) ;
#2978 = PRESENTATION_LAYER_ASSIGNMENT (  '', '', ( #5406 ) ) ;
#2979 = EDGE_LOOP ( 'NONE', ( #1670, #359, #6327, #2086 ) ) ;
#2980 = SHAPE_DEFINITION_REPRESENTATION ( #7620, #7686 ) ;
#2981 = PRODUCT_DEFINITION ( 'UNKNOWN', '', #814, #8315 ) ;
#2982 = AXIS2_PLACEMENT_3D ( 'NONE', #6407, #5640, #2414 ) ;
#2983 = LINE ( 'NONE', #4172, #7841 ) ;
#2984 = CARTESIAN_POINT ( 'NONE',  ( 10.00000000000000888, 2.525757381022235863E-14, 7.500000000000009770 ) ) ;
#2985 = ORIENTED_EDGE ( 'NONE', *, *, #7966, .T. ) ;
#2986 = VECTOR ( 'NONE', #329, 1000.000000000000000 ) ;
#2987 = CIRCLE ( 'NONE', #3129, 0.1999999999999996503 ) ;
#2988 = EDGE_LOOP ( 'NONE', ( #564, #6153, #2934, #5897 ) ) ;
#2989 = DIRECTION ( 'NONE',  ( -1.000000000000000000, -2.536951011547150738E-31, -2.465190328815656637E-31 ) ) ;
#2990 = EDGE_CURVE ( 'NONE', #1021, #5574, #4523, .T. ) ;
#2991 = ADVANCED_FACE ( 'NONE', ( #3346 ), #7774, .F. ) ;
#2992 = EDGE_LOOP ( 'NONE', ( #7105, #5608, #5389, #6320 ) ) ;
#2993 = CARTESIAN_POINT ( 'NONE',  ( 1.360785061506240355E-30, 1.761923940080126143E-14, 4.600000000000005862 ) ) ;
#2994 = ORIENTED_EDGE ( 'NONE', *, *, #5701, .T. ) ;
#2995 = CIRCLE ( 'NONE', #5838, 5.291502622129399036 ) ;
#2996 = DIRECTION ( 'NONE',  ( 2.469610187574633181E-30, 2.442490654175355433E-15, -1.000000000000000000 ) ) ;
#2997 = ORIENTED_EDGE ( 'NONE', *, *, #2826, .T. ) ;
#2998 = CARTESIAN_POINT ( 'NONE',  ( -10.00000000000000000, 0.000000000000000000, -41.39999999999992752 ) ) ;
#2999 = AXIS2_PLACEMENT_3D ( 'NONE', #5274, #7193, #7316 ) ;
#3000 = EDGE_CURVE ( 'NONE', #6510, #3077, #2047, .T. ) ;
#3001 = ORIENTED_EDGE ( 'NONE', *, *, #6438, .T. ) ;
#3002 = VECTOR ( 'NONE', #2273, 1000.000000000000000 ) ;
#3003 = EDGE_CURVE ( 'NONE', #6271, #7371, #5569, .T. ) ;
#3004 = LINE ( 'NONE', #6347, #6643 ) ;
#3005 =( NAMED_UNIT ( * ) PLANE_ANGLE_UNIT ( ) SI_UNIT ( $, .RADIAN. ) );
#3006 = CIRCLE ( 'NONE', #389, 4.200000000000000178 ) ;
#3007 = DIRECTION ( 'NONE',  ( -1.000000000000000000, 0.000000000000000000, 0.000000000000000000 ) ) ;
#3008 = CARTESIAN_POINT ( 'NONE',  ( -9.927479541470832558, -1.204435257223943179, -44.05839954486179266 ) ) ;
#3009 = CARTESIAN_POINT ( 'NONE',  ( 6.500000000000005329, -2.039292615273130835E-14, -5.500000000000000000 ) ) ;
#3010 = CARTESIAN_POINT ( 'NONE',  ( 0.000000000000000000, 0.000000000000000000, 0.000000000000000000 ) ) ;
#3011 = EDGE_CURVE ( 'NONE', #3359, #1532, #1783, .T. ) ;
#3012 = CARTESIAN_POINT ( 'NONE',  ( 0.9999999999999995559, 0.09751323620557524052, -1.129893436912765114 ) ) ;
#3013 = CARTESIAN_POINT ( 'NONE',  ( 9.123908581419570396, 4.533310725932993890, -4.303247237355100729 ) ) ;
#3014 = AXIS2_PLACEMENT_3D ( 'NONE', #1700, #5478, #1735 ) ;
#3015 = VERTEX_POINT ( 'NONE', #7891 ) ;
#3016 = EDGE_CURVE ( 'NONE', #4713, #3800, #8293, .T. ) ;
#3017 = DIRECTION ( 'NONE',  ( 0.000000000000000000, 0.000000000000000000, -1.000000000000000000 ) ) ;
#3018 = CARTESIAN_POINT ( 'NONE',  ( 0.000000000000000000, 0.000000000000000000, -45.00000000000000000 ) ) ;
#3019 = DIRECTION ( 'NONE',  ( 0.000000000000000000, -0.000000000000000000, 1.000000000000000000 ) ) ;
#3020 = CARTESIAN_POINT ( 'NONE',  ( 6.937914254510212153, 5.732964630315427357, -33.96100055401942086 ) ) ;
#3021 = ORIENTED_EDGE ( 'NONE', *, *, #2672, .F. ) ;
#3022 = AXIS2_PLACEMENT_3D ( 'NONE', #7121, #2411, #4419 ) ;
#3023 = ORIENTED_EDGE ( 'NONE', *, *, #5131, .T. ) ;
#3024 = EDGE_CURVE ( 'NONE', #4947, #4184, #7746, .T. ) ;
#3025 = AXIS2_PLACEMENT_3D ( 'NONE', #7753, #7066, #4526 ) ;
#3026 = ORIENTED_EDGE ( 'NONE', *, *, #4197, .F. ) ;
#3027 = FACE_OUTER_BOUND ( 'NONE', #5832, .T. ) ;
#3028 = EDGE_LOOP ( 'NONE', ( #7709, #8385 ) ) ;
#3029 = APPLICATION_PROTOCOL_DEFINITION ( 'draft international standard', 'automotive_design', 1998, #309 ) ;
#3030 = DIRECTION ( 'NONE',  ( 0.000000000000000000, 0.000000000000000000, -1.000000000000000000 ) ) ;
#3031 = CARTESIAN_POINT ( 'NONE',  ( -6.500000000000001776, -2.505091689938032662, 0.4504913003266833305 ) ) ;
#3032 = CARTESIAN_POINT ( 'NONE',  ( -6.531435267832774727, 7.573222039985391341, -30.47187518255213234 ) ) ;
#3033 = ORIENTED_EDGE ( 'NONE', *, *, #3877, .F. ) ;
#3034 = ORIENTED_EDGE ( 'NONE', *, *, #6270, .F. ) ;
#3035 = CARTESIAN_POINT ( 'NONE',  ( 8.763537694931056166, -4.831222912189293339, -5.424942829254471910 ) ) ;
#3036 = CARTESIAN_POINT ( 'NONE',  ( 10.00000000000002309, 0.000000000000000000, 10.00000000000001421 ) ) ;
#3037 = VERTEX_POINT ( 'NONE', #3894 ) ;
#3038 = PLANE ( 'NONE',  #2716 ) ;
#3039 = ORIENTED_EDGE ( 'NONE', *, *, #609, .T. ) ;
#3040 = DIRECTION ( 'NONE',  ( -0.000000000000000000, -0.000000000000000000, 1.000000000000000000 ) ) ;
#3041 = ORIENTED_EDGE ( 'NONE', *, *, #4301, .T. ) ;
#3042 = DIRECTION ( 'NONE',  ( 1.000000000000000000, 2.536951011547150738E-31, 2.465190328815656637E-31 ) ) ;
#3043 = ADVANCED_FACE ( 'NONE', ( #2700 ), #7725, .F. ) ;
#3044 = VECTOR ( 'NONE', #313, 1000.000000000000000 ) ;
#3045 = VERTEX_POINT ( 'NONE', #1295 ) ;
#3046 = UNCERTAINTY_MEASURE_WITH_UNIT (LENGTH_MEASURE( 1.000000000000000082E-05 ), #930, 'distance_accuracy_value', 'NONE');
#3047 = LINE ( 'NONE', #4865, #6913 ) ;
#3048 = CARTESIAN_POINT ( 'NONE',  ( 8.000000000000007105, 1.249999999999968248, -8.912771734987947170 ) ) ;
#3049 = CARTESIAN_POINT ( 'NONE',  ( 1.500000000000000000, 0.000000000000000000, -7.150000000000000355 ) ) ;
#3050 = CARTESIAN_POINT ( 'NONE',  ( 2.236698417572948294, -9.918057307984112114, -1.318262100978564000 ) ) ;
#3051 = ADVANCED_FACE ( 'NONE', ( #2076, #6480 ), #6568, .F. ) ;
#3052 = CARTESIAN_POINT ( 'NONE',  ( 82.99999999999998579, 0.000000000000000000, 0.000000000000000000 ) ) ;
#3053 = CIRCLE ( 'NONE', #3322, 5.852414213562370016 ) ;
#3054 = EDGE_CURVE ( 'NONE', #960, #2845, #6249, .T. ) ;
#3055 = PLANE ( 'NONE',  #5993 ) ;
#3056 = ORIENTED_EDGE ( 'NONE', *, *, #779, .F. ) ;
#3057 = DIRECTION ( 'NONE',  ( -1.000000000000000000, 0.000000000000000000, 0.000000000000000000 ) ) ;
#3058 = EDGE_CURVE ( 'NONE', #5264, #8214, #558, .T. ) ;
#3059 = ADVANCED_FACE ( 'NONE', ( #7085 ), #7058, .F. ) ;
#3060 = FACE_BOUND ( 'NONE', #6072, .T. ) ;
#3061 = FACE_OUTER_BOUND ( 'NONE', #1706, .T. ) ;
#3062 = CARTESIAN_POINT ( 'NONE',  ( 6.901115463182840415, 5.777548975959376776, -31.80419643103683214 ) ) ;
#3063 = EDGE_LOOP ( 'NONE', ( #46, #7181, #2387, #4929 ) ) ;
#3064 = PLANE ( 'NONE',  #5759 ) ;
#3065 = VERTEX_POINT ( 'NONE', #2580 ) ;
#3066 = DIRECTION ( 'NONE',  ( -1.000000000000000000, -0.000000000000000000, -0.000000000000000000 ) ) ;
#3067 = EDGE_LOOP ( 'NONE', ( #1714, #4307, #5648, #1272 ) ) ;
#3068 = APPLICATION_PROTOCOL_DEFINITION ( 'draft international standard', 'automotive_design', 1998, #4633 ) ;
#3069 = CIRCLE ( 'NONE', #7809, 6.835786437627193735 ) ;
#3070 = CARTESIAN_POINT ( 'NONE',  ( -6.500000000000000888, 7.904112484840893175E-16, 0.2682388155425130538 ) ) ;
#3071 = CARTESIAN_POINT ( 'NONE',  ( -6.938600208746072973, 7.201179731105404436, -32.04463122439194933 ) ) ;
#3072 = ORIENTED_EDGE ( 'NONE', *, *, #6172, .F. ) ;
#3073 = EDGE_LOOP ( 'NONE', ( #6553, #2018, #2997, #5072 ) ) ;
#3074 = ORIENTED_EDGE ( 'NONE', *, *, #4682, .F. ) ;
#3075 = PRODUCT ( '\X2\042004300437044a0435043c\X0\ \X2\041c\X0\16\X2\0445\X0\1,5', '\X2\042004300437044a0435043c\X0\ \X2\041c\X0\16\X2\0445\X0\1,5', '', ( #5649 ) ) ;
#3076 = DIRECTION ( 'NONE',  ( -1.000000000000000000, -1.719470254348916462E-30, 2.290883888735602091E-30 ) ) ;
#3077 = VERTEX_POINT ( 'NONE', #1955 ) ;
#3078 = CARTESIAN_POINT ( 'NONE',  ( 12.03700908475527420, -5.869240024470623737E-15, 1.505117324549891479E-29 ) ) ;
#3079 = CARTESIAN_POINT ( 'NONE',  ( 8.630218129324953580, 8.933764693387312050, 1.091704705556689969 ) ) ;
#3080 = VERTEX_POINT ( 'NONE', #7122 ) ;
#3081 = DIRECTION ( 'NONE',  ( -0.000000000000000000, 1.000000000000000000, -0.000000000000000000 ) ) ;
#3082 = VERTEX_POINT ( 'NONE', #636 ) ;
#3083 = DIRECTION ( 'NONE',  ( 0.000000000000000000, 3.830269434956791642E-15, 1.000000000000000000 ) ) ;
#3084 = CARTESIAN_POINT ( 'NONE',  ( 6.000000000000005329, -3.615109636166009854E-14, -9.500000000000000000 ) ) ;
#3085 = CARTESIAN_POINT ( 'NONE',  ( 0.000000000000000000, 0.000000000000000000, 4.001000000000001222 ) ) ;
#3086 = PRODUCT_DEFINITION ( 'UNKNOWN', '', #6279, #5167 ) ;
#3087 = CARTESIAN_POINT ( 'NONE',  ( 3.306398941243534839, 9.440748343111607710, 3.306398941243522849 ) ) ;
#3088 = CARTESIAN_POINT ( 'NONE',  ( 2.594201924465693310, -9.748720689765406178, -2.232546315574733153 ) ) ;
#3089 = DIRECTION ( 'NONE',  ( 0.000000000000000000, -3.830269434956791642E-15, -1.000000000000000000 ) ) ;
#3090 = CARTESIAN_POINT ( 'NONE',  ( 28.17157287525379061, -6.500000000000452971, -2.116122921959997072 ) ) ;
#3091 = ORIENTED_EDGE ( 'NONE', *, *, #4963, .F. ) ;
#3092 = CARTESIAN_POINT ( 'NONE',  ( 3.103116281715249336, 9.508228704179277457, 3.059461473970297885 ) ) ;
#3093 = EDGE_CURVE ( 'NONE', #976, #5942, #5849, .T. ) ;
#3094 = DIRECTION ( 'NONE',  ( 0.000000000000000000, 1.000000000000000000, 0.000000000000000000 ) ) ;
#3095 = AXIS2_PLACEMENT_3D ( 'NONE', #1582, #6756, #2182 ) ;
#3096 = AXIS2_PLACEMENT_3D ( 'NONE', #2711, #1996, #5975 ) ;
#3097 = FACE_OUTER_BOUND ( 'NONE', #8245, .T. ) ;
#3098 = CARTESIAN_POINT ( 'NONE',  ( 2.354709609753696142, 8.697941244753756962, -39.60824311241671580 ) ) ;
#3099 = EDGE_CURVE ( 'NONE', #4089, #267, #6516, .T. ) ;
#3100 = PLANE ( 'NONE',  #3188 ) ;
#3101 = ORIENTED_EDGE ( 'NONE', *, *, #94, .F. ) ;
#3102 = CARTESIAN_POINT ( 'NONE',  ( 10.75277671849465655, 4.216401349201043480, -4.613989893872630255 ) ) ;
#3103 = CIRCLE ( 'NONE', #7576, 9.400000000000012790 ) ;
#3104 = ORIENTED_EDGE ( 'NONE', *, *, #6786, .T. ) ;
#3105 = EDGE_CURVE ( 'NONE', #40, #1446, #3130, .T. ) ;
#3106 = AXIS2_PLACEMENT_3D ( 'NONE', #7135, #650, #4670 ) ;
#3107 = DIRECTION ( 'NONE',  ( -1.000000000000000000, -1.719470254348916462E-30, 2.290883888735602091E-30 ) ) ;
#3108 = LINE ( 'NONE', #8247, #4182 ) ;
#3109 = CARTESIAN_POINT ( 'NONE',  ( -6.987541224766006920, 7.153700441637873553, -32.51919859982162109 ) ) ;
#3110 = ORIENTED_EDGE ( 'NONE', *, *, #3351, .T. ) ;
#3111 = ORIENTED_EDGE ( 'NONE', *, *, #3000, .T. ) ;
#3112 =( GEOMETRIC_REPRESENTATION_CONTEXT ( 3 ) GLOBAL_UNCERTAINTY_ASSIGNED_CONTEXT ( ( #8387 ) ) GLOBAL_UNIT_ASSIGNED_CONTEXT ( ( #8325, #4958, #424 ) ) REPRESENTATION_CONTEXT ( 'NONE', 'WORKASPACE' ) );
#3113 =( REPRESENTATION_RELATIONSHIP ('NONE','NONE', #7951, #95 ) REPRESENTATION_RELATIONSHIP_WITH_TRANSFORMATION ( #3151 )SHAPE_REPRESENTATION_RELATIONSHIP( ) );
#3114 = ORIENTED_EDGE ( 'NONE', *, *, #2473, .F. ) ;
#3115 = CARTESIAN_POINT ( 'NONE',  ( 8.000000000000007105, -10.00000000000001776, 0.000000000000000000 ) ) ;
#3116 =( NAMED_UNIT ( * ) SI_UNIT ( $, .STERADIAN. ) SOLID_ANGLE_UNIT ( ) );
#3117 = VECTOR ( 'NONE', #2183, 1000.000000000000227 ) ;
#3118 = DIRECTION ( 'NONE',  ( -1.000000000000000000, -2.536951011547150738E-31, -2.465190328815656637E-31 ) ) ;
#3119 = AXIS2_PLACEMENT_3D ( 'NONE', #1956, #4542, #7124 ) ;
#3120 = LINE ( 'NONE', #8378, #5441 ) ;
#3121 = CIRCLE ( 'NONE', #637, 5.200000000000000178 ) ;
#3122 = ORIENTED_EDGE ( 'NONE', *, *, #2065, .T. ) ;
#3123 = CARTESIAN_POINT ( 'NONE',  ( -8.856657862987670882, -1.599878593248068581, -43.21228468390077637 ) ) ;
#3124 = VERTEX_POINT ( 'NONE', #6221 ) ;
#3125 = DIRECTION ( 'NONE',  ( -1.000000000000000000, -0.000000000000000000, -0.000000000000000000 ) ) ;
#3126 = VERTEX_POINT ( 'NONE', #6949 ) ;
#3127 = VECTOR ( 'NONE', #3769, 1000.000000000000114 ) ;
#3128 = UNCERTAINTY_MEASURE_WITH_UNIT (LENGTH_MEASURE( 1.000000000000000082E-05 ), #4355, 'distance_accuracy_value', 'NONE');
#3129 = AXIS2_PLACEMENT_3D ( 'NONE', #6321, #1907, #4457 ) ;
#3130 = LINE ( 'NONE', #1157, #7881 ) ;
#3131 = CARTESIAN_POINT ( 'NONE',  ( -8.856650448302755052, 1.599919636490564567, -42.79020609934728014 ) ) ;
#3132 = CARTESIAN_POINT ( 'NONE',  ( -9.879377935219700646, 1.548651404570859480, -43.41549880681237283 ) ) ;
#3133 = CARTESIAN_POINT ( 'NONE',  ( 2.697858172461676585, 5.947944357358966094, 3.731303807179116028 ) ) ;
#3134 = CIRCLE ( 'NONE', #1219, 4.400000000000182432 ) ;
#3135 = FACE_OUTER_BOUND ( 'NONE', #1636, .T. ) ;
#3136 = DIRECTION ( 'NONE',  ( 0.000000000000000000, 0.000000000000000000, 1.000000000000000000 ) ) ;
#3137 = AXIS2_PLACEMENT_3D ( 'NONE', #4701, #4833, #8064 ) ;
#3138 = VECTOR ( 'NONE', #2616, 1000.000000000000000 ) ;
#3139 = PLANE ( 'NONE',  #5632 ) ;
#3140 = AXIS2_PLACEMENT_3D ( 'NONE', #6098, #2786, #4016 ) ;
#3141 = FILL_AREA_STYLE ('',( #463 ) ) ;
#3142 = ORIENTED_EDGE ( 'NONE', *, *, #8227, .T. ) ;
#3143 = DIRECTION ( 'NONE',  ( 0.000000000000000000, -2.442490654175355827E-15, 1.000000000000000000 ) ) ;
#3144 = TOROIDAL_SURFACE ( 'NONE', #948, 1.800000000000000044, 0.2999999999999999889 ) ;
#3145 = CARTESIAN_POINT ( 'NONE',  ( 28.17157287525381903, 3.697785493223492838E-29, -4.468157470978387179E-29 ) ) ;
#3146 = CARTESIAN_POINT ( 'NONE',  ( 9.542893218813491174, -4.792893218813667922, -4.011318311110809276 ) ) ;
#3147 = CARTESIAN_POINT ( 'NONE',  ( 0.9999999999999995559, -0.5773502691896262862, -1.040577039435783613 ) ) ;
#3148 = LINE ( 'NONE', #2586, #799 ) ;
#3149 = PLANE ( 'NONE',  #6481 ) ;
#3150 = ORIENTED_EDGE ( 'NONE', *, *, #7197, .F. ) ;
#3151 = ITEM_DEFINED_TRANSFORMATION ( 'NONE', 'NONE', #3156,  #1795 ) ;
#3152 = CARTESIAN_POINT ( 'NONE',  ( 28.83585854985920349, -6.500000000000463629, 3.751014759852024483 ) ) ;
#3153 = CARTESIAN_POINT ( 'NONE',  ( 8.000000000000007105, -8.912771734987941841, -1.249999999999999334 ) ) ;
#3154 = CARTESIAN_POINT ( 'NONE',  ( -5.561257273121396061, 8.316470757484861309, -37.27392571016196143 ) ) ;
#3155 = ORIENTED_EDGE ( 'NONE', *, *, #7194, .T. ) ;
#3157 = VECTOR ( 'NONE', #5678, 1000.000000000000000 ) ;
#3156 = AXIS2_PLACEMENT_3D ( 'NONE', #2089, #2805, #734 ) ;
#3158 = EDGE_CURVE ( 'NONE', #2549, #2770, #1775, .T. ) ;
#3159 = ORIENTED_EDGE ( 'NONE', *, *, #371, .T. ) ;
#3160 = STYLED_ITEM ( 'NONE', ( #2926 ), #408 ) ;
#3161 = EDGE_CURVE ( 'NONE', #2813, #2795, #3004, .T. ) ;
#3162 = ORIENTED_EDGE ( 'NONE', *, *, #1264, .T. ) ;
#3163 = CARTESIAN_POINT ( 'NONE',  ( 10.00000000000000000, 1.459440702025396112E-16, -7.250000000000006217 ) ) ;
#3164 = CARTESIAN_POINT ( 'NONE',  ( 9.000000000000000000, 0.000000000000000000, 36.00000000000000000 ) ) ;
#3165 = FACE_BOUND ( 'NONE', #1574, .T. ) ;
#3166 = ORIENTED_EDGE ( 'NONE', *, *, #4973, .T. ) ;
#3167 = EDGE_CURVE ( 'NONE', #1800, #1229, #497, .T. ) ;
#3168 = DIRECTION ( 'NONE',  ( -0.000000000000000000, -0.000000000000000000, 1.000000000000000000 ) ) ;
#3169 = ORIENTED_EDGE ( 'NONE', *, *, #7975, .F. ) ;
#3170 = CARTESIAN_POINT ( 'NONE',  ( 8.629968052163960124, 5.390894512035811381, -1.091952654067426476 ) ) ;
#3171 = EDGE_CURVE ( 'NONE', #5121, #5457, #2861, .T. ) ;
#3172 = ORIENTED_EDGE ( 'NONE', *, *, #3207, .F. ) ;
#3173 = DIRECTION ( 'NONE',  ( 0.000000000000000000, -3.830269434956791642E-15, -1.000000000000000000 ) ) ;
#3174 = DIRECTION ( 'NONE',  ( 0.000000000000000000, 0.000000000000000000, 1.000000000000000000 ) ) ;
#3175 = FACE_OUTER_BOUND ( 'NONE', #3713, .T. ) ;
#3176 = CARTESIAN_POINT ( 'NONE',  ( -9.991920949646091898, 0.4147357452436842284, -41.45116518578102927 ) ) ;
#3177 = CARTESIAN_POINT ( 'NONE',  ( 8.000000000000007105, -5.356071321407137376, 1.249999999999999334 ) ) ;
#3178 = DIRECTION ( 'NONE',  ( 1.000000000000000000, 2.536951011547150738E-31, 2.465190328815656637E-31 ) ) ;
#3179 = CARTESIAN_POINT ( 'NONE',  ( 28.83596335326845050, -6.500000000000480505, -3.751212561747033547 ) ) ;
#3180 = CARTESIAN_POINT ( 'NONE',  ( 6.000000000000000000, 0.000000000000000000, 0.000000000000000000 ) ) ;
#3181 = CARTESIAN_POINT ( 'NONE',  ( 3.535533905932738197, 9.354143466934859319, 3.535533905932752852 ) ) ;
#3182 = ADVANCED_FACE ( 'NONE', ( #7584, #3175 ), #1724, .F. ) ;
#3183 = DIRECTION ( 'NONE',  ( 0.000000000000000000, 0.000000000000000000, 1.000000000000000000 ) ) ;
#3184 = DIRECTION ( 'NONE',  ( -0.000000000000000000, -0.000000000000000000, 1.000000000000000000 ) ) ;
#3185 = DIRECTION ( 'NONE',  ( -1.000000000000000000, -0.000000000000000000, -0.000000000000000000 ) ) ;
#3186 = CARTESIAN_POINT ( 'NONE',  ( 6.900637824166699907, 5.778118630584423876, -34.19845253504686156 ) ) ;
#3187 = ADVANCED_FACE ( 'NONE', ( #4319 ), #7499, .F. ) ;
#3188 = AXIS2_PLACEMENT_3D ( 'NONE', #1799, #4774, #6326 ) ;
#3189 = CARTESIAN_POINT ( 'NONE',  ( 0.000000000000000000, 0.000000000000000000, 45.00000000000000000 ) ) ;
#3190 = SURFACE_STYLE_USAGE ( .BOTH. , #3867 ) ;
#3191 = ORIENTED_EDGE ( 'NONE', *, *, #1689, .T. ) ;
#3192 = ITEM_DEFINED_TRANSFORMATION ( 'NONE', 'NONE', #2739,  #1795 ) ;
#3193 = CARTESIAN_POINT ( 'NONE',  ( 18.50000000000000000, 0.000000000000000000, 0.000000000000000000 ) ) ;
#3194 = EDGE_CURVE ( 'NONE', #1532, #4471, #2995, .T. ) ;
#3195 = CARTESIAN_POINT ( 'NONE',  ( 6.500000000000000000, -0.6263323647665103300, 0.2682388155425118881 ) ) ;
#3196 = CARTESIAN_POINT ( 'NONE',  ( -5.279417043634760276, 8.500359578522532544, -28.38236244864629754 ) ) ;
#3197 = EDGE_LOOP ( 'NONE', ( #3499, #3868, #2378, #6108, #6400, #2517, #7796, #345, #5728, #2306 ) ) ;
#3198 = ORIENTED_EDGE ( 'NONE', *, *, #2404, .F. ) ;
#3199 = ORIENTED_EDGE ( 'NONE', *, *, #1106, .T. ) ;
#3200 = CARTESIAN_POINT ( 'NONE',  ( 7.499999999999992895, 0.000000000000000000, 3.999999999999988010 ) ) ;
#3201 = B_SPLINE_CURVE_WITH_KNOTS ( 'NONE', 3,
 ( #8273, #5050, #8191, #4953, #4909, #3088, #2366, #6990, #3050, #6147, #6858, #7637, #8230, #3569, #986, #292, #7546, #3608, #2452, #6905 ),
 .UNSPECIFIED., .F., .F.,
 ( 4, 2, 2, 2, 2, 2, 2, 2, 2, 4 ),
 ( 6.133173666733496745E-19, 0.0009930820322292554549, 0.001489623048343883182, 0.001986164064458510910, 0.002979246096687765497, 0.003972328128917020952, 0.004965410161146275973, 0.005958492193375530994, 0.006951574225604786016, 0.007944656257834040169 ),
 .UNSPECIFIED. ) ;
#3202 = CARTESIAN_POINT ( 'NONE',  ( 6.790193033555831370, -0.3248861447771829170, -8.994491730171180421 ) ) ;
#3203 = EDGE_CURVE ( 'NONE', #3456, #871, #2178, .T. ) ;
#3204 = ORIENTED_EDGE ( 'NONE', *, *, #4023, .F. ) ;
#3205 = CARTESIAN_POINT ( 'NONE',  ( 5.291502622129180544, -6.000000000000409450, -6.480221748864290064E-16 ) ) ;
#3206 = ORIENTED_EDGE ( 'NONE', *, *, #4033, .F. ) ;
#3207 = EDGE_CURVE ( 'NONE', #2947, #3591, #3808, .T. ) ;
#3208 = CARTESIAN_POINT ( 'NONE',  ( 27.82594117899589392, 6.500000000000321521, -0.8920364518897231365 ) ) ;
#3209 = ORIENTED_EDGE ( 'NONE', *, *, #3924, .F. ) ;
#3210 = LINE ( 'NONE', #7070, #5717 ) ;
#3211 = LINE ( 'NONE', #3968, #5296 ) ;
#3212 = DIRECTION ( 'NONE',  ( -2.958228394578779381E-31, -3.830269434956791642E-15, -1.000000000000000000 ) ) ;
#3213 = CARTESIAN_POINT ( 'NONE',  ( -2.050000000000000711, 9.000000000000001776, -2.049999999999999822 ) ) ;
#3214 = CARTESIAN_POINT ( 'NONE',  ( 0.000000000000000000, 0.000000000000000000, 1.051582346875002294 ) ) ;
#3215 = CARTESIAN_POINT ( 'NONE',  ( 6.999999999999999112, 3.367778697655221012E-16, -2.750000000000000000 ) ) ;
#3216 = ADVANCED_BREP_SHAPE_REPRESENTATION ( '', ( #3478, #1795 ), #6523 ) ;
#3217 = DIRECTION ( 'NONE',  ( -0.000000000000000000, -0.000000000000000000, 1.000000000000000000 ) ) ;
#3218 = EDGE_CURVE ( 'NONE', #3970, #1114, #1821, .T. ) ;
#3219 = CARTESIAN_POINT ( 'NONE',  ( 3.535533905932743970, 9.354143466934859319, -3.535533905932752852 ) ) ;
#3220 = PLANE ( 'NONE',  #5313 ) ;
#3221 = CARTESIAN_POINT ( 'NONE',  ( 10.25849615031573769, 0.6270765802364488550, 6.226251564216710221 ) ) ;
#3222 = APPLICATION_CONTEXT ( 'automotive_design' ) ;
#3223 = CARTESIAN_POINT ( 'NONE',  ( 6.907814216432932142, 8.979226081855474106, -0.6296875556166421362 ) ) ;
#3224 = CARTESIAN_POINT ( 'NONE',  ( 9.250000000000007105, -3.337024279537924524E-14, -9.000000000000000000 ) ) ;
#3225 = AXIS2_PLACEMENT_3D ( 'NONE', #505, #1692, #6396 ) ;
#3226 = LINE ( 'NONE', #519, #4082 ) ;
#3227 = FILL_AREA_STYLE ('',( #7778 ) ) ;
#3228 = EDGE_LOOP ( 'NONE', ( #1498, #305, #3957, #994 ) ) ;
#3229 = APPLICATION_PROTOCOL_DEFINITION ( 'draft international standard', 'automotive_design', 1998, #7727 ) ;
#3230 = B_SPLINE_CURVE_WITH_KNOTS ( 'NONE', 3,
 ( #3181, #2495, #3092, #3859, #3776, #6358, #5100, #6443, #3738, #7036, #2533, #3818, #1867, #1734, #1212, #1788, #589, #6401, #1829, #3219 ),
 .UNSPECIFIED., .F., .F.,
 ( 4, 2, 2, 2, 2, 2, 2, 2, 2, 4 ),
 ( 2.416190212695144696E-17, 0.0009851295522535616269, 0.001970259104507099401, 0.002955388656760636959, 0.003447953432887405738, 0.003940518209014174517, 0.004925647761267712074, 0.005910777313521249632, 0.006895906865774787189, 0.007881036418028324747 ),
 .UNSPECIFIED. ) ;
#3231 = CIRCLE ( 'NONE', #2412, 7.750000000000325073 ) ;
#3232 = CONICAL_SURFACE ( 'NONE', #1322, 55.84999999999999432, 1.178097245096175305 ) ;
#3233 = DIRECTION ( 'NONE',  ( 1.000000000000000000, 0.000000000000000000, 0.000000000000000000 ) ) ;
#3234 = PRODUCT_DEFINITION ( 'UNKNOWN', '', #4783, #2523 ) ;
#3235 = FACE_BOUND ( 'NONE', #3404, .T. ) ;
#3236 = DIRECTION ( 'NONE',  ( -1.000000000000000000, -0.000000000000000000, -0.000000000000000000 ) ) ;
#3237 = ORIENTED_EDGE ( 'NONE', *, *, #1924, .T. ) ;
#3238 = ORIENTED_EDGE ( 'NONE', *, *, #4398, .F. ) ;
#3239 = AXIS2_PLACEMENT_3D ( 'NONE', #721, #5927, #6486 ) ;
#3240 = ORIENTED_EDGE ( 'NONE', *, *, #8395, .F. ) ;
#3241 = DIRECTION ( 'NONE',  ( -0.000000000000000000, 1.000000000000000000, -0.000000000000000000 ) ) ;
#3242 = EDGE_LOOP ( 'NONE', ( #603, #6842 ) ) ;
#3243 = CARTESIAN_POINT ( 'NONE',  ( 7.987545785298915140E-16, 4.898587196589396065E-16, 3.999999999999984457 ) ) ;
#3244 = AXIS2_PLACEMENT_3D ( 'NONE', #3644, #5545, #4829 ) ;
#3245 = CARTESIAN_POINT ( 'NONE',  ( 8.330076467425849174, -5.364142583448789026, 1.216582398397190845 ) ) ;
#3246 = VERTEX_POINT ( 'NONE', #6309 ) ;
#3247 = FACE_OUTER_BOUND ( 'NONE', #118, .T. ) ;
#3248 = AXIS2_PLACEMENT_3D ( 'NONE', #5381, #5480, #2844 ) ;
#3249 = EDGE_CURVE ( 'NONE', #1708, #697, #1500, .T. ) ;
#3250 = EDGE_LOOP ( 'NONE', ( #3162, #6177, #1849, #5117 ) ) ;
#3251 = VECTOR ( 'NONE', #3503, 1000.000000000000000 ) ;
#3252 = DIRECTION ( 'NONE',  ( -1.000000000000000000, -1.719470254348916462E-30, 2.290883888735602091E-30 ) ) ;
#3253 = EDGE_CURVE ( 'NONE', #5193, #1966, #549, .T. ) ;
#3254 = DIRECTION ( 'NONE',  ( 1.000000000000000000, 0.000000000000000000, 0.000000000000000000 ) ) ;
#3255 = MANIFOLD_SOLID_BREP ( 'Повернуть1', #6839 ) ;
#3256 = CARTESIAN_POINT ( 'NONE',  ( -13.50000000000000178, 0.000000000000000000, 0.000000000000000000 ) ) ;
#3257 = CIRCLE ( 'NONE', #8268, 4.000000000000164313 ) ;
#3258 = CARTESIAN_POINT ( 'NONE',  ( 6.499999999999999112, 3.752776749732580353, 0.6847527127126969981 ) ) ;
#3259 = VECTOR ( 'NONE', #5378, 1000.000000000000000 ) ;
#3260 = CYLINDRICAL_SURFACE ( 'NONE', #3394, 8.250000000000344613 ) ;
#3261 = CARTESIAN_POINT ( 'NONE',  ( 6.943052899641596554, 7.198170674300412131, -0.9929361372934030205 ) ) ;
#3262 = LINE ( 'NONE', #5133, #4062 ) ;
#3263 = CARTESIAN_POINT ( 'NONE',  ( 0.000000000000000000, 0.000000000000000000, 0.000000000000000000 ) ) ;
#3264 = CIRCLE ( 'NONE', #6919, 7.750000000000325073 ) ;
#3265 = DIRECTION ( 'NONE',  ( -1.000000000000000000, -1.719470254348916462E-30, 2.290883888735602091E-30 ) ) ;
#3266 = AXIS2_PLACEMENT_3D ( 'NONE', #7543, #1948, #2734 ) ;
#3267 = DIRECTION ( 'NONE',  ( 2.469610187574633181E-30, 2.385244779468011936E-15, -1.000000000000000000 ) ) ;
#3268 = AXIS2_PLACEMENT_3D ( 'NONE', #4577, #1912, #4541 ) ;
#3269 = DIRECTION ( 'NONE',  ( 0.000000000000000000, 0.000000000000000000, 1.000000000000000000 ) ) ;
#3270 = CARTESIAN_POINT ( 'NONE',  ( 9.250000000000010658, 0.1651629906219860833, -9.000000000000000000 ) ) ;
#3271 = EDGE_CURVE ( 'NONE', #2733, #1879, #2567, .T. ) ;
#3272 = AXIS2_PLACEMENT_3D ( 'NONE', #2136, #6001, #4780 ) ;
#3273 = DIRECTION ( 'NONE',  ( 1.000000000000000000, 0.000000000000000000, 0.000000000000000000 ) ) ;
#3274 = CARTESIAN_POINT ( 'NONE',  ( 9.000000000000000000, 0.000000000000000000, 45.00000000000000000 ) ) ;
#3275 = CIRCLE ( 'NONE', #8019, 4.000000000000005329 ) ;
#3276 = VERTEX_POINT ( 'NONE', #2525 ) ;
#3277 = DIRECTION ( 'NONE',  ( 0.000000000000000000, 0.000000000000000000, 1.000000000000000000 ) ) ;
#3278 = CIRCLE ( 'NONE', #8159, 3.000000000000000000 ) ;
#3279 = CARTESIAN_POINT ( 'NONE',  ( 30.41421356237311713, 8.628166150854834558E-29, -6.240013019814657616E-29 ) ) ;
#3280 = CONICAL_SURFACE ( 'NONE', #3140, 7.664213562373412891, 0.7853981633974479459 ) ;
#3281 = FACE_OUTER_BOUND ( 'NONE', #3242, .T. ) ;
#3282 = DIRECTION ( 'NONE',  ( 0.000000000000000000, 0.000000000000000000, 1.000000000000000000 ) ) ;
#3283 = ORIENTED_EDGE ( 'NONE', *, *, #5328, .F. ) ;
#3284 = EDGE_CURVE ( 'NONE', #5193, #1772, #1196, .T. ) ;
#3285 = VERTEX_POINT ( 'NONE', #7836 ) ;
#3286 = ORIENTED_EDGE ( 'NONE', *, *, #4291, .T. ) ;
#3287 = DIRECTION ( 'NONE',  ( 0.000000000000000000, 1.000000000000000000, -4.163336342344339393E-15 ) ) ;
#3288 = CARTESIAN_POINT ( 'NONE',  ( 2.332004626888956267, 9.871491807957742282, -1.627267881514653736 ) ) ;
#3289 = ORIENTED_EDGE ( 'NONE', *, *, #1444, .T. ) ;
#3290 = DIRECTION ( 'NONE',  ( 0.000000000000000000, 0.000000000000000000, 1.000000000000000000 ) ) ;
#3291 = CARTESIAN_POINT ( 'NONE',  ( 0.000000000000000000, 4.898587196589400996E-16, 3.999999999999990674 ) ) ;
#3292 = ORIENTED_EDGE ( 'NONE', *, *, #2275, .T. ) ;
#3293 = CARTESIAN_POINT ( 'NONE',  ( -1.000000000000000444, 0.5773502691896266192, 0.000000000000000000 ) ) ;
#3294 = EDGE_LOOP ( 'NONE', ( #4520, #6337, #5702, #200 ) ) ;
#3295 = DIRECTION ( 'NONE',  ( -1.000000000000000000, -0.000000000000000000, -0.000000000000000000 ) ) ;
#3296 = AXIS2_PLACEMENT_3D ( 'NONE', #1492, #2763, #2171 ) ;
#3297 = UNCERTAINTY_MEASURE_WITH_UNIT (LENGTH_MEASURE( 1.000000000000000082E-05 ), #3363, 'distance_accuracy_value', 'NONE');
#3298 = CARTESIAN_POINT ( 'NONE',  ( 4.000000000000003553, 8.499999999999918288, -16.99999999999999289 ) ) ;
#3299 = ORIENTED_EDGE ( 'NONE', *, *, #5547, .T. ) ;
#3300 = CARTESIAN_POINT ( 'NONE',  ( -5.415435127334981225, -4.378950570919317720, 3.550306184718733604 ) ) ;
#3301 = LINE ( 'NONE', #7801, #8145 ) ;
#3302 = EDGE_CURVE ( 'NONE', #10, #6014, #6954, .T. ) ;
#3303 = DIRECTION ( 'NONE',  ( 0.000000000000000000, -3.830269434956792431E-15, -1.000000000000000000 ) ) ;
#3304 = EDGE_CURVE ( 'NONE', #4593, #908, #1760, .T. ) ;
#3305 = CARTESIAN_POINT ( 'NONE',  ( 0.000000000000000000, 19.90000000000000213, -6.000000000000000888 ) ) ;
#3306 = ADVANCED_BREP_SHAPE_REPRESENTATION ( '', ( #536, #6191, #1795 ), #544 ) ;
#3307 = ADVANCED_FACE ( 'NONE', ( #6556 ), #4607, .T. ) ;
#3308 = CARTESIAN_POINT ( 'NONE',  ( 29.32821459035149303, 6.500000000000314415, -4.580217252953549867 ) ) ;
#3309 = CARTESIAN_POINT ( 'NONE',  ( 10.24390062427393921, 0.3155046898737846606, 6.249999999999997335 ) ) ;
#3310 = DIRECTION ( 'NONE',  ( -0.000000000000000000, -0.000000000000000000, 1.000000000000000000 ) ) ;
#3311 = ADVANCED_FACE ( 'NONE', ( #1378 ), #1947, .F. ) ;
#3312 = CARTESIAN_POINT ( 'NONE',  ( -1.894625472059054960, 8.801381985202915814, -26.25711655619575779 ) ) ;
#3313 = FACE_OUTER_BOUND ( 'NONE', #4676, .T. ) ;
#3314 = EDGE_CURVE ( 'NONE', #8176, #5263, #3336, .T. ) ;
#3315 = ORIENTED_EDGE ( 'NONE', *, *, #4351, .F. ) ;
#3316 = DIRECTION ( 'NONE',  ( 1.000000000000000000, 0.000000000000000000, 0.000000000000000000 ) ) ;
#3317 = EDGE_CURVE ( 'NONE', #612, #2757, #4647, .T. ) ;
#3318 = SURFACE_SIDE_STYLE ('',( #162 ) ) ;
#3319 = DIRECTION ( 'NONE',  ( 1.000000000000000000, 0.000000000000000000, 0.000000000000000000 ) ) ;
#3320 = LINE ( 'NONE', #691, #1473 ) ;
#3321 = ORIENTED_EDGE ( 'NONE', *, *, #2896, .T. ) ;
#3322 = AXIS2_PLACEMENT_3D ( 'NONE', #8183, #1432, #2356 ) ;
#3323 = ORIENTED_EDGE ( 'NONE', *, *, #7570, .T. ) ;
#3324 = ORIENTED_EDGE ( 'NONE', *, *, #3744, .T. ) ;
#3325 = CARTESIAN_POINT ( 'NONE',  ( -4.907477288111826041, 6.900000000000000355, -8.500000000000017764 ) ) ;
#3326 = SHAPE_REPRESENTATION_RELATIONSHIP ( 'NONE' , 'NONE' ,  #95, #7258 ) ;
#3327 = CARTESIAN_POINT ( 'NONE',  ( -5.960486317375835341, -4.064265119627105349, 0.5557300053808834628 ) ) ;
#3328 = ORIENTED_EDGE ( 'NONE', *, *, #3003, .F. ) ;
#3329 = DIRECTION ( 'NONE',  ( 1.000000000000000000, 0.000000000000000000, 0.000000000000000000 ) ) ;
#3330 = CYLINDRICAL_SURFACE ( 'NONE', #7328, 3.999999999999990674 ) ;
#3331 = ORIENTED_EDGE ( 'NONE', *, *, #6880, .T. ) ;
#3332 = FACE_OUTER_BOUND ( 'NONE', #320, .T. ) ;
#3333 = ORIENTED_EDGE ( 'NONE', *, *, #6884, .F. ) ;
#3334 = CYLINDRICAL_SURFACE ( 'NONE', #1928, 8.500000000000351719 ) ;
#3335 = MANIFOLD_SOLID_BREP ( 'ChamferOut2', #7929 ) ;
#3336 = LINE ( 'NONE', #5911, #6226 ) ;
#3337 = ORIENTED_EDGE ( 'NONE', *, *, #3581, .F. ) ;
#3338 = CARTESIAN_POINT ( 'NONE',  ( 2.049999999999998934, 9.000000000000001776, -2.049999999999999822 ) ) ;
#3339 = CARTESIAN_POINT ( 'NONE',  ( 5.562748588078735068, 8.315544161946238688, -37.27231824107585112 ) ) ;
#3340 = CARTESIAN_POINT ( 'NONE',  ( 7.796846306659422687, 6.263358548669378578, 3.658736841858844180 ) ) ;
#3341 = B_SPLINE_CURVE_WITH_KNOTS ( 'NONE', 3,
 ( #3558, #7366, #883, #4099, #6636, #5362, #4819, #234, #1547, #6038 ),
 .UNSPECIFIED., .F., .F.,
 ( 4, 2, 2, 2, 4 ),
 ( 2.325950921905680554E-07, 0.001877518990025891458, 0.003754805384959592363, 0.005632091779893293702, 0.007509378174826994608 ),
 .UNSPECIFIED. ) ;
#3342 = FACE_OUTER_BOUND ( 'NONE', #3549, .T. ) ;
#3343 = CARTESIAN_POINT ( 'NONE',  ( 0.000000000000000000, 0.000000000000000000, 0.000000000000000000 ) ) ;
#3344 = CARTESIAN_POINT ( 'NONE',  ( 29.68767331623770644, 6.500000000000311751, -4.864013473723932002 ) ) ;
#3345 = MANIFOLD_SOLID_BREP ( 'Фаска1', #7523 ) ;
#3346 = FACE_OUTER_BOUND ( 'NONE', #6375, .T. ) ;
#3347 = CARTESIAN_POINT ( 'NONE',  ( 6.813735206264547983, 8.991315641866217234, -0.4024858879822842406 ) ) ;
#3348 = PRODUCT_DEFINITION_SHAPE ( 'NONE', 'NONE',  #8438 ) ;
#3349 = CARTESIAN_POINT ( 'NONE',  ( -2.564504637868675996, 8.629771510383063671, -26.48259120014880708 ) ) ;
#3350 = DIRECTION ( 'NONE',  ( -1.000000000000000000, -2.536951011547150738E-31, -2.465190328815656637E-31 ) ) ;
#3351 = EDGE_CURVE ( 'NONE', #6715, #738, #2017, .T. ) ;
#3352 = ORIENTED_EDGE ( 'NONE', *, *, #5237, .F. ) ;
#3353 = CARTESIAN_POINT ( 'NONE',  ( 1.500000000000000000, 0.000000000000000000, 0.000000000000000000 ) ) ;
#3354 = DIRECTION ( 'NONE',  ( 0.000000000000000000, 2.442490654175354644E-15, -1.000000000000000000 ) ) ;
#3355 = CARTESIAN_POINT ( 'NONE',  ( 2.173965810490440020, -6.250413753569428188, 3.694469876889742821 ) ) ;
#3356 = FACE_OUTER_BOUND ( 'NONE', #3837, .T. ) ;
#3357 = EDGE_LOOP ( 'NONE', ( #5585, #4777, #5111, #1573 ) ) ;
#3358 = EDGE_CURVE ( 'NONE', #1405, #6804, #3380, .T. ) ;
#3359 = VERTEX_POINT ( 'NONE', #795 ) ;
#3360 = ORIENTED_EDGE ( 'NONE', *, *, #5341, .F. ) ;
#3361 = DIRECTION ( 'NONE',  ( 1.000000000000000000, 2.536951011547150738E-31, 2.465190328815656637E-31 ) ) ;
#3362 = EDGE_CURVE ( 'NONE', #4317, #6715, #1504, .T. ) ;
#3363 =( LENGTH_UNIT ( ) NAMED_UNIT ( * ) SI_UNIT ( .MILLI., .METRE. ) );
#3364 = ORIENTED_EDGE ( 'NONE', *, *, #5083, .F. ) ;
#3365 = CARTESIAN_POINT ( 'NONE',  ( 0.000000000000000000, 0.000000000000000000, 0.000000000000000000 ) ) ;
#3366 = CARTESIAN_POINT ( 'NONE',  ( -1.000000000000000444, 0.09751323620557530991, -1.129893436912765114 ) ) ;
#3367 = ORIENTED_EDGE ( 'NONE', *, *, #3828, .F. ) ;
#3368 = LINE ( 'NONE', #4134, #4889 ) ;
#3369 = TOROIDAL_SURFACE ( 'NONE', #614, 2.750000000000000000, 0.5000000000000000000 ) ;
#3370 = ORIENTED_EDGE ( 'NONE', *, *, #3016, .T. ) ;
#3371 = CARTESIAN_POINT ( 'NONE',  ( 9.250000000000161648, 0.1637132576986686794, -5.500000000000035527 ) ) ;
#3372 = PRODUCT_DEFINITION_CONTEXT ( 'detailed design', #7618, 'design' ) ;
#3373 = ADVANCED_FACE ( 'NONE', ( #1457 ), #6080, .T. ) ;
#3374 =( NAMED_UNIT ( * ) PLANE_ANGLE_UNIT ( ) SI_UNIT ( $, .RADIAN. ) );
#3375 = ORIENTED_EDGE ( 'NONE', *, *, #4129, .F. ) ;
#3376 = CARTESIAN_POINT ( 'NONE',  ( -0.6709923277838489852, -0.7673029373090727301, -1.129768394848849722 ) ) ;
#3377 = AXIS2_PLACEMENT_3D ( 'NONE', #5347, #1965, #2043 ) ;
#3378 = DIRECTION ( 'NONE',  ( -1.000000000000000000, 0.000000000000000000, 0.000000000000000000 ) ) ;
#3379 = LINE ( 'NONE', #2102, #5038 ) ;
#3380 = CIRCLE ( 'NONE', #217, 1.500000000000000000 ) ;
#3381 = AXIS2_PLACEMENT_3D ( 'NONE', #2112, #4834, #7974 ) ;
#3382 = CARTESIAN_POINT ( 'NONE',  ( 8.000000000000007105, -10.00000000000001776, -1.249999999999999334 ) ) ;
#3383 = CARTESIAN_POINT ( 'NONE',  ( 0.000000000000000000, -8.499999999999992895, 4.013726448077860276 ) ) ;
#3384 = AXIS2_PLACEMENT_3D ( 'NONE', #34, #6655, #1353 ) ;
#3385 = CIRCLE ( 'NONE', #4476, 1.649999999999997025 ) ;
#3386 = CARTESIAN_POINT ( 'NONE',  ( 2.049999999999998934, 9.000000000000001776, -2.549999999999999822 ) ) ;
#3387 = CARTESIAN_POINT ( 'NONE',  ( -6.500000000000000888, 3.752776749732670947, 3.315247287287404809 ) ) ;
#3388 = DIRECTION ( 'NONE',  ( 0.000000000000000000, 0.000000000000000000, -1.000000000000000000 ) ) ;
#3389 = EDGE_CURVE ( 'NONE', #2472, #5351, #1290, .T. ) ;
#3390 = CIRCLE ( 'NONE', #1352, 7.250000000000006217 ) ;
#3391 = CARTESIAN_POINT ( 'NONE',  ( 6.907691070292883317, 8.979243518190660467, 0.6291801379206553024 ) ) ;
#3392 = CARTESIAN_POINT ( 'NONE',  ( -3.592153615088217400, 8.254858525492613452, -26.98765427574667797 ) ) ;
#3393 = CARTESIAN_POINT ( 'NONE',  ( 9.250000000000008882, 2.106648189226238322E-14, 5.500000000000006217 ) ) ;
#3394 = AXIS2_PLACEMENT_3D ( 'NONE', #1334, #5841, #8321 ) ;
#3395 = CARTESIAN_POINT ( 'NONE',  ( 0.000000000000000000, 0.000000000000000000, -45.00000000000000000 ) ) ;
#3396 = ORIENTED_EDGE ( 'NONE', *, *, #6471, .F. ) ;
#3397 = AXIS2_PLACEMENT_3D ( 'NONE', #1024, #1557, #2961 ) ;
#3398 = DIRECTION ( 'NONE',  ( -0.000000000000000000, -0.000000000000000000, 1.000000000000000000 ) ) ;
#3399 = AXIS2_PLACEMENT_3D ( 'NONE', #5215, #6854, #3687 ) ;
#3400 = CARTESIAN_POINT ( 'NONE',  ( 5.423073341380340473, -4.374540645984104081, 3.548785418545386872 ) ) ;
#3401 = CARTESIAN_POINT ( 'NONE',  ( 28.99999999999999645, 6.500000000000405009, -4.060808974781368264 ) ) ;
#3402 = VERTEX_POINT ( 'NONE', #178 ) ;
#3403 = CIRCLE ( 'NONE', #2864, 1.999999999999999112 ) ;
#3404 = EDGE_LOOP ( 'NONE', ( #3915, #1069 ) ) ;
#3405 = VECTOR ( 'NONE', #6941, 1000.000000000000000 ) ;
#3406 = VERTEX_POINT ( 'NONE', #5360 ) ;
#3407 = CARTESIAN_POINT ( 'NONE',  ( 8.000000000000007105, 5.356071321407137376, 1.249999999999999334 ) ) ;
#3408 = AXIS2_PLACEMENT_3D ( 'NONE', #7169, #8331, #686 ) ;
#3409 = DIRECTION ( 'NONE',  ( 0.000000000000000000, 0.000000000000000000, 1.000000000000000000 ) ) ;
#3410 = AXIS2_PLACEMENT_3D ( 'NONE', #2927, #3885, #1894 ) ;
#3411 = VERTEX_POINT ( 'NONE', #932 ) ;
#3412 = EDGE_CURVE ( 'NONE', #3922, #7010, #7441, .T. ) ;
#3413 = LINE ( 'NONE', #4040, #2304 ) ;
#3414 = ORIENTED_EDGE ( 'NONE', *, *, #2233, .T. ) ;
#3415 = DIRECTION ( 'NONE',  ( 1.000000000000000000, 0.000000000000000000, 0.000000000000000000 ) ) ;
#3416 = EDGE_CURVE ( 'NONE', #4170, #7323, #1339, .T. ) ;
#3417 = CIRCLE ( 'NONE', #7762, 0.2999999999999999334 ) ;
#3418 = ORIENTED_EDGE ( 'NONE', *, *, #7144, .F. ) ;
#3419 = LINE ( 'NONE', #6630, #4502 ) ;
#3420 = CARTESIAN_POINT ( 'NONE',  ( 6.750000000000007994, 3.447242493922605731E-14, 9.000000000000000000 ) ) ;
#3421 = ORIENTED_EDGE ( 'NONE', *, *, #7202, .F. ) ;
#3422 = CYLINDRICAL_SURFACE ( 'NONE', #2185, 1.249999999999999334 ) ;
#3423 = EDGE_CURVE ( 'NONE', #3591, #6412, #2263, .T. ) ;
#3424 = DIRECTION ( 'NONE',  ( -2.469610187574633181E-30, -2.442490654175355433E-15, 1.000000000000000000 ) ) ;
#3425 = CARTESIAN_POINT ( 'NONE',  ( 3.196090330672531898, 8.416129340967627215, -26.76807806538500856 ) ) ;
#3426 = EDGE_CURVE ( 'NONE', #6336, #1960, #3656, .T. ) ;
#3427 = CARTESIAN_POINT ( 'NONE',  ( 6.750112797608735171, -8.999984333669011960, -0.1661037837289340013 ) ) ;
#3428 = EDGE_CURVE ( 'NONE', #440, #1828, #4097, .T. ) ;
#3430 = VECTOR ( 'NONE', #5135, 999.9999999999998863 ) ;
#3429 = PRODUCT_DEFINITION_FORMATION_WITH_SPECIFIED_SOURCE ( 'ANY', '', #5643, .NOT_KNOWN. ) ;
#3431 = CIRCLE ( 'NONE', #4518, 8.250000000000344613 ) ;
#3432 = CIRCLE ( 'NONE', #1669, 6.300000000000007816 ) ;
#3433 = FACE_OUTER_BOUND ( 'NONE', #5270, .T. ) ;
#3434 = CARTESIAN_POINT ( 'NONE',  ( 0.000000000000000000, 0.000000000000000000, -1.649999999999999023 ) ) ;
#3435 = CARTESIAN_POINT ( 'NONE',  ( -2.662405555120905384E-30, -3.337024279537855104E-14, -9.000000000000010658 ) ) ;
#3436 = DIRECTION ( 'NONE',  ( -1.898196553187937393E-30, -1.000000000000000000, 2.442490654175333739E-15 ) ) ;
#3437 = DIRECTION ( 'NONE',  ( 1.000000000000000000, -3.838060185729725088E-16, -1.177825756990506676E-30 ) ) ;
#3438 = ADVANCED_FACE ( 'NONE', ( #1545 ), #2225, .F. ) ;
#3439 = CARTESIAN_POINT ( 'NONE',  ( 0.000000000000000000, 8.900000000000002132, 0.000000000000000000 ) ) ;
#3440 = CARTESIAN_POINT ( 'NONE',  ( -10.00000000000000000, 1.224646799147353059E-15, -45.00000000000000000 ) ) ;
#3441 = CARTESIAN_POINT ( 'NONE',  ( 8.768470247257402761, 0.9991864558489894632, 5.409729572475356463 ) ) ;
#3442 = CARTESIAN_POINT ( 'NONE',  ( 0.000000000000000000, -4.000000000000210498, 9.769962616701863494E-15 ) ) ;
#3443 = ORIENTED_EDGE ( 'NONE', *, *, #7447, .F. ) ;
#3444 = DIRECTION ( 'NONE',  ( 0.000000000000000000, 1.000000000000000000, 0.000000000000000000 ) ) ;
#3445 = DIRECTION ( 'NONE',  ( -0.7071067811865417996, 8.659560562355004349E-17, -0.7071067811865531239 ) ) ;
#3446 = ADVANCED_FACE ( 'NONE', ( #2911 ), #5682, .T. ) ;
#3447 = DIRECTION ( 'NONE',  ( -1.000000000000000000, -2.536951011547150738E-31, -2.465190328815656637E-31 ) ) ;
#3448 = DIRECTION ( 'NONE',  ( -2.469610187574633181E-30, -2.449021377849508624E-15, 1.000000000000000000 ) ) ;
#3449 = VERTEX_POINT ( 'NONE', #972 ) ;
#3450 = VERTEX_POINT ( 'NONE', #5075 ) ;
#3451 = ORIENTED_EDGE ( 'NONE', *, *, #7112, .T. ) ;
#3452 = DIRECTION ( 'NONE',  ( -0.000000000000000000, -1.000000000000000000, -0.000000000000000000 ) ) ;
#3453 = EDGE_CURVE ( 'NONE', #4310, #6232, #7855, .T. ) ;
#3454 = CARTESIAN_POINT ( 'NONE',  ( 0.000000000000000000, 0.000000000000000000, 0.000000000000000000 ) ) ;
#3455 = LINE ( 'NONE', #5489, #5415 ) ;
#3456 = VERTEX_POINT ( 'NONE', #6301 ) ;
#3457 = CIRCLE ( 'NONE', #6017, 8.250000000000342837 ) ;
#3458 = DIRECTION ( 'NONE',  ( 1.000000000000000000, 0.000000000000000000, 0.000000000000000000 ) ) ;
#3459 = DIRECTION ( 'NONE',  ( -1.000000000000000000, -1.719470254348916462E-30, 2.290883888735602091E-30 ) ) ;
#3460 = LINE ( 'NONE', #3553, #60 ) ;
#3461 = MANIFOLD_SOLID_BREP ( 'Круговой массив1', #1798 ) ;
#3462 = CARTESIAN_POINT ( 'NONE',  ( 7.000602403723878098, 0.7682950590137629376, 8.967895353868760466 ) ) ;
#3463 = ORIENTED_EDGE ( 'NONE', *, *, #3767, .F. ) ;
#3464 = ADVANCED_FACE ( 'NONE', ( #3674 ), #1761, .T. ) ;
#3465 = CARTESIAN_POINT ( 'NONE',  ( 2.049999999999998934, 9.000000000000001776, 2.049999999999999822 ) ) ;
#3466 = EDGE_CURVE ( 'NONE', #7943, #3712, #5132, .T. ) ;
#3467 = CARTESIAN_POINT ( 'NONE',  ( 0.000000000000000000, 0.000000000000000000, 0.000000000000000000 ) ) ;
#3468 = DIRECTION ( 'NONE',  ( -0.000000000000000000, -0.000000000000000000, -1.000000000000000000 ) ) ;
#3469 = FACE_OUTER_BOUND ( 'NONE', #4626, .T. ) ;
#3470 = ADVANCED_FACE ( 'NONE', ( #5580, #4358 ), #1107, .F. ) ;
#3471 = ORIENTED_EDGE ( 'NONE', *, *, #5277, .T. ) ;
#3472 = EDGE_CURVE ( 'NONE', #703, #4098, #8126, .T. ) ;
#3473 = DIRECTION ( 'NONE',  ( -1.000000000000000000, 0.000000000000000000, 0.000000000000000000 ) ) ;
#3474 = CIRCLE ( 'NONE', #1981, 3.400000000000137579 ) ;
#3475 = DIRECTION ( 'NONE',  ( -0.000000000000000000, 1.000000000000000000, -0.000000000000000000 ) ) ;
#3476 = CARTESIAN_POINT ( 'NONE',  ( 0.000000000000000000, 0.000000000000000000, 0.000000000000000000 ) ) ;
#3477 = DIRECTION ( 'NONE',  ( -1.000000000000000000, -0.000000000000000000, -0.000000000000000000 ) ) ;
#3478 = MANIFOLD_SOLID_BREP ( 'Повернуть1', #7117 ) ;
#3479 = CARTESIAN_POINT ( 'NONE',  ( 0.000000000000000000, 0.000000000000000000, -45.00000000000000000 ) ) ;
#3480 = DIRECTION ( 'NONE',  ( 0.000000000000000000, 3.830269434956790853E-15, 1.000000000000000000 ) ) ;
#3481 = CARTESIAN_POINT ( 'NONE',  ( -7.012305936701038966, 5.641525424068595918, -32.99989152905650514 ) ) ;
#3482 = CARTESIAN_POINT ( 'NONE',  ( 8.000000000000007105, -1.249999999999968470, 8.912771734987947170 ) ) ;
#3483 = SURFACE_SIDE_STYLE ('',( #6696 ) ) ;
#3484 = ORIENTED_EDGE ( 'NONE', *, *, #4442, .T. ) ;
#3485 = LINE ( 'NONE', #8027, #5026 ) ;
#3486 = CARTESIAN_POINT ( 'NONE',  ( 2.700698378543284724E-17, -7.505553499465125178, 0.6847527127126739055 ) ) ;
#3487 = CARTESIAN_POINT ( 'NONE',  ( 2.071094704677999943, -9.783177741664854210, -0.1650697516828159017 ) ) ;
#3488 = CARTESIAN_POINT ( 'NONE',  ( 10.25152354360557183, -4.500000000000225597, -4.337337893224136209 ) ) ;
#3489 = ORIENTED_EDGE ( 'NONE', *, *, #3572, .T. ) ;
#3490 = ORIENTED_EDGE ( 'NONE', *, *, #160, .F. ) ;
#3491 = ORIENTED_EDGE ( 'NONE', *, *, #5487, .F. ) ;
#3492 = PRODUCT_DEFINITION_SHAPE ( 'NONE', 'NONE',  #8447 ) ;
#3493 = FACE_OUTER_BOUND ( 'NONE', #4863, .T. ) ;
#3494 = ORIENTED_EDGE ( 'NONE', *, *, #6205, .T. ) ;
#3495 = CARTESIAN_POINT ( 'NONE',  ( 10.39964103912949689, -4.470789974056855520, 4.368239331242510737 ) ) ;
#3496 = CARTESIAN_POINT ( 'NONE',  ( 2.049999999999998934, 9.000000000000001776, -2.049999999999999822 ) ) ;
#3497 = EDGE_LOOP ( 'NONE', ( #1192, #8302, #8240, #7101, #4048, #530 ) ) ;
#3498 = FACE_OUTER_BOUND ( 'NONE', #7391, .T. ) ;
#3499 = ORIENTED_EDGE ( 'NONE', *, *, #3428, .F. ) ;
#3500 = LINE ( 'NONE', #4093, #5349 ) ;
#3501 = CARTESIAN_POINT ( 'NONE',  ( 30.41421356237311713, 8.628166150854834558E-29, -6.240013019814657616E-29 ) ) ;
#3502 = ADVANCED_FACE ( 'NONE', ( #7014 ), #7043, .F. ) ;
#3503 = DIRECTION ( 'NONE',  ( -1.000000000000000000, 0.000000000000000000, -1.767428939690776041E-16 ) ) ;
#3504 = VERTEX_POINT ( 'NONE', #4309 ) ;
#3505 = CARTESIAN_POINT ( 'NONE',  ( 0.5000000000000000000, 0.000000000000000000, 0.000000000000000000 ) ) ;
#3506 = AXIS2_PLACEMENT_3D ( 'NONE', #1628, #7998, #2303 ) ;
#3507 = AXIS2_PLACEMENT_3D ( 'NONE', #819, #3447, #1528 ) ;
#3508 = ORIENTED_EDGE ( 'NONE', *, *, #6048, .F. ) ;
#3509 = DIRECTION ( 'NONE',  ( 2.958228394578779381E-31, 3.830269434956791642E-15, 1.000000000000000000 ) ) ;
#3510 = EDGE_CURVE ( 'NONE', #7367, #2556, #6972, .T. ) ;
#3511 = CARTESIAN_POINT ( 'NONE',  ( 0.000000000000000000, 0.000000000000000000, -22.00000000000000000 ) ) ;
#3512 = CYLINDRICAL_SURFACE ( 'NONE', #6200, 7.500000000000009770 ) ;
#3513 = EDGE_CURVE ( 'NONE', #1874, #4795, #4739, .T. ) ;
#3514 = ORIENTED_EDGE ( 'NONE', *, *, #6816, .F. ) ;
#3515 = CONICAL_SURFACE ( 'NONE', #1609, 1.649999999999997025, 1.029744258676652313 ) ;
#3516 = DIRECTION ( 'NONE',  ( -0.000000000000000000, 1.000000000000000000, -0.000000000000000000 ) ) ;
#3517 = DIRECTION ( 'NONE',  ( -0.5000000000000002220, 0.000000000000000000, -0.8660254037844384856 ) ) ;
#3518 = CIRCLE ( 'NONE', #2148, 5.500000000000006217 ) ;
#3519 = CARTESIAN_POINT ( 'NONE',  ( 0.000000000000000000, 2.850000000000000089, -1.649999999999998801 ) ) ;
#3520 = CARTESIAN_POINT ( 'NONE',  ( -9.918809809697888724, -1.273044105611104149, -42.02516704366443179 ) ) ;
#3521 = DIRECTION ( 'NONE',  ( 1.000000000000000000, 0.000000000000000000, 0.000000000000000000 ) ) ;
#3522 = FACE_OUTER_BOUND ( 'NONE', #4770, .T. ) ;
#3523 = DIRECTION ( 'NONE',  ( 1.000000000000000000, 2.536951011547150738E-31, 2.465190328815656637E-31 ) ) ;
#3524 = CARTESIAN_POINT ( 'NONE',  ( 7.918378228405777541, -1.249999999999968470, 8.912771734987947170 ) ) ;
#3525 = AXIS2_PLACEMENT_3D ( 'NONE', #6173, #2732, #7916 ) ;
#3526 = CARTESIAN_POINT ( 'NONE',  ( 8.324069596093515599, -1.210024319589803055, 5.365268752076519654 ) ) ;
#3527 = ORIENTED_EDGE ( 'NONE', *, *, #5932, .T. ) ;
#3528 = CIRCLE ( 'NONE', #2697, 6.000000000000000000 ) ;
#3529 = CARTESIAN_POINT ( 'NONE',  ( -24.50000000000000000, 0.000000000000000000, 0.000000000000000000 ) ) ;
#3530 = AXIS2_PLACEMENT_3D ( 'NONE', #5177, #5248, #2026 ) ;
#3531 = EDGE_CURVE ( 'NONE', #763, #5121, #2114, .T. ) ;
#3532 = CARTESIAN_POINT ( 'NONE',  ( 0.9999999999999995559, -0.5773502691896262862, -1.040000000000000036 ) ) ;
#3533 = EDGE_CURVE ( 'NONE', #1117, #2212, #1481, .T. ) ;
#3534 = CARTESIAN_POINT ( 'NONE',  ( 9.459627198887636368, 4.716111895892287187, 4.101650547691165549 ) ) ;
#3535 = CARTESIAN_POINT ( 'NONE',  ( 0.000000000000000000, 0.000000000000000000, -2.774242424242424843 ) ) ;
#3536 = EDGE_LOOP ( 'NONE', ( #8412, #3321 ) ) ;
#3537 = EDGE_CURVE ( 'NONE', #3276, #5055, #1898, .T. ) ;
#3538 = CIRCLE ( 'NONE', #4614, 0.1999999999999996503 ) ;
#3539 = ORIENTED_EDGE ( 'NONE', *, *, #6684, .F. ) ;
#3540 = AXIS2_PLACEMENT_3D ( 'NONE', #4891, #968, #2175 ) ;
#3541 = VECTOR ( 'NONE', #8155, 1000.000000000000000 ) ;
#3542 = VERTEX_POINT ( 'NONE', #647 ) ;
#3543 = CARTESIAN_POINT ( 'NONE',  ( 0.000000000000000000, 0.000000000000000000, -7.649999999999997691 ) ) ;
#3544 = ORIENTED_EDGE ( 'NONE', *, *, #2772, .F. ) ;
#3545 = DIRECTION ( 'NONE',  ( 3.923500879209718942E-15, 0.5659026596321052871, -0.8244720612739461219 ) ) ;
#3546 = AXIS2_PLACEMENT_3D ( 'NONE', #325, #4988, #3562 ) ;
#3547 = PLANE ( 'NONE',  #8198 ) ;
#3548 = CARTESIAN_POINT ( 'NONE',  ( 6.500000000000001776, -1.252624029897728919, 3.693568896613656616 ) ) ;
#3549 = EDGE_LOOP ( 'NONE', ( #6023, #3104 ) ) ;
#3550 = AXIS2_PLACEMENT_3D ( 'NONE', #2319, #4864, #4191 ) ;
#3551 = VECTOR ( 'NONE', #7807, 1000.000000000000000 ) ;
#3552 = ORIENTED_EDGE ( 'NONE', *, *, #7311, .T. ) ;
#3553 = CARTESIAN_POINT ( 'NONE',  ( 2.662405555120905034E-30, 3.447242491461116738E-14, 9.000000000000010658 ) ) ;
#3554 = DIRECTION ( 'NONE',  ( 0.000000000000000000, 1.000000000000000000, 0.000000000000000000 ) ) ;
#3555 = EDGE_LOOP ( 'NONE', ( #2665, #7624, #6794, #915, #1359, #6879 ) ) ;
#3556 = AXIS2_PLACEMENT_3D ( 'NONE', #990, #1694, #8150 ) ;
#3557 = EDGE_CURVE ( 'NONE', #2728, #42, #3796, .T. ) ;
#3558 = CARTESIAN_POINT ( 'NONE',  ( -6.793109227581805859E-16, 7.505553499465146494, 0.6847527127126998847 ) ) ;
#3559 =( REPRESENTATION_RELATIONSHIP ('NONE','NONE', #1042, #1939 ) REPRESENTATION_RELATIONSHIP_WITH_TRANSFORMATION ( #6015 )SHAPE_REPRESENTATION_RELATIONSHIP( ) );
#3560 = DIRECTION ( 'NONE',  ( 1.000000000000000000, 0.000000000000000000, 0.000000000000000000 ) ) ;
#3561 = VERTEX_POINT ( 'NONE', #6573 ) ;
#3562 = DIRECTION ( 'NONE',  ( 0.000000000000000000, 0.000000000000000000, -1.000000000000000000 ) ) ;
#3563 = CARTESIAN_POINT ( 'NONE',  ( 0.000000000000000000, 0.000000000000000000, 0.000000000000000000 ) ) ;
#3564 = VERTEX_POINT ( 'NONE', #689 ) ;
#3565 = CARTESIAN_POINT ( 'NONE',  ( 7.835481318023060915, -1.241820749136276270, -8.913929675371795369 ) ) ;
#3566 = CARTESIAN_POINT ( 'NONE',  ( 18.50000000000000000, 0.000000000000000000, 0.000000000000000000 ) ) ;
#3567 = CARTESIAN_POINT ( 'NONE',  ( 8.163293538738749078, -1.250000000000030864, -8.912771734987940064 ) ) ;
#3568 = CARTESIAN_POINT ( 'NONE',  ( -9.969261615278142585, -0.8068281258846781157, -41.60270290703276430 ) ) ;
#3569 = CARTESIAN_POINT ( 'NONE',  ( 2.234910877631457904, -9.918927921281522231, 1.312726128963690453 ) ) ;
#3570 = CARTESIAN_POINT ( 'NONE',  ( 2.049999999999998934, 2.000000000000000000, -2.049999999999999822 ) ) ;
#3571 = AXIS2_PLACEMENT_3D ( 'NONE', #4454, #2492, #4416 ) ;
#3572 = EDGE_CURVE ( 'NONE', #4032, #5655, #1067, .T. ) ;
#3573 = FILL_AREA_STYLE_COLOUR ( '', #2071 ) ;
#3574 = CARTESIAN_POINT ( 'NONE',  ( 7.835460806117276356, -1.241817508087820876, 8.913930125542851357 ) ) ;
#3575 = FACE_BOUND ( 'NONE', #1112, .T. ) ;
#3576 = VERTEX_POINT ( 'NONE', #723 ) ;
#3577 = ADVANCED_FACE ( 'NONE', ( #7815 ), #6231, .F. ) ;
#3578 = CARTESIAN_POINT ( 'NONE',  ( -6.500000000000000888, 7.904112484840893175E-16, 0.2682388155425130538 ) ) ;
#3579 = EDGE_CURVE ( 'NONE', #3842, #1879, #8402, .T. ) ;
#3580 = DIRECTION ( 'NONE',  ( 0.000000000000000000, 0.000000000000000000, 1.000000000000000000 ) ) ;
#3581 = EDGE_CURVE ( 'NONE', #5266, #7451, #5645, .T. ) ;
#3582 = CARTESIAN_POINT ( 'NONE',  ( 2.234331082363247845, -9.747420989136479363, -1.309623011771167800 ) ) ;
#3583 = CARTESIAN_POINT ( 'NONE',  ( -2.050000000000000711, 9.000000000000001776, 2.049999999999999822 ) ) ;
#3584 = VERTEX_POINT ( 'NONE', #2155 ) ;
#3585 = ORIENTED_EDGE ( 'NONE', *, *, #2760, .T. ) ;
#3586 = CARTESIAN_POINT ( 'NONE',  ( 7.835065598013447818, 1.241769975226512779, 5.358010674846824806 ) ) ;
#3587 = ORIENTED_EDGE ( 'NONE', *, *, #1523, .F. ) ;
#3588 = SHAPE_DEFINITION_REPRESENTATION ( #6733, #4220 ) ;
#3589 = FACE_OUTER_BOUND ( 'NONE', #877, .T. ) ;
#3590 = DIRECTION ( 'NONE',  ( 1.898196553187937393E-30, 1.000000000000000000, -2.442490654175333739E-15 ) ) ;
#3591 = VERTEX_POINT ( 'NONE', #2039 ) ;
#3592 = EDGE_LOOP ( 'NONE', ( #4396, #8250 ) ) ;
#3593 = CARTESIAN_POINT ( 'NONE',  ( 1.800000000000000044, 0.000000000000000000, -1.649999999999999023 ) ) ;
#3594 = EDGE_CURVE ( 'NONE', #6804, #2631, #6539, .T. ) ;
#3595 =( NAMED_UNIT ( * ) PLANE_ANGLE_UNIT ( ) SI_UNIT ( $, .RADIAN. ) );
#3596 = ORIENTED_EDGE ( 'NONE', *, *, #3992, .T. ) ;
#3597 = FACE_BOUND ( 'NONE', #4639, .T. ) ;
#3598 = LINE ( 'NONE', #5584, #2627 ) ;
#3599 = EDGE_LOOP ( 'NONE', ( #5977, #6055 ) ) ;
#3600 = CARTESIAN_POINT ( 'NONE',  ( 0.000000000000000000, 10.00000000000000000, -26.00000000000002132 ) ) ;
#3601 = CARTESIAN_POINT ( 'NONE',  ( 8.000000000000007105, -10.00000000000001776, 0.000000000000000000 ) ) ;
#3602 = EDGE_LOOP ( 'NONE', ( #5601, #5808, #616, #6538 ) ) ;
#3603 = CARTESIAN_POINT ( 'NONE',  ( 8.835786437626918399, -4.500000000000273559, 4.337337893224578522 ) ) ;
#3604 =( NAMED_UNIT ( * ) SI_UNIT ( $, .STERADIAN. ) SOLID_ANGLE_UNIT ( ) );
#3605 = CYLINDRICAL_SURFACE ( 'NONE', #8004, 3.000000000000000000 ) ;
#3606 = PRODUCT_DEFINITION ( 'UNKNOWN', '', #4920, #7877 ) ;
#3607 = CARTESIAN_POINT ( 'NONE',  ( 82.99999999999998579, 0.000000000000000000, 0.000000000000000000 ) ) ;
#3608 = CARTESIAN_POINT ( 'NONE',  ( 3.101856159744966757, -9.525132786765860615, 3.057778390329940255 ) ) ;
#3609 = CARTESIAN_POINT ( 'NONE',  ( 0.000000000000000000, 8.900000000000002132, -6.000000000000000888 ) ) ;
#3610 = SURFACE_STYLE_USAGE ( .BOTH. , #1693 ) ;
#3611 = CARTESIAN_POINT ( 'NONE',  ( 8.000000000000007105, 1.249999999999968248, -8.912771734987947170 ) ) ;
#3612 = B_SPLINE_CURVE_WITH_KNOTS ( 'NONE', 3,
 ( #5944, #5990, #6586, #2637, #3366, #6625 ),
 .UNSPECIFIED., .F., .F.,
 ( 4, 2, 4 ),
 ( 0.003092476693502909865, 0.003384850797742929018, 0.003677224901982948171 ),
 .UNSPECIFIED. ) ;
#3613 = PRESENTATION_STYLE_ASSIGNMENT (( #1695 ) ) ;
#3614 = VERTEX_POINT ( 'NONE', #7977 ) ;
#3615 = FILL_AREA_STYLE ('',( #4796 ) ) ;
#3616 = DIRECTION ( 'NONE',  ( 1.224646799147353207E-16, 1.000000000000000000, 0.000000000000000000 ) ) ;
#3617 = ADVANCED_FACE ( 'NONE', ( #75 ), #4753, .F. ) ;
#3618 = CARTESIAN_POINT ( 'NONE',  ( 9.503560230914679607, 4.753560230914694706, 4.058315032975083447 ) ) ;
#3619 = DIRECTION ( 'NONE',  ( 1.000000000000000000, 1.719470254348916462E-30, -2.290883888735602091E-30 ) ) ;
#3620 = ORIENTED_EDGE ( 'NONE', *, *, #2939, .F. ) ;
#3621 = ADVANCED_FACE ( 'NONE', ( #276, #4668 ), #4876, .F. ) ;
#3622 = VERTEX_POINT ( 'NONE', #8109 ) ;
#3623 = CARTESIAN_POINT ( 'NONE',  ( 14.00000000000001243, 8.304468224196557149E-15, -3.400000000000134914 ) ) ;
#3624 = ORIENTED_EDGE ( 'NONE', *, *, #6300, .F. ) ;
#3625 = APPLICATION_PROTOCOL_DEFINITION ( 'draft international standard', 'automotive_design', 1998, #3771 ) ;
#3626 = SHAPE_REPRESENTATION ( '\X2\041704300433043b04430448043a0430\X0\ \X2\044004300437044a0451043c0430\X0\', ( #1795 ), #5194 ) ;
#3627 = DIRECTION ( 'NONE',  ( 2.469610187574633181E-30, 2.442490654175355433E-15, -1.000000000000000000 ) ) ;
#3628 = CARTESIAN_POINT ( 'NONE',  ( -8.938043210122490478, 1.056889785686006222, -44.20584839094302509 ) ) ;
#3629 = ORIENTED_EDGE ( 'NONE', *, *, #3253, .T. ) ;
#3630 = ORIENTED_EDGE ( 'NONE', *, *, #6107, .T. ) ;
#3631 = CARTESIAN_POINT ( 'NONE',  ( -8.000000000000000000, 9.797174393178823685E-16, -22.00000000000000000 ) ) ;
#3632 =( NAMED_UNIT ( * ) SI_UNIT ( $, .STERADIAN. ) SOLID_ANGLE_UNIT ( ) );
#3633 = EDGE_LOOP ( 'NONE', ( #8429, #5987 ) ) ;
#3634 = CARTESIAN_POINT ( 'NONE',  ( -6.500000000000000888, -2.393736292519152358E-18, 3.731761184457489833 ) ) ;
#3635 = CARTESIAN_POINT ( 'NONE',  ( 103.0000000000000142, 3.999999999999999112, 0.000000000000000000 ) ) ;
#3636 = ORIENTED_EDGE ( 'NONE', *, *, #1444, .F. ) ;
#3637 = CARTESIAN_POINT ( 'NONE',  ( 5.558578643762690064, 0.000000000000000000, -5.473822126268816683E-45 ) ) ;
#3638 = ORIENTED_EDGE ( 'NONE', *, *, #2789, .T. ) ;
#3639 = CARTESIAN_POINT ( 'NONE',  ( 4.000000000000003553, -3.469446951953614189E-15, -1.733336949948512268E-30 ) ) ;
#3640 = CARTESIAN_POINT ( 'NONE',  ( -0.5395136826241598849, 7.194065129570603290, 0.5557300053808886808 ) ) ;
#3641 = AXIS2_PLACEMENT_3D ( 'NONE', #6746, #3452, #308 ) ;
#3642 = VECTOR ( 'NONE', #1441, 1000.000000000000000 ) ;
#3643 = CARTESIAN_POINT ( 'NONE',  ( 0.000000000000000000, 11.00000000000000178, -4.200000000000000178 ) ) ;
#3644 = CARTESIAN_POINT ( 'NONE',  ( 26.75735931288070191, 8.628166150854908547E-29, -4.891862058743579067E-29 ) ) ;
#3645 = CARTESIAN_POINT ( 'NONE',  ( 0.000000000000000000, 0.000000000000000000, 4.000000000000000000 ) ) ;
#3646 = FACE_OUTER_BOUND ( 'NONE', #4368, .T. ) ;
#3647 = CYLINDRICAL_SURFACE ( 'NONE', #6791, 8.250000000000344613 ) ;
#3648 = DIRECTION ( 'NONE',  ( 0.000000000000000000, -0.000000000000000000, 1.000000000000000000 ) ) ;
#3649 = ORIENTED_EDGE ( 'NONE', *, *, #1548, .T. ) ;
#3650 = PLANE ( 'NONE',  #398 ) ;
#3651 = AXIS2_PLACEMENT_3D ( 'NONE', #6691, #4952, #6225 ) ;
#3652 = CIRCLE ( 'NONE', #68, 2.500000000000000000 ) ;
#3653 = DIRECTION ( 'NONE',  ( 1.000000000000000000, 0.000000000000000000, -0.000000000000000000 ) ) ;
#3654 = DIRECTION ( 'NONE',  ( -0.000000000000000000, -0.000000000000000000, 1.000000000000000000 ) ) ;
#3655 = EDGE_LOOP ( 'NONE', ( #780, #4727, #3072, #1484 ) ) ;
#3656 = CIRCLE ( 'NONE', #7440, 6.000000000000000000 ) ;
#3657 = MANIFOLD_SOLID_BREP ( 'Бобышка-Вытянуть3', #4278 ) ;
#3658 = DIRECTION ( 'NONE',  ( 0.000000000000000000, 0.000000000000000000, -1.000000000000000000 ) ) ;
#3659 = EDGE_LOOP ( 'NONE', ( #3964, #1190 ) ) ;
#3660 = DIRECTION ( 'NONE',  ( -1.000000000000000000, -1.719470254348916462E-30, 2.290883888735602091E-30 ) ) ;
#3661 =( GEOMETRIC_REPRESENTATION_CONTEXT ( 3 ) GLOBAL_UNCERTAINTY_ASSIGNED_CONTEXT ( ( #1156 ) ) GLOBAL_UNIT_ASSIGNED_CONTEXT ( ( #4290, #4253, #1168 ) ) REPRESENTATION_CONTEXT ( 'NONE', 'WORKASPACE' ) );
#3662 = ORIENTED_EDGE ( 'NONE', *, *, #1276, .T. ) ;
#3663 = APPLICATION_PROTOCOL_DEFINITION ( 'draft international standard', 'automotive_design', 1998, #537 ) ;
#3664 = AXIS2_PLACEMENT_3D ( 'NONE', #1527, #3398, #7297 ) ;
#3665 = CARTESIAN_POINT ( 'NONE',  ( 10.25328867574653380, -4.500000000000200728, 4.337337893224156637 ) ) ;
#3666 = CARTESIAN_POINT ( 'NONE',  ( -6.623269820279329423, 7.495754172928656978, -35.31082289446614908 ) ) ;
#3667 = ORIENTED_EDGE ( 'NONE', *, *, #2831, .F. ) ;
#3668 = AXIS2_PLACEMENT_3D ( 'NONE', #5880, #4574, #5798 ) ;
#3669 = VECTOR ( 'NONE', #7769, 1000.000000000000000 ) ;
#3670 = ORIENTED_EDGE ( 'NONE', *, *, #7144, .T. ) ;
#3671 = CARTESIAN_POINT ( 'NONE',  ( 8.377707969563621404, -5.473193427069098504, 4.776718703513309627 ) ) ;
#3672 = DIRECTION ( 'NONE',  ( 1.000000000000000000, 0.000000000000000000, 0.000000000000000000 ) ) ;
#3673 = AXIS2_PLACEMENT_3D ( 'NONE', #3511, #6086, #238 ) ;
#3674 = FACE_OUTER_BOUND ( 'NONE', #2464, .T. ) ;
#3675 = ORIENTED_EDGE ( 'NONE', *, *, #3302, .T. ) ;
#3676 = CIRCLE ( 'NONE', #2855, 6.000000000000000888 ) ;
#3677 = EDGE_CURVE ( 'NONE', #6967, #4438, #3485, .T. ) ;
#3678 = VERTEX_POINT ( 'NONE', #5556 ) ;
#3679 = AXIS2_PLACEMENT_3D ( 'NONE', #5803, #683, #4619 ) ;
#3680 = DIRECTION ( 'NONE',  ( -1.000000000000000000, 0.000000000000000000, 0.000000000000000000 ) ) ;
#3681 = ORIENTED_EDGE ( 'NONE', *, *, #5794, .F. ) ;
#3682 = CARTESIAN_POINT ( 'NONE',  ( 0.000000000000000000, 8.900000000000002132, 0.000000000000000000 ) ) ;
#3683 = CONICAL_SURFACE ( 'NONE', #5438, 1.649999999999997691, 0.7853981633974562726 ) ;
#3684 = VERTEX_POINT ( 'NONE', #3578 ) ;
#3685 = AXIS2_PLACEMENT_3D ( 'NONE', #4360, #1111, #5707 ) ;
#3686 = EDGE_CURVE ( 'NONE', #908, #4593, #3934, .T. ) ;
#3687 = DIRECTION ( 'NONE',  ( 1.000000000000000000, 0.000000000000000000, 0.000000000000000000 ) ) ;
#3688 = CARTESIAN_POINT ( 'NONE',  ( -1.084564872665013002, 6.879379678278392696, 0.4496938152812751111 ) ) ;
#3689 = AXIS2_PLACEMENT_3D ( 'NONE', #3983, #155, #4112 ) ;
#3690 = EDGE_CURVE ( 'NONE', #5567, #654, #6154, .T. ) ;
#3691 = PLANE ( 'NONE',  #4884 ) ;
#3692 = CARTESIAN_POINT ( 'NONE',  ( -4.326034189509551098, -5.007916495628261799, 0.3055301231102571236 ) ) ;
#3693 = CARTESIAN_POINT ( 'NONE',  ( 8.877223204228323373E-16, 7.505553499465147382, 3.315247287287303113 ) ) ;
#3694 = DIRECTION ( 'NONE',  ( 1.000000000000000000, 0.000000000000000000, 0.000000000000000000 ) ) ;
#3695 = B_SPLINE_CURVE_WITH_KNOTS ( 'NONE', 3,
 ( #4373, #2634, #8320, #6989, #1860, #8229, #3692, #1121, #3327, #8270 ),
 .UNSPECIFIED., .F., .F.,
 ( 4, 2, 2, 2, 4 ),
 ( 2.325950921918410400E-07, 0.001877518990025892759, 0.003754805384959593664, 0.005632091779893294570, 0.007509378174826995475 ),
 .UNSPECIFIED. ) ;
#3696 = DIRECTION ( 'NONE',  ( -2.958228394578779381E-31, -3.830269434956791642E-15, -1.000000000000000000 ) ) ;
#3697 = CARTESIAN_POINT ( 'NONE',  ( 14.00000000000001243, 1.848892746611772763E-29, -1.714077650504639909E-29 ) ) ;
#3698 = ORIENTED_EDGE ( 'NONE', *, *, #5013, .F. ) ;
#3699 = DIRECTION ( 'NONE',  ( 1.000000000000000000, 0.000000000000000000, 0.000000000000000000 ) ) ;
#3700 = DIRECTION ( 'NONE',  ( 0.000000000000000000, 0.000000000000000000, -1.000000000000000000 ) ) ;
#3701 = CARTESIAN_POINT ( 'NONE',  ( 2.173965810490441797, -6.250413753569427300, 0.3055301231102575676 ) ) ;
#3702 = CARTESIAN_POINT ( 'NONE',  ( 0.2420257877201434371, 9.000000000000021316, -40.00000000000006395 ) ) ;
#3703 = ORIENTED_EDGE ( 'NONE', *, *, #3725, .T. ) ;
#3704 = ADVANCED_BREP_SHAPE_REPRESENTATION ( '', ( #562, #1795 ), #8163 ) ;
#3705 = PRODUCT_DEFINITION_FORMATION_WITH_SPECIFIED_SOURCE ( 'ANY', '', #457, .NOT_KNOWN. ) ;
#3706 = DIRECTION ( 'NONE',  ( 0.000000000000000000, 0.000000000000000000, 1.000000000000000000 ) ) ;
#3707 = EDGE_LOOP ( 'NONE', ( #5485, #2221 ) ) ;
#3708 = ORIENTED_EDGE ( 'NONE', *, *, #8388, .T. ) ;
#3709 = PRODUCT_CONTEXT ( 'NONE', #5924, 'mechanical' ) ;
#3710 = DIRECTION ( 'NONE',  ( 0.7071067811865463515, 0.000000000000000000, -0.7071067811865487940 ) ) ;
#3711 = CARTESIAN_POINT ( 'NONE',  ( -2.325336189795356834, 9.735967975428486909, -39.61871282519469162 ) ) ;
#3712 = VERTEX_POINT ( 'NONE', #1660 ) ;
#3713 = EDGE_LOOP ( 'NONE', ( #327, #3451 ) ) ;
#3714 = ORIENTED_EDGE ( 'NONE', *, *, #4037, .F. ) ;
#3715 = CARTESIAN_POINT ( 'NONE',  ( 6.900619180461517566, -7.237596000065002144, -0.4915477246088315599 ) ) ;
#3716 = FILL_AREA_STYLE_COLOUR ( '', #7319 ) ;
#3717 = ORIENTED_EDGE ( 'NONE', *, *, #1214, .T. ) ;
#3718 = DIRECTION ( 'NONE',  ( 0.000000000000000000, 0.000000000000000000, 1.000000000000000000 ) ) ;
#3719 = ORIENTED_EDGE ( 'NONE', *, *, #965, .F. ) ;
#3720 = DIRECTION ( 'NONE',  ( 1.127570259384923034E-15, 1.000000000000000000, 3.830269434956789276E-15 ) ) ;
#3721 = VERTEX_POINT ( 'NONE', #1035 ) ;
#3722 = CARTESIAN_POINT ( 'NONE',  ( -24.50000000000000000, 0.000000000000000000, 0.000000000000000000 ) ) ;
#3723 = ORIENTED_EDGE ( 'NONE', *, *, #2656, .T. ) ;
#3724 = UNCERTAINTY_MEASURE_WITH_UNIT (LENGTH_MEASURE( 1.000000000000000082E-05 ), #7759, 'distance_accuracy_value', 'NONE');
#3725 = EDGE_CURVE ( 'NONE', #1966, #7754, #6776, .T. ) ;
#3726 = CARTESIAN_POINT ( 'NONE',  ( 0.000000000000000000, -6.000000000000409450, 1.465494392505299403E-14 ) ) ;
#3727 = CARTESIAN_POINT ( 'NONE',  ( -6.000000000000000000, 7.347880794884119736E-16, -88.99999999999997158 ) ) ;
#3728 = CARTESIAN_POINT ( 'NONE',  ( -9.952613452384643011, 0.9762377889165744227, -44.27193126944494850 ) ) ;
#3729 = CARTESIAN_POINT ( 'NONE',  ( 2.749183594511849016, 9.678528302459355359, 2.519505514330101281 ) ) ;
#3730 = CARTESIAN_POINT ( 'NONE',  ( 30.41421356237311713, -6.500000000000408562, -5.080600358225510149 ) ) ;
#3731 = EDGE_CURVE ( 'NONE', #4234, #5070, #1904, .T. ) ;
#3732 = CARTESIAN_POINT ( 'NONE',  ( 0.000000000000000000, 0.000000000000000000, 20.70967811865458685 ) ) ;
#3733 = B_SPLINE_CURVE_WITH_KNOTS ( 'NONE', 3,
 ( #2650, #107, #5846, #3978, #5335, #7928, #5250, #2104, #1467, #4057 ),
 .UNSPECIFIED., .F., .F.,
 ( 4, 2, 2, 2, 4 ),
 ( 0.003920913026497762147, 0.004411021889620388853, 0.004901130752743015559, 0.005391239615865642265, 0.005881348478988268971 ),
 .UNSPECIFIED. ) ;
#3734 = AXIS2_PLACEMENT_3D ( 'NONE', #1064, #4183, #3680 ) ;
#3735 = CARTESIAN_POINT ( 'NONE',  ( 28.68216478563921967, -6.500000000000480505, -3.435756015591160395 ) ) ;
#3736 = CARTESIAN_POINT ( 'NONE',  ( 36.00000000000000711, 9.860761315262661020E-29, -6.894829200906304354E-29 ) ) ;
#3737 = ORIENTED_EDGE ( 'NONE', *, *, #1773, .F. ) ;
#3738 = CARTESIAN_POINT ( 'NONE',  ( 2.111862608674567987, 9.774472638818568981, 0.6584964528288784757 ) ) ;
#3739 = CARTESIAN_POINT ( 'NONE',  ( -1.754347681397912428E-16, -1.154700538379251240, 0.000000000000000000 ) ) ;
#3740 = CARTESIAN_POINT ( 'NONE',  ( 0.000000000000000000, 19.90000000000000213, 0.000000000000000000 ) ) ;
#3741 = DIRECTION ( 'NONE',  ( 0.000000000000000000, 1.000000000000000000, 0.000000000000000000 ) ) ;
#3742 = DIRECTION ( 'NONE',  ( -1.000000000000000000, -1.719470254348916462E-30, 2.290883888735602091E-30 ) ) ;
#3743 = MECHANICAL_DESIGN_GEOMETRIC_PRESENTATION_REPRESENTATION (  '', ( #6027 ), #963 ) ;
#3744 = EDGE_CURVE ( 'NONE', #4710, #3045, #2839, .T. ) ;
#3745 = ORIENTED_EDGE ( 'NONE', *, *, #8, .T. ) ;
#3746 = CARTESIAN_POINT ( 'NONE',  ( 0.000000000000000000, 0.000000000000000000, 0.000000000000000000 ) ) ;
#3747 = ORIENTED_EDGE ( 'NONE', *, *, #7719, .T. ) ;
#3748 = PRODUCT_CONTEXT ( 'NONE', #6369, 'mechanical' ) ;
#3749 = CARTESIAN_POINT ( 'NONE',  ( 2.049999999999998934, 2.000000000000000000, -2.549999999999999822 ) ) ;
#3750 = CARTESIAN_POINT ( 'NONE',  ( 0.000000000000000000, 1.300000000000000044, 3.184081677783118191E-16 ) ) ;
#3751 = CARTESIAN_POINT ( 'NONE',  ( -6.054727537725137942, 7.964400624432382614, -29.45955561341507334 ) ) ;
#3752 = ORIENTED_EDGE ( 'NONE', *, *, #6520, .T. ) ;
#3753 = EDGE_LOOP ( 'NONE', ( #73, #3723 ) ) ;
#3754 = EDGE_LOOP ( 'NONE', ( #1011, #7402, #5606, #6924 ) ) ;
#3755 = CARTESIAN_POINT ( 'NONE',  ( 9.999999999999998224, -0.2468377677946509696, 7.249999999999996447 ) ) ;
#3756 = DIRECTION ( 'NONE',  ( 1.000000000000000000, 0.000000000000000000, 0.000000000000000000 ) ) ;
#3757 = CARTESIAN_POINT ( 'NONE',  ( 0.000000000000000000, -5.807821048680185783, 0.000000000000000000 ) ) ;
#3758 = ORIENTED_EDGE ( 'NONE', *, *, #4078, .T. ) ;
#3759 = CARTESIAN_POINT ( 'NONE',  ( -8.892535197130994717, -1.387895250018919668, -43.80288134674811573 ) ) ;
#3760 = EDGE_LOOP ( 'NONE', ( #3375, #6922, #2644, #5936 ) ) ;
#3761 = CARTESIAN_POINT ( 'NONE',  ( 35.50000000000000711, -2.015054789694663538E-14, 8.250000000000003553 ) ) ;
#3762 = ORIENTED_EDGE ( 'NONE', *, *, #2554, .F. ) ;
#3763 = CARTESIAN_POINT ( 'NONE',  ( 0.000000000000000000, 3.061616997868381169E-16, 2.499999999999998224 ) ) ;
#3764 = CARTESIAN_POINT ( 'NONE',  ( 14.00000000000001243, 0.000000000000000000, 0.000000000000000000 ) ) ;
#3765 = DIRECTION ( 'NONE',  ( -0.9238795325112878487, 1.131426112287701740E-16, 0.3826834323650871728 ) ) ;
#3766 = CIRCLE ( 'NONE', #1175, 6.500000000000008882 ) ;
#3767 = EDGE_CURVE ( 'NONE', #5065, #1589, #6637, .T. ) ;
#3768 = DIRECTION ( 'NONE',  ( 0.000000000000000000, 0.000000000000000000, 1.000000000000000000 ) ) ;
#3769 = DIRECTION ( 'NONE',  ( 0.7071067811865474617, 8.659560562354932858E-17, 0.7071067811865474617 ) ) ;
#3770 = CARTESIAN_POINT ( 'NONE',  ( 10.00000000000000178, 0.2463786310411907043, 7.249999999999997335 ) ) ;
#3771 = APPLICATION_CONTEXT ( 'automotive_design' ) ;
#3772 = DIRECTION ( 'NONE',  ( 1.000000000000000000, -0.000000000000000000, -0.000000000000000000 ) ) ;
#3773 = DIRECTION ( 'NONE',  ( -1.000000000000000000, -0.000000000000000000, -0.000000000000000000 ) ) ;
#3774 = ADVANCED_FACE ( 'NONE', ( #5602 ), #259, .T. ) ;
#3775 = VERTEX_POINT ( 'NONE', #2334 ) ;
#3776 = CARTESIAN_POINT ( 'NONE',  ( 2.583383386685512484, 9.661425981689655273, 2.229008301899360056 ) ) ;
#3777 = EDGE_CURVE ( 'NONE', #885, #4038, #2301, .T. ) ;
#3778 = CARTESIAN_POINT ( 'NONE',  ( 20.00000000000000000, 0.000000000000000000, 0.000000000000000000 ) ) ;
#3779 = CIRCLE ( 'NONE', #2009, 8.250000000000342837 ) ;
#3780 = CARTESIAN_POINT ( 'NONE',  ( 6.000000000000000000, 0.000000000000000000, 0.000000000000000000 ) ) ;
#3781 = CARTESIAN_POINT ( 'NONE',  ( 5.571191578694065782, 7.075481715217795120, -37.26037444482973626 ) ) ;
#3782 = CARTESIAN_POINT ( 'NONE',  ( 29.82292711902864468, 6.500000000000336620, 4.943548216222282576 ) ) ;
#3783 = CARTESIAN_POINT ( 'NONE',  ( 10.71669195251484297, 4.262260818464784329, -4.571531648110969570 ) ) ;
#3784 = VERTEX_POINT ( 'NONE', #8201 ) ;
#3785 = EDGE_CURVE ( 'NONE', #570, #3775, #3390, .T. ) ;
#3786 = ITEM_DEFINED_TRANSFORMATION ( 'NONE', 'NONE', #7219,  #1795 ) ;
#3787 = VECTOR ( 'NONE', #4102, 1000.000000000000000 ) ;
#3788 = FACE_BOUND ( 'NONE', #8082, .T. ) ;
#3789 = CARTESIAN_POINT ( 'NONE',  ( 9.250030171926573175, -9.000004190545073612, -0.08117654247435418524 ) ) ;
#3790 = CARTESIAN_POINT ( 'NONE',  ( -6.044961550507593095, 7.967226261725709691, -36.53670234729597155 ) ) ;
#3791 = ORIENTED_EDGE ( 'NONE', *, *, #7250, .F. ) ;
#3792 = VERTEX_POINT ( 'NONE', #8068 ) ;
#3793 = AXIS2_PLACEMENT_3D ( 'NONE', #859, #7937, #115 ) ;
#3794 = ORIENTED_EDGE ( 'NONE', *, *, #8346, .F. ) ;
#3795 = CARTESIAN_POINT ( 'NONE',  ( 8.000000000000007105, 1.250000000000030420, 8.912771734987938288 ) ) ;
#3796 = CIRCLE ( 'NONE', #5949, 9.000000000000010658 ) ;
#3797 = VECTOR ( 'NONE', #5805, 1000.000000000000000 ) ;
#3798 = CARTESIAN_POINT ( 'NONE',  ( -9.000000000000000000, -1.026678802317990234E-22, -44.59999999999992326 ) ) ;
#3799 = CIRCLE ( 'NONE', #5953, 8.400000000000009237 ) ;
#3800 = VERTEX_POINT ( 'NONE', #2246 ) ;
#3801 = CARTESIAN_POINT ( 'NONE',  ( -8.864486806250784667, -1.558060997996721042, -43.42019648436052393 ) ) ;
#3802 = VERTEX_POINT ( 'NONE', #299 ) ;
#3803 = CARTESIAN_POINT ( 'NONE',  ( 10.00000000000000888, 3.100297796265755319E-14, 9.000000000000010658 ) ) ;
#3804 = VERTEX_POINT ( 'NONE', #4331 ) ;
#3805 = VECTOR ( 'NONE', #2777, 1000.000000000000000 ) ;
#3806 = CARTESIAN_POINT ( 'NONE',  ( 6.750000000000007994, 3.447242493922605731E-14, 9.000000000000000000 ) ) ;
#3807 = UNCERTAINTY_MEASURE_WITH_UNIT (LENGTH_MEASURE( 1.000000000000000082E-05 ), #18, 'distance_accuracy_value', 'NONE');
#3808 = LINE ( 'NONE', #6273, #381 ) ;
#3809 = CARTESIAN_POINT ( 'NONE',  ( -8.864541357205283134, 1.557709377412855645, -42.57933709617745421 ) ) ;
#3810 = CARTESIAN_POINT ( 'NONE',  ( -9.944154773232682487, 1.057961325601660008, -41.79518693061758938 ) ) ;
#3811 = CIRCLE ( 'NONE', #5571, 6.000000000000000888 ) ;
#3812 = CARTESIAN_POINT ( 'NONE',  ( 28.99999999999999645, 7.395570986446999128E-29, -6.240013019814657616E-29 ) ) ;
#3813 = DIRECTION ( 'NONE',  ( 1.000000000000000000, 2.536951011547150738E-31, 2.465190328815656637E-31 ) ) ;
#3814 = AXIS2_PLACEMENT_3D ( 'NONE', #1643, #5467, #6004 ) ;
#3815 = PLANE ( 'NONE',  #8318 ) ;
#3816 = CARTESIAN_POINT ( 'NONE',  ( 8.000000000000007105, 1.250000000000034195, 10.00000000000004619 ) ) ;
#3817 = EDGE_LOOP ( 'NONE', ( #6386, #6800 ) ) ;
#3818 = CARTESIAN_POINT ( 'NONE',  ( 2.071014226295630145, 9.783194778674744185, -0.3276896756148749978 ) ) ;
#3819 = ADVANCED_BREP_SHAPE_REPRESENTATION ( '', ( #6235, #1795 ), #6543 ) ;
#3820 = VECTOR ( 'NONE', #4159, 1000.000000000000000 ) ;
#3821 = FACE_OUTER_BOUND ( 'NONE', #882, .T. ) ;
#3822 = CARTESIAN_POINT ( 'NONE',  ( -2.050000000000000711, 9.000000000000001776, -1.549999999999999822 ) ) ;
#3823 = DIRECTION ( 'NONE',  ( -0.000000000000000000, -0.000000000000000000, 1.000000000000000000 ) ) ;
#3824 = CARTESIAN_POINT ( 'NONE',  ( 6.746175267296572464, 5.958161125737602148, -34.88197787335458600 ) ) ;
#3825 = PRODUCT_DEFINITION_SHAPE ( 'NONE', 'NONE',  #8442 ) ;
#3826 = AXIS2_PLACEMENT_3D ( 'NONE', #8158, #911, #4293 ) ;
#3827 = CARTESIAN_POINT ( 'NONE',  ( 6.500000000000000888, -5.609171510446034691E-18, 0.2682388155425118326 ) ) ;
#3828 = EDGE_CURVE ( 'NONE', #88, #7350, #2987, .T. ) ;
#3829 = DIRECTION ( 'NONE',  ( -1.000000000000000000, -0.000000000000000000, -0.000000000000000000 ) ) ;
#3830 = EDGE_CURVE ( 'NONE', #6241, #10, #2573, .T. ) ;
#3831 = ORIENTED_EDGE ( 'NONE', *, *, #588, .T. ) ;
#3832 = ITEM_DEFINED_TRANSFORMATION ( 'NONE', 'NONE', #5312,  #5578 ) ;
#3833 = EDGE_CURVE ( 'NONE', #4238, #6851, #2447, .T. ) ;
#3834 = DIRECTION ( 'NONE',  ( -1.000000000000000000, -0.000000000000000000, -0.000000000000000000 ) ) ;
#3835 = CARTESIAN_POINT ( 'NONE',  ( -24.50000000000000000, 2.020667218593129797E-16, -1.649999999999997691 ) ) ;
#3836 = CARTESIAN_POINT ( 'NONE',  ( -3.171854784083772305, 9.493823586986477991, -26.74295050090110237 ) ) ;
#3837 = EDGE_LOOP ( 'NONE', ( #472, #2204, #2098, #1717, #5407 ) ) ;
#3838 = CIRCLE ( 'NONE', #4246, 10.00000000000001421 ) ;
#3839 = CIRCLE ( 'NONE', #6423, 8.000000000000000000 ) ;
#3840 = ORIENTED_EDGE ( 'NONE', *, *, #7668, .T. ) ;
#3841 = AXIS2_PLACEMENT_3D ( 'NONE', #6908, #8063, #1784 ) ;
#3842 = VERTEX_POINT ( 'NONE', #1252 ) ;
#3843 = CARTESIAN_POINT ( 'NONE',  ( 9.209769841825396597, -3.901893779541994789, -6.114922558098508709 ) ) ;
#3844 =( LENGTH_UNIT ( ) NAMED_UNIT ( * ) SI_UNIT ( .MILLI., .METRE. ) );
#3845 = ADVANCED_FACE ( 'NONE', ( #1170 ), #511, .F. ) ;
#3846 = CARTESIAN_POINT ( 'NONE',  ( 6.750000000000007994, -3.337024278192423801E-14, -9.000000000000000000 ) ) ;
#3847 = ORIENTED_EDGE ( 'NONE', *, *, #1032, .F. ) ;
#3848 = CARTESIAN_POINT ( 'NONE',  ( 8.000000000000007105, 8.912771734987943617, 1.249999999999999334 ) ) ;
#3849 = ORIENTED_EDGE ( 'NONE', *, *, #317, .F. ) ;
#3850 = CARTESIAN_POINT ( 'NONE',  ( 8.767681216081886220, 5.409596256344002541, -1.000036544910599678 ) ) ;
#3851 = ORIENTED_EDGE ( 'NONE', *, *, #4928, .T. ) ;
#3852 = CARTESIAN_POINT ( 'NONE',  ( 9.503563286269180566, 4.753563286269364419, -4.058311382307900672 ) ) ;
#3853 = EDGE_CURVE ( 'NONE', #4132, #7240, #8091, .T. ) ;
#3854 = CARTESIAN_POINT ( 'NONE',  ( 0.000000000000000000, 8.900000000000002132, 0.000000000000000000 ) ) ;
#3855 = FACE_OUTER_BOUND ( 'NONE', #5896, .T. ) ;
#3856 = DIRECTION ( 'NONE',  ( 0.000000000000000000, 0.000000000000000000, 1.000000000000000000 ) ) ;
#3857 = CARTESIAN_POINT ( 'NONE',  ( 9.926016224393690024, 1.238029688042041832, -7.147691970766939740 ) ) ;
#3858 = FACE_OUTER_BOUND ( 'NONE', #7237, .T. ) ;
#3859 = CARTESIAN_POINT ( 'NONE',  ( 2.741501724342721769, 9.618727153020344645, 2.521864657372191232 ) ) ;
#3860 = DIRECTION ( 'NONE',  ( 0.000000000000000000, 0.000000000000000000, -1.000000000000000000 ) ) ;
#3861 = VECTOR ( 'NONE', #6603, 1000.000000000000000 ) ;
#3862 = CARTESIAN_POINT ( 'NONE',  ( 10.82531754730547924, 3.500000000000203393, 5.178078794302187760 ) ) ;
#3863 = CARTESIAN_POINT ( 'NONE',  ( 8.000000000000007105, 8.912771734987941841, -1.249999999999999334 ) ) ;
#3864 = CARTESIAN_POINT ( 'NONE',  ( 5.558578643762690064, -2.388353273388620778E-14, -6.441421356237325035 ) ) ;
#3865 = VECTOR ( 'NONE', #8045, 1000.000000000000000 ) ;
#3866 = FACE_BOUND ( 'NONE', #5637, .T. ) ;
#3867 = SURFACE_SIDE_STYLE ('',( #563 ) ) ;
#3868 = ORIENTED_EDGE ( 'NONE', *, *, #6734, .T. ) ;
#3869 = DIRECTION ( 'NONE',  ( -1.000000000000000000, -2.536951011547150738E-31, -2.465190328815656637E-31 ) ) ;
#3870 = CARTESIAN_POINT ( 'NONE',  ( 36.00000000000000711, -7.888088312486327325E-15, 3.400000000000136247 ) ) ;
#3871 = DIRECTION ( 'NONE',  ( 0.000000000000000000, 1.000000000000000000, 0.000000000000000000 ) ) ;
#3872 = ORIENTED_EDGE ( 'NONE', *, *, #8089, .T. ) ;
#3873 = EDGE_LOOP ( 'NONE', ( #7136, #3370 ) ) ;
#3874 = ORIENTED_EDGE ( 'NONE', *, *, #3207, .T. ) ;
#3875 = AXIS2_PLACEMENT_3D ( 'NONE', #1468, #109, #2785 ) ;
#3876 = CYLINDRICAL_SURFACE ( 'NONE', #5533, 1.249999999999999334 ) ;
#3877 = EDGE_CURVE ( 'NONE', #6245, #1362, #3230, .T. ) ;
#3878 = ORIENTED_EDGE ( 'NONE', *, *, #3423, .T. ) ;
#3879 = EDGE_CURVE ( 'NONE', #692, #4132, #2206, .T. ) ;
#3880 = DIRECTION ( 'NONE',  ( 1.000000000000000000, -1.151418055718916392E-15, -4.026515336734653982E-30 ) ) ;
#3881 = ORIENTED_EDGE ( 'NONE', *, *, #6431, .F. ) ;
#3882 = CARTESIAN_POINT ( 'NONE',  ( 9.091689185611532054, 5.465848691843750551, -0.6306225251517459940 ) ) ;
#3883 = EDGE_CURVE ( 'NONE', #1114, #654, #8283, .T. ) ;
#3884 = ORIENTED_EDGE ( 'NONE', *, *, #2115, .F. ) ;
#3885 = DIRECTION ( 'NONE',  ( -1.898196553187937393E-30, -1.000000000000000000, 2.442490654175333739E-15 ) ) ;
#3886 = DIRECTION ( 'NONE',  ( 0.000000000000000000, 3.830269434956791642E-15, 1.000000000000000000 ) ) ;
#3887 = DIRECTION ( 'NONE',  ( 1.000000000000000000, 0.000000000000000000, 0.000000000000000000 ) ) ;
#3888 = AXIS2_PLACEMENT_3D ( 'NONE', #1751, #5613, #8370 ) ;
#3889 = CARTESIAN_POINT ( 'NONE',  ( 8.668911388954917641, 4.988497484978204000, -5.265879617515374811 ) ) ;
#3890 = FACE_OUTER_BOUND ( 'NONE', #1549, .T. ) ;
#3891 = DIRECTION ( 'NONE',  ( 0.000000000000000000, -2.564955334090090581E-15, 1.000000000000000000 ) ) ;
#3892 = B_SPLINE_CURVE_WITH_KNOTS ( 'NONE', 3,
 ( #1529, #866, #8113, #5561 ),
 .UNSPECIFIED., .F., .F.,
 ( 4, 4 ),
 ( 0.003677224901982948171, 0.004261701352891325220 ),
 .UNSPECIFIED. ) ;
#3893 = DIRECTION ( 'NONE',  ( -1.000000000000000000, -2.536951011547150738E-31, -2.465190328815656637E-31 ) ) ;
#3894 = CARTESIAN_POINT ( 'NONE',  ( 9.542893218813491174, -4.792893218813731870, 4.011318311110906976 ) ) ;
#3895 = CARTESIAN_POINT ( 'NONE',  ( 6.000000000000000000, 0.000000000000000000, 0.000000000000000000 ) ) ;
#3896 = LINE ( 'NONE', #5852, #3805 ) ;
#3897 = AXIS2_PLACEMENT_3D ( 'NONE', #1207, #2327, #4912 ) ;
#3898 = CARTESIAN_POINT ( 'NONE',  ( 0.000000000000000000, -10.00099999999999767, -33.00000000000002842 ) ) ;
#3899 = FACE_BOUND ( 'NONE', #5396, .T. ) ;
#3900 = VERTEX_POINT ( 'NONE', #6912 ) ;
#3901 = SHAPE_DEFINITION_REPRESENTATION ( #5980, #1042 ) ;
#3902 = VECTOR ( 'NONE', #4035, 1000.000000000000000 ) ;
#3903 = CARTESIAN_POINT ( 'NONE',  ( 28.27555768696469229, -6.500000000000464517, 2.452028723193345972 ) ) ;
#3904 = DIRECTION ( 'NONE',  ( -1.000000000000000000, -2.536951011547150738E-31, -2.465190328815656637E-31 ) ) ;
#3905 = DIRECTION ( 'NONE',  ( 0.000000000000000000, 1.000000000000000000, 0.000000000000000000 ) ) ;
#3906 = ORIENTED_EDGE ( 'NONE', *, *, #1271, .T. ) ;
#3907 = PRODUCT_RELATED_PRODUCT_CATEGORY ( 'part', '', ( #4154 ) ) ;
#3908 = VERTEX_POINT ( 'NONE', #8397 ) ;
#3909 = CIRCLE ( 'NONE', #6074, 0.9999999999999991118 ) ;
#3910 = ORIENTED_EDGE ( 'NONE', *, *, #3167, .T. ) ;
#3911 = CARTESIAN_POINT ( 'NONE',  ( 7.231888815946144966, 5.409672283050688257, -0.9995307272980046287 ) ) ;
#3912 = CIRCLE ( 'NONE', #5000, 5.500000000000006217 ) ;
#3913 = CARTESIAN_POINT ( 'NONE',  ( 0.000000000000000000, -8.900000000000002132, 0.000000000000000000 ) ) ;
#3914 = CARTESIAN_POINT ( 'NONE',  ( 2.236698417572945186, 9.918057307984117443, 1.318262100978549345 ) ) ;
#3915 = ORIENTED_EDGE ( 'NONE', *, *, #6460, .F. ) ;
#3916 = FACE_OUTER_BOUND ( 'NONE', #445, .T. ) ;
#3917 = AXIS2_PLACEMENT_3D ( 'NONE', #7636, #2673, #1823 ) ;
#3918 = CARTESIAN_POINT ( 'NONE',  ( 8.629401137334653527, -5.390841717334167171, -1.092200484842764885 ) ) ;
#3919 = VERTEX_POINT ( 'NONE', #7595 ) ;
#3920 = CYLINDRICAL_SURFACE ( 'NONE', #7750, 4.000000000000005329 ) ;
#3921 = PRESENTATION_LAYER_ASSIGNMENT (  '', '', ( #2429 ) ) ;
#3922 = VERTEX_POINT ( 'NONE', #1085 ) ;
#3923 = DIRECTION ( 'NONE',  ( 0.000000000000000000, 1.000000000000000000, 0.000000000000000000 ) ) ;
#3924 = EDGE_CURVE ( 'NONE', #6243, #6419, #4063, .T. ) ;
#3925 = AXIS2_PLACEMENT_3D ( 'NONE', #949, #7338, #1520 ) ;
#3926 = DIRECTION ( 'NONE',  ( 1.898196553187937393E-30, 1.000000000000000000, -2.442490654175333739E-15 ) ) ;
#3927 = SURFACE_STYLE_USAGE ( .BOTH. , #1328 ) ;
#3928 = CIRCLE ( 'NONE', #6500, 9.000000000000010658 ) ;
#3929 = LINE ( 'NONE', #5171, #6514 ) ;
#3930 = DIRECTION ( 'NONE',  ( 0.000000000000000000, 3.830269434956790853E-15, 1.000000000000000000 ) ) ;
#3931 = DIRECTION ( 'NONE',  ( 0.000000000000000000, -3.830269434956790853E-15, -1.000000000000000000 ) ) ;
#3932 = CONICAL_SURFACE ( 'NONE', #6097, 7.750000000000325073, 0.7853981633974466137 ) ;
#3933 = CIRCLE ( 'NONE', #2847, 9.000000000000010658 ) ;
#3934 = CIRCLE ( 'NONE', #7869, 0.5000000000000000000 ) ;
#3935 = EDGE_CURVE ( 'NONE', #1021, #4404, #7736, .T. ) ;
#3936 =( BOUNDED_CURVE ( )  B_SPLINE_CURVE ( 3, ( #6381, #6848, #8343, #7575 ),
 .UNSPECIFIED., .F., .T. ) 
 B_SPLINE_CURVE_WITH_KNOTS ( ( 4, 4 ),
 ( 2.444735236944292289, 3.838450070235293499 ),
 .UNSPECIFIED. ) 
 CURVE ( )  GEOMETRIC_REPRESENTATION_ITEM ( )  RATIONAL_B_SPLINE_CURVE ( ( 1.000000000000000000, 0.8445752766734268002, 0.8445752766734268002, 1.000000000000000000 ) ) 
 REPRESENTATION_ITEM ( '' )  );
#3937 = DIRECTION ( 'NONE',  ( 0.8660254037844387076, -0.4999999999999998890, 0.000000000000000000 ) ) ;
#3938 = CARTESIAN_POINT ( 'NONE',  ( -2.487145164873209191E-18, 1.154700538379252350, 0.000000000000000000 ) ) ;
#3939 = CIRCLE ( 'NONE', #8010, 8.500000000000351719 ) ;
#3940 = DIRECTION ( 'NONE',  ( -1.000000000000000000, -2.536951011547150738E-31, -2.465190328815656637E-31 ) ) ;
#3941 = CARTESIAN_POINT ( 'NONE',  ( 0.000000000000000000, 0.000000000000000000, 0.000000000000000000 ) ) ;
#3942 = CIRCLE ( 'NONE', #1642, 3.000000000000000000 ) ;
#3943 = AXIS2_PLACEMENT_3D ( 'NONE', #4504, #3184, #3981 ) ;
#3944 = LINE ( 'NONE', #3895, #634 ) ;
#3945 = VECTOR ( 'NONE', #1452, 1000.000000000000000 ) ;
#3946 = DIRECTION ( 'NONE',  ( -1.000000000000000000, -0.000000000000000000, -0.000000000000000000 ) ) ;
#3947 = CARTESIAN_POINT ( 'NONE',  ( 28.99999999999999645, 6.500000000000324185, 4.060808974781399350 ) ) ;
#3948 = AXIS2_PLACEMENT_3D ( 'NONE', #5552, #2521, #5122 ) ;
#3949 = ORIENTED_EDGE ( 'NONE', *, *, #4910, .F. ) ;
#3950 = CONTEXT_DEPENDENT_SHAPE_REPRESENTATION ( #6574, #3492 ) ;
#3951 = CARTESIAN_POINT ( 'NONE',  ( 6.500000000000000000, 3.752776749732579908, 3.315247287287305777 ) ) ;
#3952 = CARTESIAN_POINT ( 'NONE',  ( 8.000000000000007105, -8.912771734987943617, 1.249999999999999334 ) ) ;
#3953 = PLANE ( 'NONE',  #4193 ) ;
#3954 = ORIENTED_EDGE ( 'NONE', *, *, #277, .T. ) ;
#3955 = CLOSED_SHELL ( 'NONE', ( #7156, #5650, #2754, #8129, #8299, #134, #266, #7678, #6111, #2367, #7680, #2364, #743, #7354, #181, #1780 ) ) ;
#3956 = ORIENTED_EDGE ( 'NONE', *, *, #2208, .T. ) ;
#3957 = ORIENTED_EDGE ( 'NONE', *, *, #7920, .T. ) ;
#3958 = PRODUCT ( '000401.11.14 \X2\042804420443044604350440\X0\ \X2\041c\X0\16\X2\0445\X0\1,5', '000401.11.14 \X2\042804420443044604350440\X0\ \X2\041c\X0\16\X2\0445\X0\1,5', '', ( #5737 ) ) ;
#3959 = DIRECTION ( 'NONE',  ( 0.000000000000000000, 0.000000000000000000, 1.000000000000000000 ) ) ;
#3960 = CARTESIAN_POINT ( 'NONE',  ( 6.000000000000005329, -3.522414517289958481E-14, -9.500000000000012434 ) ) ;
#3961 = VERTEX_POINT ( 'NONE', #7644 ) ;
#3962 = LINE ( 'NONE', #736, #406 ) ;
#3963 = CARTESIAN_POINT ( 'NONE',  ( 8.999093733400592043, -5.447281602290821034, 0.7685456220538133820 ) ) ;
#3964 = ORIENTED_EDGE ( 'NONE', *, *, #5932, .F. ) ;
#3965 = FACE_OUTER_BOUND ( 'NONE', #307, .T. ) ;
#3966 = ORIENTED_EDGE ( 'NONE', *, *, #1548, .F. ) ;
#3967 = DIRECTION ( 'NONE',  ( -2.527244646315869357E-18, -1.000000000000000000, 2.442490654175333739E-15 ) ) ;
#3968 = CARTESIAN_POINT ( 'NONE',  ( 2.049999999999998934, 9.000000000000001776, -2.549999999999999822 ) ) ;
#3969 = DIRECTION ( 'NONE',  ( 0.000000000000000000, 0.000000000000000000, 1.000000000000000000 ) ) ;
#3970 = VERTEX_POINT ( 'NONE', #4418 ) ;
#3971 = CARTESIAN_POINT ( 'NONE',  ( 35.84112497824247612, 6.500000000000312639, -4.512225020643338524 ) ) ;
#3972 = EDGE_CURVE ( 'NONE', #6207, #2751, #6995, .T. ) ;
#3973 = DIRECTION ( 'NONE',  ( 0.000000000000000000, 0.000000000000000000, 1.000000000000000000 ) ) ;
#3974 = CARTESIAN_POINT ( 'NONE',  ( 7.366074181686025568, 6.764308854074474908, -2.619315352535240393 ) ) ;
#3975 = ADVANCED_FACE ( 'NONE', ( #6563 ), #5559, .F. ) ;
#3976 = APPLICATION_CONTEXT ( 'automotive_design' ) ;
#3977 = FACE_OUTER_BOUND ( 'NONE', #7681, .T. ) ;
#3978 = CARTESIAN_POINT ( 'NONE',  ( 6.907895677509983123, -0.6295824129803373470, 5.465936655499683106 ) ) ;
#3979 = ADVANCED_FACE ( 'NONE', ( #7120 ), #5919, .T. ) ;
#3980 = DIRECTION ( 'NONE',  ( 0.000000000000000000, 0.000000000000000000, -1.000000000000000000 ) ) ;
#3981 = DIRECTION ( 'NONE',  ( 1.000000000000000000, 0.000000000000000000, 0.000000000000000000 ) ) ;
#3982 = CARTESIAN_POINT ( 'NONE',  ( 18.50000000000000000, 0.000000000000000000, 0.000000000000000000 ) ) ;
#3983 = CARTESIAN_POINT ( 'NONE',  ( 0.000000000000000000, 0.000000000000000000, -45.00000000000000000 ) ) ;
#3984 = DIRECTION ( 'NONE',  ( -1.000000000000000000, -1.719470254348916462E-30, 2.290883888735602091E-30 ) ) ;
#3985 = VERTEX_POINT ( 'NONE', #3305 ) ;
#3986 = ITEM_DEFINED_TRANSFORMATION ( 'NONE', 'NONE', #1923,  #1795 ) ;
#3987 = DIRECTION ( 'NONE',  ( 2.465190328815666271E-31, -3.830269434956791642E-15, -1.000000000000000000 ) ) ;
#3988 = EDGE_CURVE ( 'NONE', #4148, #5065, #7249, .T. ) ;
#3989 = PLANE ( 'NONE',  #2010 ) ;
#3990 = CARTESIAN_POINT ( 'NONE',  ( 0.000000000000000000, 0.000000000000000000, 0.000000000000000000 ) ) ;
#3991 = VERTEX_POINT ( 'NONE', #2695 ) ;
#3992 = EDGE_CURVE ( 'NONE', #6544, #2733, #373, .T. ) ;
#3993 = CIRCLE ( 'NONE', #1269, 0.8267903882371103741 ) ;
#3994 = ORIENTED_EDGE ( 'NONE', *, *, #7924, .F. ) ;
#3995 = ORIENTED_EDGE ( 'NONE', *, *, #4363, .F. ) ;
#3996 = CARTESIAN_POINT ( 'NONE',  ( 8.629879541156562084, 1.092033043989491192, 8.933725856206107707 ) ) ;
#3997 = CARTESIAN_POINT ( 'NONE',  ( -13.00536576308671322, 0.000000000000000000, 0.000000000000000000 ) ) ;
#3998 = EDGE_LOOP ( 'NONE', ( #7617, #6896, #6705 ) ) ;
#3999 = DIRECTION ( 'NONE',  ( -0.000000000000000000, 0.000000000000000000, -1.000000000000000000 ) ) ;
#4000 = CARTESIAN_POINT ( 'NONE',  ( 8.000000000000007105, -10.00000000000001776, 1.249999999999999334 ) ) ;
#4001 = VERTEX_POINT ( 'NONE', #1428 ) ;
#4002 = CARTESIAN_POINT ( 'NONE',  ( -13.00536576308671322, 0.000000000000000000, -0.8267903882371103741 ) ) ;
#4003 = PRODUCT_RELATED_PRODUCT_CATEGORY ( 'part', '', ( #3958 ) ) ;
#4004 = VERTEX_POINT ( 'NONE', #6478 ) ;
#4005 = CARTESIAN_POINT ( 'NONE',  ( -4.500000000000000888, 5.510910596163089556E-16, 0.000000000000000000 ) ) ;
#4006 = DIRECTION ( 'NONE',  ( -0.2706098774814998942, 0.9626890952999558326, 0.000000000000000000 ) ) ;
#4007 =( LENGTH_UNIT ( ) NAMED_UNIT ( * ) SI_UNIT ( .MILLI., .METRE. ) );
#4008 = VERTEX_POINT ( 'NONE', #2784 ) ;
#4009 = CARTESIAN_POINT ( 'NONE',  ( -6.928203230275508773, -4.000000000000210498, 4.760898822525247029E-28 ) ) ;
#4010 = CARTESIAN_POINT ( 'NONE',  ( 6.751497144694285524, 7.377383315084115267, -34.86290098348995059 ) ) ;
#4011 = CARTESIAN_POINT ( 'NONE',  ( 0.5999999999999894307, -3.469446951953614189E-15, -4.814824860968089633E-30 ) ) ;
#4012 = EDGE_CURVE ( 'NONE', #6265, #3450, #2609, .T. ) ;
#4013 = CARTESIAN_POINT ( 'NONE',  ( 9.250000000006670220, -7.535954574040065613E-13, -5.500000000001514344 ) ) ;
#4014 = CARTESIAN_POINT ( 'NONE',  ( 7.369365894869215339, 1.091471888421385428, -5.390990966400553752 ) ) ;
#4015 = CYLINDRICAL_SURFACE ( 'NONE', #7126, 9.000000000000010658 ) ;
#4016 = DIRECTION ( 'NONE',  ( 0.000000000000000000, 2.442490654175355433E-15, -1.000000000000000000 ) ) ;
#4017 = CARTESIAN_POINT ( 'NONE',  ( 0.9999999999999995559, -0.5773502691896262862, -1.040577039435783613 ) ) ;
#4018 = CARTESIAN_POINT ( 'NONE',  ( 14.00000000000001243, -2.489675132721917644E-14, -6.500000000000007105 ) ) ;
#4019 = CARTESIAN_POINT ( 'NONE',  ( -5.138896913693119295, 7.390931021992023453, -28.24187703768474833 ) ) ;
#4020 = DIRECTION ( 'NONE',  ( -1.000000000000000000, -2.536951011547150738E-31, -2.465190328815656637E-31 ) ) ;
#4021 = DIRECTION ( 'NONE',  ( -1.000000000000000000, -2.536951011547150738E-31, -2.465190328815656637E-31 ) ) ;
#4022 = ORIENTED_EDGE ( 'NONE', *, *, #3686, .T. ) ;
#4023 = EDGE_CURVE ( 'NONE', #5610, #763, #7163, .T. ) ;
#4024 = CARTESIAN_POINT ( 'NONE',  ( 12.00000000000001066, -3.469446951953618922E-15, -1.733336949948512268E-30 ) ) ;
#4025 = EDGE_CURVE ( 'NONE', #7488, #7078, #3733, .T. ) ;
#4026 = FILL_AREA_STYLE_COLOUR ( '', #2642 ) ;
#4027 = EDGE_CURVE ( 'NONE', #3804, #8088, #6646, .T. ) ;
#4028 = AXIS2_PLACEMENT_3D ( 'NONE', #6992, #7507, #380 ) ;
#4029 = FACE_OUTER_BOUND ( 'NONE', #6678, .T. ) ;
#4030 = DIRECTION ( 'NONE',  ( -0.000000000000000000, -0.000000000000000000, -1.000000000000000000 ) ) ;
#4031 = EDGE_LOOP ( 'NONE', ( #3198, #7535, #6267, #5085 ) ) ;
#4032 = VERTEX_POINT ( 'NONE', #149 ) ;
#4033 = EDGE_CURVE ( 'NONE', #4930, #8292, #1953, .T. ) ;
#4034 = ORIENTED_EDGE ( 'NONE', *, *, #4688, .T. ) ;
#4035 = DIRECTION ( 'NONE',  ( -0.4999999999999996669, 0.000000000000000000, 0.8660254037844388186 ) ) ;
#4036 = AXIS2_PLACEMENT_3D ( 'NONE', #5693, #8212, #8295 ) ;
#4037 = EDGE_CURVE ( 'NONE', #393, #5305, #2614, .T. ) ;
#4038 = VERTEX_POINT ( 'NONE', #1985 ) ;
#4039 = CARTESIAN_POINT ( 'NONE',  ( -9.000000000000000000, 0.000000000000000000, -41.39999999999992752 ) ) ;
#4040 = CARTESIAN_POINT ( 'NONE',  ( 0.5999999999999894307, -4.177214130152157794E-14, -10.00000000000001421 ) ) ;
#4041 = VERTEX_POINT ( 'NONE', #4616 ) ;
#4042 = CARTESIAN_POINT ( 'NONE',  ( 7.556271208071566825, -7.834447611423418500, -7.556271208071573042 ) ) ;
#4043 = CIRCLE ( 'NONE', #7026, 1.800000000000000044 ) ;
#4044 = EDGE_CURVE ( 'NONE', #654, #1114, #6238, .T. ) ;
#4045 = ORIENTED_EDGE ( 'NONE', *, *, #4453, .F. ) ;
#4046 = CARTESIAN_POINT ( 'NONE',  ( 8.631023484348899544, 1.091397301669735365, -5.391009867083504048 ) ) ;
#4047 = CARTESIAN_POINT ( 'NONE',  ( 7.445177591277762907, 1.123118452141489199, 8.929703749457020834 ) ) ;
#4048 = ORIENTED_EDGE ( 'NONE', *, *, #3351, .F. ) ;
#4049 = CARTESIAN_POINT ( 'NONE',  ( -1.076926658619641097, -6.883789603213592123, 3.548785418545384651 ) ) ;
#4050 = AXIS2_PLACEMENT_3D ( 'NONE', #3535, #7425, #8030 ) ;
#4051 = DIRECTION ( 'NONE',  ( 0.000000000000000000, 3.830269434956790853E-15, 1.000000000000000000 ) ) ;
#4052 = DIRECTION ( 'NONE',  ( 0.000000000000000000, 0.000000000000000000, 1.000000000000000000 ) ) ;
#4053 = DIRECTION ( 'NONE',  ( -1.000000000000000000, -2.536951011547150738E-31, -2.465190328815656637E-31 ) ) ;
#4054 = AXIS2_PLACEMENT_3D ( 'NONE', #4794, #762, #2750 ) ;
#4055 = FACE_OUTER_BOUND ( 'NONE', #6942, .T. ) ;
#4056 = CARTESIAN_POINT ( 'NONE',  ( 10.00000000000002309, 1.224646799147354834E-15, -10.00000000000001421 ) ) ;
#4057 = CARTESIAN_POINT ( 'NONE',  ( 8.000000000000007105, -1.249999999999980682, 5.356071321407141816 ) ) ;
#4058 =( GEOMETRIC_REPRESENTATION_CONTEXT ( 3 ) GLOBAL_UNCERTAINTY_ASSIGNED_CONTEXT ( ( #705 ) ) GLOBAL_UNIT_ASSIGNED_CONTEXT ( ( #2391, #4272, #5706 ) ) REPRESENTATION_CONTEXT ( 'NONE', 'WORKASPACE' ) );
#4059 = EDGE_CURVE ( 'NONE', #5513, #1828, #7794, .T. ) ;
#4060 = CARTESIAN_POINT ( 'NONE',  ( 14.00000000000001243, 1.848892746611772763E-29, -1.714077650504639909E-29 ) ) ;
#4061 = FACE_OUTER_BOUND ( 'NONE', #1141, .T. ) ;
#4062 = VECTOR ( 'NONE', #8396, 1000.000000000000000 ) ;
#4063 = CIRCLE ( 'NONE', #4480, 3.000000000000006217 ) ;
#4064 = DIRECTION ( 'NONE',  ( 0.000000000000000000, 0.000000000000000000, 1.000000000000000000 ) ) ;
#4065 = CARTESIAN_POINT ( 'NONE',  ( -5.691712619531212880, 6.973491967282561710, -28.91935167974060050 ) ) ;
#4066 = CARTESIAN_POINT ( 'NONE',  ( 4.907477288111819824, 8.900000000000002132, 8.500000000000007105 ) ) ;
#4067 = CARTESIAN_POINT ( 'NONE',  ( 9.091452008749099534, -0.6306735608442745056, 5.465805125406087761 ) ) ;
#4068 = ORIENTED_EDGE ( 'NONE', *, *, #573, .F. ) ;
#4069 = CARTESIAN_POINT ( 'NONE',  ( -2.050000000000000711, 2.000000000000000000, 2.049999999999999822 ) ) ;
#4070 = CARTESIAN_POINT ( 'NONE',  ( 18.50000000000000000, 0.000000000000000000, -7.249999999999997335 ) ) ;
#4071 = VECTOR ( 'NONE', #5718, 1000.000000000000000 ) ;
#4072 = CARTESIAN_POINT ( 'NONE',  ( 0.9999999999999995559, 6.487882012893264572E-13, -1.129893436919176652 ) ) ;
#4073 = CYLINDRICAL_SURFACE ( 'NONE', #623, 4.000000000000005329 ) ;
#4074 = ORIENTED_EDGE ( 'NONE', *, *, #2115, .T. ) ;
#4075 = CIRCLE ( 'NONE', #3546, 0.2999999999999999334 ) ;
#4076 = ORIENTED_EDGE ( 'NONE', *, *, #8171, .F. ) ;
#4077 = TOROIDAL_SURFACE ( 'NONE', #387, 6.300000000000000711, 0.1999999999999996503 ) ;
#4078 = EDGE_CURVE ( 'NONE', #3784, #5499, #4215, .T. ) ;
#4079 = ADVANCED_FACE ( 'NONE', ( #6771 ), #5825, .T. ) ;
#4080 = EDGE_LOOP ( 'NONE', ( #1281, #5226, #7396, #2264 ) ) ;
#4081 = CARTESIAN_POINT ( 'NONE',  ( 0.000000000000000000, 4.500000000000193623, -1.099120794378946469E-14 ) ) ;
#4082 = VECTOR ( 'NONE', #641, 1000.000000000000114 ) ;
#4083 = B_SPLINE_CURVE_WITH_KNOTS ( 'NONE', 3,
 ( #6928, #7612, #2424, #1877, #6294, #7052, #1227, #2546, #7006, #3789, #6415, #7654, #5145, #566, #1181, #7096, #5739, #1807, #2385, #7739, #1925, #3153 ),
 .UNSPECIFIED., .F., .F.,
 ( 4, 2, 2, 2, 2, 2, 2, 2, 2, 2, 4 ),
 ( 0.000000000000000000, 0.0004890994939836181173, 0.0009781989879672362345, 0.001467298481950853918, 0.001956397975934471602, 0.002200947722926280010, 0.002445497469918088852, 0.002934596963901706101, 0.003423696457885323785, 0.003668246204877130458, 0.003912795951868936264 ),
 .UNSPECIFIED. ) ;
#4084 =( NAMED_UNIT ( * ) PLANE_ANGLE_UNIT ( ) SI_UNIT ( $, .RADIAN. ) );
#4085 =( GEOMETRIC_REPRESENTATION_CONTEXT ( 3 ) GLOBAL_UNCERTAINTY_ASSIGNED_CONTEXT ( ( #3807 ) ) GLOBAL_UNIT_ASSIGNED_CONTEXT ( ( #18, #4488, #6555 ) ) REPRESENTATION_CONTEXT ( 'NONE', 'WORKASPACE' ) );
#4086 = EDGE_CURVE ( 'NONE', #731, #6616, #6915, .T. ) ;
#4087 = CARTESIAN_POINT ( 'NONE',  ( -0.9999999999999991118, 1.530808498934191078E-16, -7.649999999999997691 ) ) ;
#4088 = CARTESIAN_POINT ( 'NONE',  ( 103.0000000000000142, 4.286263797015725255E-16, -2.999999999999988898 ) ) ;
#4089 = VERTEX_POINT ( 'NONE', #4908 ) ;
#4090 = CARTESIAN_POINT ( 'NONE',  ( 10.00000000000002309, 1.224646799147354834E-15, -10.00000000000001421 ) ) ;
#4091 =( REPRESENTATION_RELATIONSHIP ('NONE','NONE', #7407, #3626 ) REPRESENTATION_RELATIONSHIP_WITH_TRANSFORMATION ( #1179 )SHAPE_REPRESENTATION_RELATIONSHIP( ) );
#4092 = CONICAL_SURFACE ( 'NONE', #3826, 4.600000000000005862, 0.7853981633974481680 ) ;
#4093 = CARTESIAN_POINT ( 'NONE',  ( 18.50000000000000000, 8.878689293818319935E-16, 7.250000000000006217 ) ) ;
#4094 = ADVANCED_FACE ( 'NONE', ( #7413 ), #3605, .T. ) ;
#4095 = DIRECTION ( 'NONE',  ( -1.000000000000000000, -0.000000000000000000, -0.000000000000000000 ) ) ;
#4096 = DIRECTION ( 'NONE',  ( 0.9999999999999997780, 0.000000000000000000, 0.000000000000000000 ) ) ;
#4097 = LINE ( 'NONE', #4139, #2433 ) ;
#4098 = VERTEX_POINT ( 'NONE', #4788 ) ;
#4099 = CARTESIAN_POINT ( 'NONE',  ( 2.156813347000169134, 6.260316732982821541, 0.3073015595634567831 ) ) ;
#4100 = PRODUCT ( '000401.10.10 \X2\041f04300442044004430431043e043a\X0\_0..20', '000401.10.10 \X2\041f04300442044004430431043e043a\X0\_0..20', '', ( #4467 ) ) ;
#4101 = CARTESIAN_POINT ( 'NONE',  ( 0.000000000000000000, -8.500000000000028422, -4.013726448077940212 ) ) ;
#4102 = DIRECTION ( 'NONE',  ( -0.000000000000000000, -0.000000000000000000, -1.000000000000000000 ) ) ;
#4103 = CARTESIAN_POINT ( 'NONE',  ( 7.672143866645382282, -8.917534537218511304, -1.217179027124183799 ) ) ;
#4104 = AXIS2_PLACEMENT_3D ( 'NONE', #4599, #2055, #3290 ) ;
#4105 = CARTESIAN_POINT ( 'NONE',  ( 20.00000000000000000, 0.000000000000000000, 0.000000000000000000 ) ) ;
#4106 = CARTESIAN_POINT ( 'NONE',  ( 9.999999999999998224, 4.298348979092944333, -10.00000000000000711 ) ) ;
#4107 = CARTESIAN_POINT ( 'NONE',  ( 8.994019864503609796, -0.7622883860859991367, -8.967917698138482052 ) ) ;
#4108 = CYLINDRICAL_SURFACE ( 'NONE', #1711, 5.500000000000006217 ) ;
#4109 = CARTESIAN_POINT ( 'NONE',  ( 4.898587196589766830E-16, -9.769962616701825629E-15, 4.000000000000165201 ) ) ;
#4110 = CARTESIAN_POINT ( 'NONE',  ( 30.10836185431357848, -6.500000000000460965, 5.051326137853089371 ) ) ;
#4111 = CARTESIAN_POINT ( 'NONE',  ( 0.5999999999999894307, -3.469446951953614189E-15, -4.814824860968089633E-30 ) ) ;
#4112 = DIRECTION ( 'NONE',  ( 1.000000000000000000, 0.000000000000000000, 0.000000000000000000 ) ) ;
#4113 = PLANE ( 'NONE',  #7885 ) ;
#4114 = CARTESIAN_POINT ( 'NONE',  ( 10.35625717197602924, -1.549131721827276431, 6.062929579836569438 ) ) ;
#4115 = ORIENTED_EDGE ( 'NONE', *, *, #1537, .T. ) ;
#4116 = CONTEXT_DEPENDENT_SHAPE_REPRESENTATION ( #5125, #2200 ) ;
#4117 = CARTESIAN_POINT ( 'NONE',  ( -11.00000000000001066, -4.500000000000192735, 1.099120794378950098E-14 ) ) ;
#4118 = CARTESIAN_POINT ( 'NONE',  ( 0.000000000000000000, 0.000000000000000000, 0.000000000000000000 ) ) ;
#4119 = DIRECTION ( 'NONE',  ( -1.000000000000000000, -2.536951011547150738E-31, -2.465190328815656637E-31 ) ) ;
#4120 = CARTESIAN_POINT ( 'NONE',  ( 6.500000000000005329, 0.000000000000000000, -1.642146637880645005E-44 ) ) ;
#4121 = ORIENTED_EDGE ( 'NONE', *, *, #8137, .F. ) ;
#4122 = ORIENTED_EDGE ( 'NONE', *, *, #6559, .T. ) ;
#4123 = ORIENTED_EDGE ( 'NONE', *, *, #899, .F. ) ;
#4124 = DIRECTION ( 'NONE',  ( 0.000000000000000000, 0.000000000000000000, -1.000000000000000000 ) ) ;
#4125 = EDGE_CURVE ( 'NONE', #1800, #738, #5418, .T. ) ;
#4126 = ORIENTED_EDGE ( 'NONE', *, *, #5185, .T. ) ;
#4127 = DIRECTION ( 'NONE',  ( -2.465190328815666271E-31, -2.536951011547176137E-31, -1.000000000000000000 ) ) ;
#4128 = ADVANCED_FACE ( 'NONE', ( #6095 ), #1688, .F. ) ;
#4129 = EDGE_CURVE ( 'NONE', #7323, #6851, #6045, .T. ) ;
#4130 = DIRECTION ( 'NONE',  ( 0.000000000000000000, 0.000000000000000000, 1.000000000000000000 ) ) ;
#4131 = CARTESIAN_POINT ( 'NONE',  ( -9.000000000000000000, 0.1045346517700145583, -44.59999999999990905 ) ) ;
#4132 = VERTEX_POINT ( 'NONE', #6224 ) ;
#4133 = CIRCLE ( 'NONE', #3734, 9.000000000000000000 ) ;
#4134 = CARTESIAN_POINT ( 'NONE',  ( 36.00000000000000711, -1.020811428674705332E-14, 4.400000000000182432 ) ) ;
#4135 = EDGE_LOOP ( 'NONE', ( #4482, #8175, #5256, #4896 ) ) ;
#4136 = CARTESIAN_POINT ( 'NONE',  ( 12.00000000000001066, -3.337024279537850687E-14, -9.000000000000000000 ) ) ;
#4137 = CARTESIAN_POINT ( 'NONE',  ( 6.749999999999998224, 2.755455298081544285E-16, -2.250000000000000000 ) ) ;
#4138 = EDGE_CURVE ( 'NONE', #5499, #3900, #1598, .T. ) ;
#4139 = CARTESIAN_POINT ( 'NONE',  ( -2.662405555120905384E-30, -3.337024279537855104E-14, -9.000000000000010658 ) ) ;
#4140 = VERTEX_POINT ( 'NONE', #8059 ) ;
#4141 = ADVANCED_FACE ( 'NONE', ( #189 ), #84, .T. ) ;
#4142 = DIRECTION ( 'NONE',  ( 0.000000000000000000, 2.442490654175355433E-15, -1.000000000000000000 ) ) ;
#4143 = EDGE_LOOP ( 'NONE', ( #2674, #2310, #7266, #368, #127, #2773 ) ) ;
#4144 = CARTESIAN_POINT ( 'NONE',  ( 10.00000000000000000, 0.000000000000000000, -45.00000000000000000 ) ) ;
#4145 = CYLINDRICAL_SURFACE ( 'NONE', #1629, 8.500000000000351719 ) ;
#4146 = DIRECTION ( 'NONE',  ( 0.000000000000000000, 3.830269434956791642E-15, 1.000000000000000000 ) ) ;
#4147 =( GEOMETRIC_REPRESENTATION_CONTEXT ( 3 ) GLOBAL_UNCERTAINTY_ASSIGNED_CONTEXT ( ( #4991 ) ) GLOBAL_UNIT_ASSIGNED_CONTEXT ( ( #4754, #724, #204 ) ) REPRESENTATION_CONTEXT ( 'NONE', 'WORKASPACE' ) );
#4148 = VERTEX_POINT ( 'NONE', #7374 ) ;
#4149 = ADVANCED_FACE ( 'NONE', ( #6856 ), #8012, .F. ) ;
#4150 = DIRECTION ( 'NONE',  ( 1.898196553187937393E-30, 1.000000000000000000, -2.442490654175333739E-15 ) ) ;
#4151 = CONICAL_SURFACE ( 'NONE', #8224, 3.400000000000134914, 1.047197551196595411 ) ;
#4152 = EDGE_CURVE ( 'NONE', #1405, #6496, #895, .T. ) ;
#4153 = DIRECTION ( 'NONE',  ( 0.000000000000000000, 1.000000000000000000, 0.000000000000000000 ) ) ;
#4154 = PRODUCT ( '\X2\0413041e04210422\X0\ 5916-70_\X2\041304300439043a0430\X0\ M8 \X2\0413041e04210422\X0\ 5916-70', '\X2\0413041e04210422\X0\ 5916-70_\X2\041304300439043a0430\X0\ M8 \X2\0413041e04210422\X0\ 5916-70', '', ( #3709 ) ) ;
#4155 = CARTESIAN_POINT ( 'NONE',  ( 6.000000000000000000, 0.000000000000000000, 7.000000000000000000 ) ) ;
#4156 = FACE_BOUND ( 'NONE', #4892, .T. ) ;
#4157 = CARTESIAN_POINT ( 'NONE',  ( 4.907477288111819824, 8.900000000000002132, 8.500000000000007105 ) ) ;
#4158 = CARTESIAN_POINT ( 'NONE',  ( -0.4882196938211558757, 9.000000000000000000, -26.00000000000002487 ) ) ;
#4159 = DIRECTION ( 'NONE',  ( -1.000000000000000000, -1.719470254348916462E-30, 2.290883888735602091E-30 ) ) ;
#4160 = CYLINDRICAL_SURFACE ( 'NONE', #3381, 4.000000000000165201 ) ;
#4161 = ORIENTED_EDGE ( 'NONE', *, *, #3935, .F. ) ;
#4162 = DIRECTION ( 'NONE',  ( -1.000000000000000000, 2.527244646312397676E-18, 2.284402040327631027E-30 ) ) ;
#4163 = CARTESIAN_POINT ( 'NONE',  ( 0.000000000000000000, 11.00000000000000178, 0.000000000000000000 ) ) ;
#4164 = DIRECTION ( 'NONE',  ( -1.000000000000000000, 0.000000000000000000, 0.000000000000000000 ) ) ;
#4165 = CARTESIAN_POINT ( 'NONE',  ( 0.000000000000000000, 0.000000000000000000, 7.000000000000000000 ) ) ;
#4166 = EDGE_LOOP ( 'NONE', ( #1108, #4216, #8254, #315 ) ) ;
#4167 = ORIENTED_EDGE ( 'NONE', *, *, #258, .T. ) ;
#4168 = ORIENTED_EDGE ( 'NONE', *, *, #2951, .T. ) ;
#4169 = LINE ( 'NONE', #3623, #347 ) ;
#4170 = VERTEX_POINT ( 'NONE', #3643 ) ;
#4171 = DIRECTION ( 'NONE',  ( -1.000000000000000000, 3.441691376337985275E-15, 2.465190328815661454E-31 ) ) ;
#4172 = CARTESIAN_POINT ( 'NONE',  ( 0.000000000000000000, 4.500000000000205169, -4.337337893224547436 ) ) ;
#4173 = CARTESIAN_POINT ( 'NONE',  ( 6.500000000000001776, -2.505056633915403452, 3.549513190593599266 ) ) ;
#4174 = ORIENTED_EDGE ( 'NONE', *, *, #3677, .T. ) ;
#4175 = ORIENTED_EDGE ( 'NONE', *, *, #3203, .T. ) ;
#4176 = FACE_OUTER_BOUND ( 'NONE', #6456, .T. ) ;
#4177 = ADVANCED_FACE ( 'NONE', ( #2237, #7333 ), #2143, .T. ) ;
#4178 = CARTESIAN_POINT ( 'NONE',  ( 0.000000000000000000, 0.000000000000000000, 0.000000000000000000 ) ) ;
#4179 = CARTESIAN_POINT ( 'NONE',  ( 8.000000000000007105, 1.250000000000030420, 8.912771734987938288 ) ) ;
#4180 = EDGE_LOOP ( 'NONE', ( #5664, #1920 ) ) ;
#4181 = DIRECTION ( 'NONE',  ( -0.000000000000000000, -0.000000000000000000, 1.000000000000000000 ) ) ;
#4182 = VECTOR ( 'NONE', #3710, 1000.000000000000000 ) ;
#4183 = DIRECTION ( 'NONE',  ( 0.000000000000000000, 0.000000000000000000, -1.000000000000000000 ) ) ;
#4184 = VERTEX_POINT ( 'NONE', #3519 ) ;
#4185 = CARTESIAN_POINT ( 'NONE',  ( 6.529908853628306531, 7.574535355013245486, -30.46798891351140526 ) ) ;
#4186 = CARTESIAN_POINT ( 'NONE',  ( 0.000000000000000000, 0.000000000000000000, -1.039999999999999813 ) ) ;
#4187 = EDGE_CURVE ( 'NONE', #4515, #3684, #8228, .T. ) ;
#4188 = ORIENTED_EDGE ( 'NONE', *, *, #6262, .T. ) ;
#4189 = EDGE_CURVE ( 'NONE', #4563, #3045, #4837, .T. ) ;
#4190 = ADVANCED_FACE ( 'NONE', ( #3855 ), #3691, .T. ) ;
#4191 = DIRECTION ( 'NONE',  ( 2.290883888735606295E-30, -2.442490654175355433E-15, 1.000000000000000000 ) ) ;
#4192 = CARTESIAN_POINT ( 'NONE',  ( 9.814954576223639648, 8.900000000000002132, -3.622444160865513523E-15 ) ) ;
#4193 = AXIS2_PLACEMENT_3D ( 'NONE', #3583, #1570, #7982 ) ;
#4194 = DIRECTION ( 'NONE',  ( 0.000000000000000000, 3.830269434956791642E-15, 1.000000000000000000 ) ) ;
#4195 = DIRECTION ( 'NONE',  ( 2.958228394578779381E-31, 3.830269434956791642E-15, 1.000000000000000000 ) ) ;
#4196 = CARTESIAN_POINT ( 'NONE',  ( 9.250000000000008882, 3.447242491461116738E-14, 9.000000000000010658 ) ) ;
#4197 = EDGE_CURVE ( 'NONE', #7472, #2976, #456, .T. ) ;
#4198 = CARTESIAN_POINT ( 'NONE',  ( 0.000000000000000000, 0.000000000000000000, 0.000000000000000000 ) ) ;
#4199 = CIRCLE ( 'NONE', #2025, 7.500000000000009770 ) ;
#4200 = EDGE_CURVE ( 'NONE', #6557, #3985, #3676, .T. ) ;
#4201 = LINE ( 'NONE', #423, #1247 ) ;
#4202 = PLANE ( 'NONE',  #4620 ) ;
#4203 = PRESENTATION_LAYER_ASSIGNMENT (  '', '', ( #7588 ) ) ;
#4204 = CARTESIAN_POINT ( 'NONE',  ( 8.998318043015524736, -0.7695436955690483360, 5.447137681853848612 ) ) ;
#4205 = ORIENTED_EDGE ( 'NONE', *, *, #8115, .F. ) ;
#4206 = AXIS2_PLACEMENT_3D ( 'NONE', #7892, #4579, #2702 ) ;
#4207 = SURFACE_SIDE_STYLE ('',( #2285 ) ) ;
#4208 = COLOUR_RGB ( '',0.7921568627450980005, 0.8196078431372548767, 0.9333333333333333481 ) ;
#4209 = APPLICATION_CONTEXT ( 'automotive_design' ) ;
#4210 = DIRECTION ( 'NONE',  ( -1.000000000000000000, -1.719470254348916462E-30, 2.290883888735602091E-30 ) ) ;
#4211 = FACE_OUTER_BOUND ( 'NONE', #3294, .T. ) ;
#4212 = DIRECTION ( 'NONE',  ( -0.8660254037844387076, -0.4999999999999997224, 0.000000000000000000 ) ) ;
#4213 = ORIENTED_EDGE ( 'NONE', *, *, #8322, .T. ) ;
#4214 = EDGE_CURVE ( 'NONE', #3961, #7078, #418, .T. ) ;
#4215 = CIRCLE ( 'NONE', #4743, 5.200000000000000178 ) ;
#4216 = ORIENTED_EDGE ( 'NONE', *, *, #6094, .F. ) ;
#4217 = CARTESIAN_POINT ( 'NONE',  ( 0.000000000000000000, 0.000000000000000000, -1.649999999999999023 ) ) ;
#4218 = ORIENTED_EDGE ( 'NONE', *, *, #7438, .T. ) ;
#4219 = APPLICATION_PROTOCOL_DEFINITION ( 'draft international standard', 'automotive_design', 1998, #980 ) ;
#4220 = SHAPE_REPRESENTATION ( '000401.30 \X2\041a0430044204430448043a0430\X0\_0..20', ( #5578, #4767, #1923 ), #1092 ) ;
#4221 = AXIS2_PLACEMENT_3D ( 'NONE', #142, #800, #3424 ) ;
#4222 = CARTESIAN_POINT ( 'NONE',  ( 0.9999999999999991118, 0.000000000000000000, -7.649999999999997691 ) ) ;
#4223 = CARTESIAN_POINT ( 'NONE',  ( -9.000000000000000000, -1.026678802317990234E-22, -44.59999999999992326 ) ) ;
#4224 = EDGE_LOOP ( 'NONE', ( #4395, #5769, #3209, #6255 ) ) ;
#4225 = VECTOR ( 'NONE', #4948, 1000.000000000000000 ) ;
#4226 = ORIENTED_EDGE ( 'NONE', *, *, #7708, .T. ) ;
#4227 = CONICAL_SURFACE ( 'NONE', #2051, 2.499999999999998224, 0.7853981633974500554 ) ;
#4228 = PRODUCT ( '000401.20.12 \X2\042104350440043404350447043d0438043a\X0\_0..20', '000401.20.12 \X2\042104350440043404350447043d0438043a\X0\_0..20', '', ( #5611 ) ) ;
#4229 = FACE_BOUND ( 'NONE', #4456, .T. ) ;
#4230 = VERTEX_POINT ( 'NONE', #3048 ) ;
#4231 = DIRECTION ( 'NONE',  ( 0.000000000000000000, 0.000000000000000000, 1.000000000000000000 ) ) ;
#4232 = ORIENTED_EDGE ( 'NONE', *, *, #7820, .T. ) ;
#4233 = FACE_OUTER_BOUND ( 'NONE', #7228, .T. ) ;
#4234 = VERTEX_POINT ( 'NONE', #1776 ) ;
#4235 = AXIS2_PLACEMENT_3D ( 'NONE', #2946, #8256, #3672 ) ;
#4236 = CARTESIAN_POINT ( 'NONE',  ( 3.170672659151735129, 9.494221684495641966, -26.74234759091626046 ) ) ;
#4237 = FACE_OUTER_BOUND ( 'NONE', #4667, .T. ) ;
#4238 = VERTEX_POINT ( 'NONE', #5048 ) ;
#4239 = DIRECTION ( 'NONE',  ( 0.000000000000000000, 0.000000000000000000, -1.000000000000000000 ) ) ;
#4240 = DIRECTION ( 'NONE',  ( -1.000000000000000000, 0.000000000000000000, 0.000000000000000000 ) ) ;
#4241 = ADVANCED_FACE ( 'NONE', ( #4371 ), #379, .T. ) ;
#4242 = CARTESIAN_POINT ( 'NONE',  ( 8.768287054539868564, -0.9994037669754148867, -8.945087992155267287 ) ) ;
#4243 = CARTESIAN_POINT ( 'NONE',  ( 6.999999999999999112, 0.000000000000000000, 0.000000000000000000 ) ) ;
#4244 = CARTESIAN_POINT ( 'NONE',  ( 6.790222724299791679, -5.490975958000086976, -0.3250216173996877123 ) ) ;
#4246 = AXIS2_PLACEMENT_3D ( 'NONE', #3778, #5764, #3183 ) ;
#4245 =( GEOMETRIC_REPRESENTATION_CONTEXT ( 3 ) GLOBAL_UNCERTAINTY_ASSIGNED_CONTEXT ( ( #5754 ) ) GLOBAL_UNIT_ASSIGNED_CONTEXT ( ( #4982, #7487, #2671 ) ) REPRESENTATION_CONTEXT ( 'NONE', 'WORKASPACE' ) );
#4247 = AXIS2_PLACEMENT_3D ( 'NONE', #6504, #7910, #5868 ) ;
#4248 = CARTESIAN_POINT ( 'NONE',  ( -6.793109227581805859E-16, 7.505553499465146494, 0.6847527127126998847 ) ) ;
#4249 = EDGE_CURVE ( 'NONE', #7521, #7350, #4491, .T. ) ;
#4250 = PRESENTATION_LAYER_ASSIGNMENT (  '', '', ( #3160 ) ) ;
#4251 = CARTESIAN_POINT ( 'NONE',  ( 0.9999999999999993339, 0.3894029122062717674, -1.089977330698539637 ) ) ;
#4252 = CARTESIAN_POINT ( 'NONE',  ( 5.500000000000005329, -3.707804755042056810E-14, -10.00000000000000000 ) ) ;
#4253 =( NAMED_UNIT ( * ) PLANE_ANGLE_UNIT ( ) SI_UNIT ( $, .RADIAN. ) );
#4254 = ORIENTED_EDGE ( 'NONE', *, *, #1383, .F. ) ;
#4255 = DIRECTION ( 'NONE',  ( -0.000000000000000000, -0.000000000000000000, 1.000000000000000000 ) ) ;
#4256 = CARTESIAN_POINT ( 'NONE',  ( 0.000000000000000000, 2.000000000000000000, 0.000000000000000000 ) ) ;
#4257 = DIRECTION ( 'NONE',  ( -1.000000000000000000, -2.536951011547129719E-31, 2.958228394578789015E-31 ) ) ;
#4258 = DIRECTION ( 'NONE',  ( -0.8660254037844397068, 1.060575238724908147E-16, 0.4999999999999979461 ) ) ;
#4259 = ORIENTED_EDGE ( 'NONE', *, *, #4125, .F. ) ;
#4260 = ORIENTED_EDGE ( 'NONE', *, *, #5691, .T. ) ;
#4261 = CARTESIAN_POINT ( 'NONE',  ( 7.369118382597439343, 1.091531466435778475, 5.390983552330019357 ) ) ;
#4262 = EDGE_CURVE ( 'NONE', #273, #4402, #6921, .T. ) ;
#4263 = ORIENTED_EDGE ( 'NONE', *, *, #8065, .T. ) ;
#4264 = APPLICATION_PROTOCOL_DEFINITION ( 'draft international standard', 'automotive_design', 1998, #5720 ) ;
#4265 = AXIS2_PLACEMENT_3D ( 'NONE', #2297, #7394, #4130 ) ;
#4266 = CARTESIAN_POINT ( 'NONE',  ( 8.835786437626946821, 4.500000000000189182, -4.337337893224564311 ) ) ;
#4267 = DIRECTION ( 'NONE',  ( 0.000000000000000000, 3.830269434956791642E-15, 1.000000000000000000 ) ) ;
#4268 = ORIENTED_EDGE ( 'NONE', *, *, #985, .F. ) ;
#4269 = ORIENTED_EDGE ( 'NONE', *, *, #4696, .F. ) ;
#4270 =( BOUNDED_CURVE ( )  B_SPLINE_CURVE ( 3, ( #6115, #262, #5479, #8071 ),
 .UNSPECIFIED., .F., .F. ) 
 B_SPLINE_CURVE_WITH_KNOTS ( ( 4, 4 ),
 ( 1.932163450701605001, 3.141592653589793116 ),
 .UNSPECIFIED. ) 
 CURVE ( )  GEOMETRIC_REPRESENTATION_ITEM ( )  RATIONAL_B_SPLINE_CURVE ( ( 1.000000000000000000, 0.8817762586720242490, 0.8817762586720242490, 1.000000000000000000 ) ) 
 REPRESENTATION_ITEM ( '' )  );
#4271 = DIRECTION ( 'NONE',  ( -2.527244646315869357E-18, -1.000000000000000000, 2.442490654175333739E-15 ) ) ;
#4272 =( NAMED_UNIT ( * ) PLANE_ANGLE_UNIT ( ) SI_UNIT ( $, .RADIAN. ) );
#4273 = EDGE_LOOP ( 'NONE', ( #7837, #2897 ) ) ;
#4274 = CARTESIAN_POINT ( 'NONE',  ( 6.749999999999998224, 2.755455298081544285E-16, -2.250000000000000000 ) ) ;
#4275 = CARTESIAN_POINT ( 'NONE',  ( 2.049999999999998934, 9.000000000000001776, -2.049999999999999822 ) ) ;
#4276 = ORIENTED_EDGE ( 'NONE', *, *, #4451, .T. ) ;
#4277 = CARTESIAN_POINT ( 'NONE',  ( 10.00000000000002309, 0.000000000000000000, 10.00000000000001421 ) ) ;
#4278 = CLOSED_SHELL ( 'NONE', ( #7309, #6317, #8192, #4448, #6739, #5659, #362, #2390, #4190, #1330, #5260, #2735, #2312, #8154, #7034, #5797, #5051, #5831, #607 ) ) ;
#4279 = ORIENTED_EDGE ( 'NONE', *, *, #3304, .F. ) ;
#4280 = ADVANCED_FACE ( 'NONE', ( #1858 ), #4447, .F. ) ;
#4281 = SURFACE_SIDE_STYLE ('',( #6986 ) ) ;
#4282 = DIRECTION ( 'NONE',  ( -1.000000000000000000, -2.536951011547150738E-31, -2.465190328815656637E-31 ) ) ;
#4283 = CARTESIAN_POINT ( 'NONE',  ( 26.75735931288070191, 8.628166150854908547E-29, -4.891862058743579067E-29 ) ) ;
#4284 = EDGE_CURVE ( 'NONE', #6944, #7405, #5564, .T. ) ;
#4285 = CARTESIAN_POINT ( 'NONE',  ( 9.503563286269178789, -4.753563286269425703, 4.058311382307943305 ) ) ;
#4286 = CARTESIAN_POINT ( 'NONE',  ( -12.00099999999998346, 6.500000000000325961, 5.080600358225518143 ) ) ;
#4287 = AXIS2_PLACEMENT_3D ( 'NONE', #2651, #5848, #5884 ) ;
#4288 = CARTESIAN_POINT ( 'NONE',  ( 28.99999999999999645, -6.500000000000391687, -4.060808974781328295 ) ) ;
#4289 = CARTESIAN_POINT ( 'NONE',  ( 6.000000000000005329, 0.000000000000000000, 1.642146637880645005E-44 ) ) ;
#4290 =( LENGTH_UNIT ( ) NAMED_UNIT ( * ) SI_UNIT ( .MILLI., .METRE. ) );
#4291 = EDGE_CURVE ( 'NONE', #3721, #5264, #2308, .T. ) ;
#4292 = ORIENTED_EDGE ( 'NONE', *, *, #7889, .T. ) ;
#4293 = DIRECTION ( 'NONE',  ( 2.958228394578779819E-31, 3.830269434956790853E-15, 1.000000000000000000 ) ) ;
#4294 = CYLINDRICAL_SURFACE ( 'NONE', #5685, 0.5000000000000000000 ) ;
#4295 = CARTESIAN_POINT ( 'NONE',  ( 6.805261610300544994, 5.890151205288386649, -31.34357154483028651 ) ) ;
#4296 = VERTEX_POINT ( 'NONE', #7918 ) ;
#4297 = ORIENTED_EDGE ( 'NONE', *, *, #6997, .T. ) ;
#4298 = EDGE_CURVE ( 'NONE', #578, #4805, #5464, .T. ) ;
#4299 = ORIENTED_EDGE ( 'NONE', *, *, #733, .T. ) ;
#4300 = DIRECTION ( 'NONE',  ( 0.000000000000000000, 1.000000000000000000, 0.000000000000000000 ) ) ;
#4301 = EDGE_CURVE ( 'NONE', #393, #6685, #1293, .T. ) ;
#4302 = ORIENTED_EDGE ( 'NONE', *, *, #3099, .T. ) ;
#4303 = APPLICATION_PROTOCOL_DEFINITION ( 'draft international standard', 'automotive_design', 1998, #6091 ) ;
#4304 = DIRECTION ( 'NONE',  ( -1.000000000000000000, -2.536951011547150738E-31, -2.465190328815656637E-31 ) ) ;
#4305 = CARTESIAN_POINT ( 'NONE',  ( -8.871095516096566769, 1.518329360288546592, -43.51545885644769385 ) ) ;
#4306 = ORIENTED_EDGE ( 'NONE', *, *, #2487, .F. ) ;
#4307 = ORIENTED_EDGE ( 'NONE', *, *, #1824, .F. ) ;
#4308 = CARTESIAN_POINT ( 'NONE',  ( 7.142916607297063791, -6.999893946094942976, 1.949826097529644642 ) ) ;
#4309 = CARTESIAN_POINT ( 'NONE',  ( 35.00000000000000000, -7.888088312486024403E-15, 3.399999999999997247 ) ) ;
#4310 = VERTEX_POINT ( 'NONE', #22 ) ;
#4311 = CYLINDRICAL_SURFACE ( 'NONE', #8421, 5.200000000000000178 ) ;
#4312 = FACE_OUTER_BOUND ( 'NONE', #6697, .T. ) ;
#4313 = ORIENTED_EDGE ( 'NONE', *, *, #7161, .F. ) ;
#4314 = DIRECTION ( 'NONE',  ( -1.000000000000000000, -0.000000000000000000, -0.000000000000000000 ) ) ;
#4315 = CIRCLE ( 'NONE', #3225, 8.500000000000349942 ) ;
#4316 = EDGE_CURVE ( 'NONE', #3037, #8372, #4533, .T. ) ;
#4317 = VERTEX_POINT ( 'NONE', #4687 ) ;
#4318 = UNCERTAINTY_MEASURE_WITH_UNIT (LENGTH_MEASURE( 1.000000000000000082E-05 ), #8105, 'distance_accuracy_value', 'NONE');
#4319 = FACE_OUTER_BOUND ( 'NONE', #2338, .T. ) ;
#4320 = SURFACE_SIDE_STYLE ('',( #2320 ) ) ;
#4321 = AXIS2_PLACEMENT_3D ( 'NONE', #3115, #2432, #5114 ) ;
#4322 = VECTOR ( 'NONE', #4669, 1000.000000000000000 ) ;
#4323 = CARTESIAN_POINT ( 'NONE',  ( -9.998319479063068727, 0.2099942783679923097, -41.41040966813071833 ) ) ;
#4324 = CARTESIAN_POINT ( 'NONE',  ( 2.594201924465684872, 9.748720689765416836, 2.232546315574716278 ) ) ;
#4325 = DIRECTION ( 'NONE',  ( 0.000000000000000000, 0.000000000000000000, -1.000000000000000000 ) ) ;
#4326 = DIRECTION ( 'NONE',  ( 0.000000000000000000, 0.000000000000000000, -1.000000000000000000 ) ) ;
#4327 = VECTOR ( 'NONE', #6706, 1000.000000000000114 ) ;
#4328 = CIRCLE ( 'NONE', #759, 8.000000000000000000 ) ;
#4329 = FACE_BOUND ( 'NONE', #2908, .T. ) ;
#4330 = ORIENTED_EDGE ( 'NONE', *, *, #377, .T. ) ;
#4331 = CARTESIAN_POINT ( 'NONE',  ( 1.084202172485504434E-16, 1.154700538379252350, 1.592040838891559095E-16 ) ) ;
#4332 = FACE_OUTER_BOUND ( 'NONE', #5437, .T. ) ;
#4333 = VECTOR ( 'NONE', #4195, 1000.000000000000000 ) ;
#4334 = AXIS2_PLACEMENT_3D ( 'NONE', #3736, #2493, #337 ) ;
#4335 = CARTESIAN_POINT ( 'NONE',  ( 10.63403537283322464, 4.353067081425196605, 4.485562182166002998 ) ) ;
#4336 = DIRECTION ( 'NONE',  ( 0.000000000000000000, 0.000000000000000000, 1.000000000000000000 ) ) ;
#4337 = EDGE_LOOP ( 'NONE', ( #482, #1267, #6457, #1755, #7225, #435, #5201 ) ) ;
#4338 = VECTOR ( 'NONE', #3212, 1000.000000000000000 ) ;
#4339 = FACE_OUTER_BOUND ( 'NONE', #7093, .T. ) ;
#4340 = ORIENTED_EDGE ( 'NONE', *, *, #1313, .F. ) ;
#4341 = DIRECTION ( 'NONE',  ( 0.000000000000000000, -0.000000000000000000, 1.000000000000000000 ) ) ;
#4342 = MECHANICAL_DESIGN_GEOMETRIC_PRESENTATION_REPRESENTATION (  '', ( #1618 ), #1200 ) ;
#4343 = ORIENTED_EDGE ( 'NONE', *, *, #2584, .T. ) ;
#4344 = PRODUCT_CONTEXT ( 'NONE', #537, 'mechanical' ) ;
#4345 = STYLED_ITEM ( 'NONE', ( #444 ), #3478 ) ;
#4346 = CARTESIAN_POINT ( 'NONE',  ( 1.922848456476208919E-30, 2.569277174666495806E-14, 6.500000000000008882 ) ) ;
#4347 = CARTESIAN_POINT ( 'NONE',  ( -2.964211287661892680, 9.553141715981876558, -39.34563538241763325 ) ) ;
#4348 = ORIENTED_EDGE ( 'NONE', *, *, #3426, .F. ) ;
#4349 = AXIS2_PLACEMENT_3D ( 'NONE', #25, #1905, #7159 ) ;
#4350 = AXIS2_PLACEMENT_3D ( 'NONE', #995, #2891, #1698 ) ;
#4351 = EDGE_CURVE ( 'NONE', #871, #3456, #5432, .T. ) ;
#4352 = VERTEX_POINT ( 'NONE', #3258 ) ;
#4353 = ORIENTED_EDGE ( 'NONE', *, *, #1558, .T. ) ;
#4354 = CARTESIAN_POINT ( 'NONE',  ( 8.764499638825297367, -4.819034050761930033, 5.421438506479630881 ) ) ;
#4355 =( LENGTH_UNIT ( ) NAMED_UNIT ( * ) SI_UNIT ( .MILLI., .METRE. ) );
#4356 = B_SPLINE_CURVE_WITH_KNOTS ( 'NONE', 3,
 ( #7800, #7279, #4049, #7153, #2687, #1331, #6472, #3300, #5876, #5244 ),
 .UNSPECIFIED., .F., .F.,
 ( 4, 2, 2, 2, 4 ),
 ( 2.325950921914178147E-07, 0.001877518990025893409, 0.003754805384959595399, 0.005632091779893297172, 0.007509378174826998945 ),
 .UNSPECIFIED. ) ;
#4357 = TOROIDAL_SURFACE ( 'NONE', #8281, 1.800000000000000044, 0.2999999999999999889 ) ;
#4358 = FACE_BOUND ( 'NONE', #7179, .T. ) ;
#4359 = EDGE_LOOP ( 'NONE', ( #2669, #6623, #5355, #2890 ) ) ;
#4360 = CARTESIAN_POINT ( 'NONE',  ( 13.40000000000002345, 0.000000000000000000, -5.473822126268816683E-45 ) ) ;
#4361 = VECTOR ( 'NONE', #7244, 1000.000000000000000 ) ;
#4362 = ORIENTED_EDGE ( 'NONE', *, *, #1750, .T. ) ;
#4363 = EDGE_CURVE ( 'NONE', #5824, #7436, #7056, .T. ) ;
#4364 = AXIS2_PLACEMENT_3D ( 'NONE', #6087, #7922, #5501 ) ;
#4365 = CARTESIAN_POINT ( 'NONE',  ( 36.00000000000000711, -6.500000000000426326, -4.220485754033636461 ) ) ;
#4366 = ORIENTED_EDGE ( 'NONE', *, *, #6159, .T. ) ;
#4367 = CARTESIAN_POINT ( 'NONE',  ( 5.553051878775063344, 8.322069302564297999, -28.71500735918470681 ) ) ;
#4368 = EDGE_LOOP ( 'NONE', ( #5686, #2918, #6584, #4825, #825, #6024 ) ) ;
#4369 = CARTESIAN_POINT ( 'NONE',  ( 0.000000000000000000, 4.500000000000000888, 0.000000000000000000 ) ) ;
#4370 = CARTESIAN_POINT ( 'NONE',  ( 7.347880794884120722E-16, 19.90000000000000213, 6.000000000000000888 ) ) ;
#4371 = FACE_OUTER_BOUND ( 'NONE', #1758, .T. ) ;
#4372 = AXIS2_PLACEMENT_3D ( 'NONE', #6731, #5471, #249 ) ;
#4373 = CARTESIAN_POINT ( 'NONE',  ( 2.700698378543284724E-17, -7.505553499465125178, 0.6847527127126739055 ) ) ;
#4374 = CARTESIAN_POINT ( 'NONE',  ( 7.001041713911111408, -5.447253498759964785, 0.7687574945206816501 ) ) ;
#4375 = ADVANCED_FACE ( 'NONE', ( #8434 ), #5839, .F. ) ;
#4376 = CARTESIAN_POINT ( 'NONE',  ( 8.952198559193680794, 4.475956490825642398, 5.722187646395342497 ) ) ;
#4377 = CARTESIAN_POINT ( 'NONE',  ( 0.000000000000000000, 0.000000000000000000, -5.200000000000000178 ) ) ;
#4378 = ORIENTED_EDGE ( 'NONE', *, *, #4442, .F. ) ;
#4379 = DIRECTION ( 'NONE',  ( 0.000000000000000000, 0.000000000000000000, -1.000000000000000000 ) ) ;
#4380 = LINE ( 'NONE', #2459, #7082 ) ;
#4381 = CARTESIAN_POINT ( 'NONE',  ( 10.86861349361963214, 3.958715725494966975, 4.838563777494739426 ) ) ;
#4382 = DIRECTION ( 'NONE',  ( -1.000000000000000000, -2.536951011547150738E-31, -2.465190328815656637E-31 ) ) ;
#4383 = ORIENTED_EDGE ( 'NONE', *, *, #7090, .F. ) ;
#4384 = AXIS2_PLACEMENT_3D ( 'NONE', #5311, #2346, #349 ) ;
#4385 = FACE_OUTER_BOUND ( 'NONE', #2968, .T. ) ;
#4386 = EDGE_LOOP ( 'NONE', ( #6037, #232 ) ) ;
#4387 = DIRECTION ( 'NONE',  ( 1.000000000000000000, -3.614007241618317709E-17, -2.204355216680804521E-30 ) ) ;
#4388 = ORIENTED_EDGE ( 'NONE', *, *, #1704, .T. ) ;
#4389 = PRODUCT_CONTEXT ( 'NONE', #83, 'mechanical' ) ;
#4390 = CARTESIAN_POINT ( 'NONE',  ( 10.52517763796516803, 2.431631414690101245, -5.765685233816858712 ) ) ;
#4391 = EDGE_CURVE ( 'NONE', #871, #1186, #3211, .T. ) ;
#4392 = CARTESIAN_POINT ( 'NONE',  ( 6.500000000000001776, -1.252614905310500459, 0.3064295951280580632 ) ) ;
#4393 = CARTESIAN_POINT ( 'NONE',  ( 8.000000000000007105, -1.250000000000017986, -5.356071321407132935 ) ) ;
#4394 = ORIENTED_EDGE ( 'NONE', *, *, #7300, .T. ) ;
#4395 = ORIENTED_EDGE ( 'NONE', *, *, #3883, .F. ) ;
#4396 = ORIENTED_EDGE ( 'NONE', *, *, #2584, .F. ) ;
#4397 = CARTESIAN_POINT ( 'NONE',  ( 7.151134547406783781, -6.990784361735505215, -1.936153343583259190 ) ) ;
#4398 = EDGE_CURVE ( 'NONE', #2795, #7010, #2111, .T. ) ;
#4399 = CARTESIAN_POINT ( 'NONE',  ( -7.499999999999996447, -6.252544791537787853E-16, -8.719615203018862170E-16 ) ) ;
#4400 = DIRECTION ( 'NONE',  ( -1.000000000000000000, -2.536951011547129719E-31, 2.958228394578789015E-31 ) ) ;
#4401 = DIRECTION ( 'NONE',  ( -1.898196553187937393E-30, -1.000000000000000000, 2.442490654175333739E-15 ) ) ;
#4402 = VERTEX_POINT ( 'NONE', #4009 ) ;
#4403 = CARTESIAN_POINT ( 'NONE',  ( -8.947379142498958160, -0.9831224735815549121, -44.27943957124723084 ) ) ;
#4404 = VERTEX_POINT ( 'NONE', #710 ) ;
#4405 = DIRECTION ( 'NONE',  ( 0.000000000000000000, 0.000000000000000000, 1.000000000000000000 ) ) ;
#4406 = EDGE_CURVE ( 'NONE', #8031, #440, #7329, .T. ) ;
#4407 = VERTEX_POINT ( 'NONE', #2645 ) ;
#4408 = EDGE_CURVE ( 'NONE', #2677, #3970, #3929, .T. ) ;
#4409 = UNCERTAINTY_MEASURE_WITH_UNIT (LENGTH_MEASURE( 1.000000000000000082E-05 ), #2867, 'distance_accuracy_value', 'NONE');
#4410 = FACE_OUTER_BOUND ( 'NONE', #4565, .T. ) ;
#4411 = CARTESIAN_POINT ( 'NONE',  ( -10.00000000000000000, 0.000000000000000000, -41.39999999999992752 ) ) ;
#4412 = LINE ( 'NONE', #4449, #7305 ) ;
#4413 = CARTESIAN_POINT ( 'NONE',  ( 6.783152472244958986, -5.492221245724777212, 0.3290540662009439621 ) ) ;
#4414 = CARTESIAN_POINT ( 'NONE',  ( 0.000000000000000000, 8.499999999999994671, -4.013726448077868270 ) ) ;
#4415 = CIRCLE ( 'NONE', #6168, 7.664213562373412891 ) ;
#4416 = DIRECTION ( 'NONE',  ( 2.958228394578779819E-31, 3.830269434956791642E-15, 1.000000000000000000 ) ) ;
#4417 = ORIENTED_EDGE ( 'NONE', *, *, #7924, .T. ) ;
#4418 = CARTESIAN_POINT ( 'NONE',  ( -12.00000000000000000, 3.061616997868380676E-16, 2.499999999999997780 ) ) ;
#4419 = DIRECTION ( 'NONE',  ( 0.000000000000000000, 0.000000000000000000, 1.000000000000000000 ) ) ;
#4420 =( REPRESENTATION_RELATIONSHIP ('NONE','NONE', #4220, #2742 ) REPRESENTATION_RELATIONSHIP_WITH_TRANSFORMATION ( #1921 )SHAPE_REPRESENTATION_RELATIONSHIP( ) );
#4421 = DIRECTION ( 'NONE',  ( 0.000000000000000000, 0.000000000000000000, -1.000000000000000000 ) ) ;
#4422 = CARTESIAN_POINT ( 'NONE',  ( 5.293378807803239994, 7.288095682677231402, -37.60127780081499083 ) ) ;
#4423 = CYLINDRICAL_SURFACE ( 'NONE', #4496, 7.000000000000009770 ) ;
#4424 = PLANE ( 'NONE',  #620 ) ;
#4425 = ORIENTED_EDGE ( 'NONE', *, *, #5393, .F. ) ;
#4426 = APPLICATION_PROTOCOL_DEFINITION ( 'draft international standard', 'automotive_design', 1998, #2466 ) ;
#4427 = PLANE ( 'NONE',  #2919 ) ;
#4428 = CARTESIAN_POINT ( 'NONE',  ( -6.500000000000000000, -3.133092010741251432, 0.5564118010697789440 ) ) ;
#4429 = CARTESIAN_POINT ( 'NONE',  ( 36.00000000000000711, 9.860761315262661020E-29, -6.894829200906304354E-29 ) ) ;
#4430 = ORIENTED_EDGE ( 'NONE', *, *, #2275, .F. ) ;
#4431 = VERTEX_POINT ( 'NONE', #5208 ) ;
#4432 = ORIENTED_EDGE ( 'NONE', *, *, #4968, .T. ) ;
#4433 = PRODUCT_DEFINITION_SHAPE ( 'NONE', 'NONE',  #7699 ) ;
#4434 = DIRECTION ( 'NONE',  ( -1.000000000000000000, 0.000000000000000000, 0.000000000000000000 ) ) ;
#4435 =( NAMED_UNIT ( * ) PLANE_ANGLE_UNIT ( ) SI_UNIT ( $, .RADIAN. ) );
#4436 = DIRECTION ( 'NONE',  ( 2.958228394578779381E-31, 3.830269434956791642E-15, 1.000000000000000000 ) ) ;
#4437 = LINE ( 'NONE', #4941, #2860 ) ;
#4438 = VERTEX_POINT ( 'NONE', #672 ) ;
#4439 = CARTESIAN_POINT ( 'NONE',  ( 8.329628048348162395, 8.917602332271922450, 1.216691992414941526 ) ) ;
#4440 = VERTEX_POINT ( 'NONE', #6593 ) ;
#4441 = CARTESIAN_POINT ( 'NONE',  ( 27.72843607817366873, 6.500000000000325073, -0.1690767748702187712 ) ) ;
#4442 = EDGE_CURVE ( 'NONE', #6129, #393, #4356, .T. ) ;
#4443 = ORIENTED_EDGE ( 'NONE', *, *, #2730, .T. ) ;
#4444 = DIRECTION ( 'NONE',  ( -1.000000000000000000, -1.719470254348916462E-30, 2.290883888735602091E-30 ) ) ;
#4445 = DIRECTION ( 'NONE',  ( -1.000000000000000000, -2.536951011547150738E-31, -2.465190328815656637E-31 ) ) ;
#4446 = CARTESIAN_POINT ( 'NONE',  ( -8.991016697199668783, 0.4148696949927094257, -41.45119905507188207 ) ) ;
#4447 = CYLINDRICAL_SURFACE ( 'NONE', #6244, 7.250000000000006217 ) ;
#4448 = ADVANCED_FACE ( 'NONE', ( #7838 ), #5285, .T. ) ;
#4449 = CARTESIAN_POINT ( 'NONE',  ( -9.000000000000000000, 0.000000000000000000, -22.00000000000000000 ) ) ;
#4450 = DIRECTION ( 'NONE',  ( -1.000000000000000000, -2.536951011547129719E-31, 2.958228394578789015E-31 ) ) ;
#4451 = EDGE_CURVE ( 'NONE', #7371, #6271, #5836, .T. ) ;
#4452 = CARTESIAN_POINT ( 'NONE',  ( 35.84112497824242638, -6.500000000000484057, -4.512225020643182205 ) ) ;
#4453 = EDGE_CURVE ( 'NONE', #3561, #2226, #4489, .T. ) ;
#4454 = CARTESIAN_POINT ( 'NONE',  ( 0.000000000000000000, 0.000000000000000000, 0.000000000000000000 ) ) ;
#4455 = LINE ( 'NONE', #3816, #1756 ) ;
#4456 = EDGE_LOOP ( 'NONE', ( #5700, #3708 ) ) ;
#4457 = DIRECTION ( 'NONE',  ( 0.000000000000000000, -3.830269434956790853E-15, -1.000000000000000000 ) ) ;
#4458 = ADVANCED_FACE ( 'NONE', ( #2949 ), #4077, .F. ) ;
#4459 = DIRECTION ( 'NONE',  ( 0.000000000000000000, 0.000000000000000000, -1.000000000000000000 ) ) ;
#4460 = VECTOR ( 'NONE', #8046, 1000.000000000000000 ) ;
#4461 = CARTESIAN_POINT ( 'NONE',  ( 9.542893218813491174, -4.792893218813731870, 4.011318311110906976 ) ) ;
#4462 = CARTESIAN_POINT ( 'NONE',  ( 7.500000000000000000, 0.000000000000000000, 0.000000000000000000 ) ) ;
#4463 = ADVANCED_FACE ( 'NONE', ( #4855, #6759 ), #1586, .F. ) ;
#4464 = CARTESIAN_POINT ( 'NONE',  ( 6.500000000000000000, 1.252846335503397635, 0.3064390434296209165 ) ) ;
#4465 = CARTESIAN_POINT ( 'NONE',  ( -12.00099999999998346, 6.500000000000325961, -1.587618925214039802E-14 ) ) ;
#4466 = ORIENTED_EDGE ( 'NONE', *, *, #5599, .T. ) ;
#4467 = PRODUCT_CONTEXT ( 'NONE', #2907, 'mechanical' ) ;
#4468 = FACE_OUTER_BOUND ( 'NONE', #5228, .T. ) ;
#4469 = CARTESIAN_POINT ( 'NONE',  ( -6.500000000000001776, -1.252614905310386550, 0.3064295951280522901 ) ) ;
#4470 = CARTESIAN_POINT ( 'NONE',  ( 7.001120796010626535, -0.7689674646559423454, -5.447230247185440355 ) ) ;
#4471 = VERTEX_POINT ( 'NONE', #280 ) ;
#4472 = EDGE_LOOP ( 'NONE', ( #6042, #1866, #5232, #5206, #279 ) ) ;
#4473 = VECTOR ( 'NONE', #3350, 1000.000000000000000 ) ;
#4474 = ORIENTED_EDGE ( 'NONE', *, *, #2629, .T. ) ;
#4475 = FACE_OUTER_BOUND ( 'NONE', #7938, .T. ) ;
#4476 = AXIS2_PLACEMENT_3D ( 'NONE', #469, #3185, #5137 ) ;
#4477 = CARTESIAN_POINT ( 'NONE',  ( 36.00000000000000711, 9.860761315262661020E-29, -6.894829200906304354E-29 ) ) ;
#4478 = AXIS2_PLACEMENT_3D ( 'NONE', #7991, #874, #7356 ) ;
#4479 = ORIENTED_EDGE ( 'NONE', *, *, #2831, .T. ) ;
#4480 = AXIS2_PLACEMENT_3D ( 'NONE', #6283, #3057, #6959 ) ;
#4481 = CARTESIAN_POINT ( 'NONE',  ( 8.000000000000007105, 8.912771734987941841, -1.249999999999999334 ) ) ;
#4482 = ORIENTED_EDGE ( 'NONE', *, *, #7968, .F. ) ;
#4483 = CARTESIAN_POINT ( 'NONE',  ( 7.499999999999992895, 0.000000000000000000, 0.000000000000000000 ) ) ;
#4484 = ORIENTED_EDGE ( 'NONE', *, *, #2793, .T. ) ;
#4485 = CIRCLE ( 'NONE', #782, 7.500000000000009770 ) ;
#4486 = CARTESIAN_POINT ( 'NONE',  ( 7.987545785298915140E-16, 0.000000000000000000, -3.999999999999984457 ) ) ;
#4487 = PRODUCT_DEFINITION_CONTEXT ( 'detailed design', #919, 'design' ) ;
#4488 =( NAMED_UNIT ( * ) PLANE_ANGLE_UNIT ( ) SI_UNIT ( $, .RADIAN. ) );
#4489 = CIRCLE ( 'NONE', #784, 3.400000000000134914 ) ;
#4490 = AXIS2_PLACEMENT_3D ( 'NONE', #7254, #591, #1987 ) ;
#4491 = LINE ( 'NONE', #1120, #1781 ) ;
#4492 = PRODUCT_DEFINITION ( 'UNKNOWN', '', #3429, #2446 ) ;
#4493 =( BOUNDED_CURVE ( )  B_SPLINE_CURVE ( 3, ( #4461, #1217, #7554, #3146 ),
 .UNSPECIFIED., .F., .F. ) 
 B_SPLINE_CURVE_WITH_KNOTS ( ( 4, 4 ),
 ( 2.444735236944294510, 3.838450070235286837 ),
 .UNSPECIFIED. ) 
 CURVE ( )  GEOMETRIC_REPRESENTATION_ITEM ( )  RATIONAL_B_SPLINE_CURVE ( ( 1.000000000000000000, 0.8445752766734286876, 0.8445752766734286876, 1.000000000000000000 ) ) 
 REPRESENTATION_ITEM ( '' )  );
#4494 = DIRECTION ( 'NONE',  ( -1.000000000000000000, -2.536951011547150738E-31, -2.465190328815656637E-31 ) ) ;
#4495 = CARTESIAN_POINT ( 'NONE',  ( 7.091207987168309579, 7.051217442567403459, 1.703623780756870376 ) ) ;
#4496 = AXIS2_PLACEMENT_3D ( 'NONE', #3898, #1950, #7777 ) ;
#4497 = ADVANCED_FACE ( 'NONE', ( #2133 ), #2307, .T. ) ;
#4498 = CIRCLE ( 'NONE', #5969, 0.9999999999999991118 ) ;
#4499 = DIRECTION ( 'NONE',  ( 5.002141340362817447E-31, -3.491481338843133750E-15, -1.000000000000000000 ) ) ;
#4500 = EDGE_CURVE ( 'NONE', #6370, #6497, #7491, .T. ) ;
#4501 = CARTESIAN_POINT ( 'NONE',  ( -2.487145164873209191E-18, 1.154700538379252350, -1.040577039435782947 ) ) ;
#4502 = VECTOR ( 'NONE', #2641, 1000.000000000000114 ) ;
#4503 = CARTESIAN_POINT ( 'NONE',  ( 9.459627198887597288, -4.716111895892364458, -4.101650547691072290 ) ) ;
#4504 = CARTESIAN_POINT ( 'NONE',  ( 0.000000000000000000, 0.000000000000000000, -1.649999999999998801 ) ) ;
#4505 = CARTESIAN_POINT ( 'NONE',  ( 7.835442308760038443, 8.913930234837907918, -1.241816830901264934 ) ) ;
#4506 = DIRECTION ( 'NONE',  ( 0.000000000000000000, 0.000000000000000000, -1.000000000000000000 ) ) ;
#4507 = VECTOR ( 'NONE', #8202, 1000.000000000000000 ) ;
#4508 = DIRECTION ( 'NONE',  ( 0.000000000000000000, 0.000000000000000000, 1.000000000000000000 ) ) ;
#4509 = ORIENTED_EDGE ( 'NONE', *, *, #1063, .F. ) ;
#4510 = EDGE_CURVE ( 'NONE', #4795, #1874, #5175, .T. ) ;
#4511 = DIRECTION ( 'NONE',  ( -2.469610187574633181E-30, -2.442490654175355433E-15, 1.000000000000000000 ) ) ;
#4512 = B_SPLINE_CURVE_WITH_KNOTS ( 'NONE', 3,
 ( #2239, #7965, #2145, #809, #5922, #2198, #7376, #4110, #5966, #1469 ),
 .UNSPECIFIED., .F., .F.,
 ( 4, 2, 2, 2, 4 ),
 ( 0.004129007548227010306, 0.004582415050817679331, 0.005035822553408347488, 0.005489230055999015645, 0.005942637558589684670 ),
 .UNSPECIFIED. ) ;
#4513 = CARTESIAN_POINT ( 'NONE',  ( 0.000000000000000000, 0.000000000000000000, -2.774242424242424843 ) ) ;
#4514 = DIRECTION ( 'NONE',  ( -0.000000000000000000, -1.000000000000000000, -0.000000000000000000 ) ) ;
#4515 = VERTEX_POINT ( 'NONE', #6082 ) ;
#4517 = CIRCLE ( 'NONE', #1943, 10.00000000000001421 ) ;
#4516 =( GEOMETRIC_REPRESENTATION_CONTEXT ( 3 ) GLOBAL_UNCERTAINTY_ASSIGNED_CONTEXT ( ( #1945 ) ) GLOBAL_UNIT_ASSIGNED_CONTEXT ( ( #6459, #7864, #5445 ) ) REPRESENTATION_CONTEXT ( 'NONE', 'WORKASPACE' ) );
#4518 = AXIS2_PLACEMENT_3D ( 'NONE', #7235, #1412, #6028 ) ;
#4519 = ORIENTED_EDGE ( 'NONE', *, *, #4059, .F. ) ;
#4520 = ORIENTED_EDGE ( 'NONE', *, *, #1593, .T. ) ;
#4521 = CARTESIAN_POINT ( 'NONE',  ( 9.216720698487794294, 0.3294890097409601259, 8.995225090665565304 ) ) ;
#4522 = DIRECTION ( 'NONE',  ( 0.9995627684940849855, 0.000000000000000000, 0.02956808821078314720 ) ) ;
#4523 = B_SPLINE_CURVE_WITH_KNOTS ( 'NONE', 3,
 ( #3862, #5252, #2535, #2032, #5181, #3221, #3309, #4660 ),
 .UNSPECIFIED., .F., .F.,
 ( 4, 2, 2, 4 ),
 ( 0.000000000000000000, 0.001880003248616167032, 0.002820004872924250332, 0.003760006497232334065 ),
 .UNSPECIFIED. ) ;
#4524 = ADVANCED_FACE ( 'NONE', ( #3597, #8130 ), #2186, .F. ) ;
#4525 = EDGE_LOOP ( 'NONE', ( #3323, #2722 ) ) ;
#4526 = DIRECTION ( 'NONE',  ( 2.958228394578779819E-31, 3.830269434956790853E-15, 1.000000000000000000 ) ) ;
#4527 = ORIENTED_EDGE ( 'NONE', *, *, #531, .F. ) ;
#4528 = DIRECTION ( 'NONE',  ( -1.000000000000000000, -1.155626614413198838E-16, 0.000000000000000000 ) ) ;
#4529 = VERTEX_POINT ( 'NONE', #4898 ) ;
#4530 = CARTESIAN_POINT ( 'NONE',  ( 8.982230824827368565, 4.500000000000189182, -4.337337893224565200 ) ) ;
#4531 = EDGE_CURVE ( 'NONE', #2509, #4352, #3341, .T. ) ;
#4532 = DIRECTION ( 'NONE',  ( -0.000000000000000000, -0.000000000000000000, 1.000000000000000000 ) ) ;
#4533 = LINE ( 'NONE', #1980, #4361 ) ;
#4534 = AXIS2_PLACEMENT_3D ( 'NONE', #2174, #351, #271 ) ;
#4535 = PLANE ( 'NONE',  #7185 ) ;
#4536 = LINE ( 'NONE', #2612, #2269 ) ;
#4537 = CARTESIAN_POINT ( 'NONE',  ( 0.000000000000000000, 11.00000000000000178, 0.000000000000000000 ) ) ;
#4538 = CARTESIAN_POINT ( 'NONE',  ( 0.000000000000000000, 8.499999999999992895, -5.267826876426342508 ) ) ;
#4539 = CARTESIAN_POINT ( 'NONE',  ( 0.5999999999999894307, -8.499999999999992895, 5.267826876426333627 ) ) ;
#4540 = CIRCLE ( 'NONE', #7383, 3.323417653124999926 ) ;
#4541 = DIRECTION ( 'NONE',  ( 1.000000000000000000, 0.000000000000000000, 0.000000000000000000 ) ) ;
#4542 = DIRECTION ( 'NONE',  ( 0.000000000000000000, -0.000000000000000000, 1.000000000000000000 ) ) ;
#4543 = CARTESIAN_POINT ( 'NONE',  ( 2.349682169257315323, 8.690951047942220953, -26.40191086206467475 ) ) ;
#4544 = CLOSED_SHELL ( 'NONE', ( #1208, #4280, #6536, #2690, #2328, #261, #4862, #2442, #5788, #5219 ) ) ;
#4545 = CARTESIAN_POINT ( 'NONE',  ( 30.26197536900920326, 6.500000000000337508, 5.080600358224967472 ) ) ;
#4546 = LINE ( 'NONE', #1349, #4870 ) ;
#4547 = ORIENTED_EDGE ( 'NONE', *, *, #8089, .F. ) ;
#4548 = CONTEXT_DEPENDENT_SHAPE_REPRESENTATION ( #1201, #3825 ) ;
#4549 = CARTESIAN_POINT ( 'NONE',  ( 12.00000000000001066, -3.469446951953618922E-15, -1.733336949948512268E-30 ) ) ;
#4550 = DIRECTION ( 'NONE',  ( 0.000000000000000000, 0.000000000000000000, -1.000000000000000000 ) ) ;
#4551 = DIRECTION ( 'NONE',  ( -1.000000000000000000, 0.000000000000000000, 0.000000000000000000 ) ) ;
#4552 = EDGE_LOOP ( 'NONE', ( #7516, #5625, #2349, #1887, #8108, #3021, #1211, #7445, #4671, #2686 ) ) ;
#4553 = AXIS2_PLACEMENT_3D ( 'NONE', #2753, #6656, #3354 ) ;
#4554 = EDGE_CURVE ( 'NONE', #7493, #2245, #3942, .T. ) ;
#4555 = ORIENTED_EDGE ( 'NONE', *, *, #4922, .F. ) ;
#4556 = EDGE_LOOP ( 'NONE', ( #4673, #3490 ) ) ;
#4557 = CYLINDRICAL_SURFACE ( 'NONE', #6214, 0.5000000000000000000 ) ;
#4558 = EDGE_CURVE ( 'NONE', #4644, #3015, #3275, .T. ) ;
#4559 = EDGE_LOOP ( 'NONE', ( #3034, #735, #6738, #3884 ) ) ;
#4560 = ADVANCED_FACE ( 'NONE', ( #2814 ), #3422, .F. ) ;
#4561 = CARTESIAN_POINT ( 'NONE',  ( -8.871108563107304334, -1.518249753285531245, -42.48436899018141588 ) ) ;
#4562 = DIRECTION ( 'NONE',  ( 0.000000000000000000, 0.000000000000000000, 1.000000000000000000 ) ) ;
#4563 = VERTEX_POINT ( 'NONE', #4778 ) ;
#4564 = CARTESIAN_POINT ( 'NONE',  ( 8.769201923866114967, 5.409835914525167766, 0.9986161139537361731 ) ) ;
#4565 = EDGE_LOOP ( 'NONE', ( #875, #453, #4292, #5197 ) ) ;
#4566 = CARTESIAN_POINT ( 'NONE',  ( 0.5999999999999894307, 8.500000000000026645, 5.267826876426402904 ) ) ;
#4567 = UNCERTAINTY_MEASURE_WITH_UNIT (LENGTH_MEASURE( 1.000000000000000082E-05 ), #1846, 'distance_accuracy_value', 'NONE');
#4568 = CARTESIAN_POINT ( 'NONE',  ( 0.000000000000000000, 4.000000000000195399, -9.769962616701797230E-15 ) ) ;
#4569 = CARTESIAN_POINT ( 'NONE',  ( 0.000000000000000000, 8.499999999999992895, -4.599999999999973888 ) ) ;
#4570 = DIRECTION ( 'NONE',  ( -0.000000000000000000, -1.000000000000000000, -0.000000000000000000 ) ) ;
#4571 = CARTESIAN_POINT ( 'NONE',  ( -13.00536576308671322, 0.000000000000000000, 0.000000000000000000 ) ) ;
#4572 = ADVANCED_FACE ( 'NONE', ( #6806 ), #180, .T. ) ;
#4573 = CARTESIAN_POINT ( 'NONE',  ( 10.00000000000000000, 1.459440702025396112E-16, -7.250000000000006217 ) ) ;
#4574 = DIRECTION ( 'NONE',  ( -0.5000000000000001110, -0.8660254037844385966, 0.000000000000000000 ) ) ;
#4575 = CARTESIAN_POINT ( 'NONE',  ( -0.5000000000000056621, 0.000000000000000000, 0.000000000000000000 ) ) ;
#4576 = CARTESIAN_POINT ( 'NONE',  ( 0.000000000000000000, 0.000000000000000000, 0.000000000000000000 ) ) ;
#4577 = CARTESIAN_POINT ( 'NONE',  ( 0.000000000000000000, 0.000000000000000000, 45.00000000000000000 ) ) ;
#4578 = EDGE_CURVE ( 'NONE', #6685, #2559, #6063, .T. ) ;
#4579 = DIRECTION ( 'NONE',  ( -1.000000000000000000, -0.000000000000000000, -0.000000000000000000 ) ) ;
#4580 = FACE_OUTER_BOUND ( 'NONE', #8043, .T. ) ;
#4581 = PLANE ( 'NONE',  #76 ) ;
#4582 = EDGE_LOOP ( 'NONE', ( #6662, #6061 ) ) ;
#4583 = CONTEXT_DEPENDENT_SHAPE_REPRESENTATION ( #4091, #2068 ) ;
#4584 = CARTESIAN_POINT ( 'NONE',  ( 27.74155545571916903, -6.500000000000473399, -0.3524600385656422863 ) ) ;
#4585 = AXIS2_PLACEMENT_3D ( 'NONE', #4763, #1668, #1617 ) ;
#4586 = CIRCLE ( 'NONE', #195, 5.500000000000006217 ) ;
#4587 = LINE ( 'NONE', #2116, #7393 ) ;
#4588 = DIRECTION ( 'NONE',  ( 1.000000000000000000, 0.000000000000000000, 0.000000000000000000 ) ) ;
#4589 = CARTESIAN_POINT ( 'NONE',  ( 35.50000000000000711, 6.500000000000365041, -5.080600358225620283 ) ) ;
#4590 = ORIENTED_EDGE ( 'NONE', *, *, #4661, .T. ) ;
#4591 = EDGE_LOOP ( 'NONE', ( #1195, #1681, #7830, #5998, #7566, #1178, #7315, #6726 ) ) ;
#4592 = TOROIDAL_SURFACE ( 'NONE', #2821, 6.250000000000009770, 1.999999999999995781 ) ;
#4593 = VERTEX_POINT ( 'NONE', #7662 ) ;
#4594 = FACE_OUTER_BOUND ( 'NONE', #7984, .T. ) ;
#4595 = EDGE_CURVE ( 'NONE', #4471, #1532, #1919, .T. ) ;
#4596 = TOROIDAL_SURFACE ( 'NONE', #2688, 2.750000000000000000, 0.5000000000000000000 ) ;
#4597 = LINE ( 'NONE', #3960, #1554 ) ;
#4598 = ORIENTED_EDGE ( 'NONE', *, *, #1914, .F. ) ;
#4599 = CARTESIAN_POINT ( 'NONE',  ( -25.00000000000000000, 0.000000000000000000, 0.000000000000000000 ) ) ;
#4600 = CARTESIAN_POINT ( 'NONE',  ( 8.328396027892789988, -5.364035102495882334, -1.217047139445781578 ) ) ;
#4601 = ORIENTED_EDGE ( 'NONE', *, *, #7770, .T. ) ;
#4602 = CARTESIAN_POINT ( 'NONE',  ( 28.99999999999999645, -1.943515894732340071E-14, 7.664213562373096700 ) ) ;
#4603 = PRESENTATION_LAYER_ASSIGNMENT (  '', '', ( #1618 ) ) ;
#4604 = ORIENTED_EDGE ( 'NONE', *, *, #1394, .T. ) ;
#4605 = CARTESIAN_POINT ( 'NONE',  ( -10.00000000000000000, 1.224646799147353059E-15, -45.00000000000000000 ) ) ;
#4606 = AXIS2_PLACEMENT_3D ( 'NONE', #2240, #4869, #8103 ) ;
#4607 = PLANE ( 'NONE',  #5144 ) ;
#4608 = ORIENTED_EDGE ( 'NONE', *, *, #1742, .T. ) ;
#4609 = AXIS2_PLACEMENT_3D ( 'NONE', #3434, #6093, #6005 ) ;
#4610 = CARTESIAN_POINT ( 'NONE',  ( -1.754347681397912428E-16, -1.154700538379251240, -1.040577039435783835 ) ) ;
#4611 = B_SPLINE_CURVE_WITH_KNOTS ( 'NONE', 3,
 ( #7146, #5234, #4600, #3918, #1497, #7191, #6671, #2056, #4641, #91, #737, #1317, #2601, #5317, #3963, #7911, #2092, #3245, #5203, #7792 ),
 .UNSPECIFIED., .F., .F.,
 ( 4, 2, 2, 2, 2, 2, 2, 2, 2, 4 ),
 ( 0.003920891487174440679, 0.004410872159994489589, 0.004900852832814538498, 0.005390833505634588275, 0.005880814178454637185, 0.006125804514864661640, 0.006370794851274686095, 0.006860775524094735872, 0.007350756196914784782, 0.007840736869734833692 ),
 .UNSPECIFIED. ) ;
#4612 = DIRECTION ( 'NONE',  ( -1.000000000000000000, -1.719470254348916462E-30, 2.290883888735602091E-30 ) ) ;
#4613 = CARTESIAN_POINT ( 'NONE',  ( 9.990475612820718609, 0.5016242121226529571, -7.236878871148285874 ) ) ;
#4614 = AXIS2_PLACEMENT_3D ( 'NONE', #5724, #1861, #23 ) ;
#4615 = CARTESIAN_POINT ( 'NONE',  ( 12.00000000000001066, -3.150257832373884839E-14, -7.500000000000009770 ) ) ;
#4616 = CARTESIAN_POINT ( 'NONE',  ( -1.754347681397912428E-16, -1.154700538379251240, 0.000000000000000000 ) ) ;
#4617 = VECTOR ( 'NONE', #7446, 1000.000000000000000 ) ;
#4618 = DIRECTION ( 'NONE',  ( 1.000000000000000000, 0.000000000000000000, 0.000000000000000000 ) ) ;
#4619 = DIRECTION ( 'NONE',  ( 0.000000000000000000, -3.830269434956792431E-15, -1.000000000000000000 ) ) ;
#4620 = AXIS2_PLACEMENT_3D ( 'NONE', #4066, #5375, #7973 ) ;
#4621 = DIRECTION ( 'NONE',  ( 0.000000000000000000, 0.000000000000000000, 1.000000000000000000 ) ) ;
#4622 = AXIS2_PLACEMENT_3D ( 'NONE', #133, #2769, #5356 ) ;
#4623 = CARTESIAN_POINT ( 'NONE',  ( -6.900751654963125148, 5.777985123009189650, -34.19791429391582938 ) ) ;
#4624 = DIRECTION ( 'NONE',  ( 0.000000000000000000, 1.000000000000000000, 0.000000000000000000 ) ) ;
#4625 = CIRCLE ( 'NONE', #1365, 11.99999999999999822 ) ;
#4626 = EDGE_LOOP ( 'NONE', ( #7822, #3906, #1937, #2640, #5620, #3662 ) ) ;
#4627 = CARTESIAN_POINT ( 'NONE',  ( 27.72523225958590487, -6.500000000000472511, -0.07435468243827822454 ) ) ;
#4628 =( NAMED_UNIT ( * ) PLANE_ANGLE_UNIT ( ) SI_UNIT ( $, .RADIAN. ) );
#4629 = CARTESIAN_POINT ( 'NONE',  ( -6.500000000000000888, 3.752776749732665174, 0.6847527127126029622 ) ) ;
#4630 = CARTESIAN_POINT ( 'NONE',  ( 0.000000000000000000, 0.000000000000000000, 0.000000000000000000 ) ) ;
#4631 = ORIENTED_EDGE ( 'NONE', *, *, #7503, .T. ) ;
#4632 = VERTEX_POINT ( 'NONE', #3078 ) ;
#4633 = APPLICATION_CONTEXT ( 'automotive_design' ) ;
#4634 = ORIENTED_EDGE ( 'NONE', *, *, #7923, .F. ) ;
#4635 = PRODUCT_DEFINITION_SHAPE ( 'NONE', 'NONE',  #226 ) ;
#4636 = CARTESIAN_POINT ( 'NONE',  ( 0.000000000000000000, 0.000000000000000000, 0.000000000000000000 ) ) ;
#4637 = CARTESIAN_POINT ( 'NONE',  ( 0.000000000000000000, 8.500000000000028422, 5.267826876426405569 ) ) ;
#4638 = AXIS2_PLACEMENT_3D ( 'NONE', #7353, #3409, #6665 ) ;
#4639 = EDGE_LOOP ( 'NONE', ( #6789, #344 ) ) ;
#4640 = DIRECTION ( 'NONE',  ( 0.000000000000000000, 3.830269434956790853E-15, 1.000000000000000000 ) ) ;
#4641 = CARTESIAN_POINT ( 'NONE',  ( 9.249934720989040571, -5.499985163862240789, -0.1654535344450830114 ) ) ;
#4642 = EDGE_LOOP ( 'NONE', ( #5162, #1091 ) ) ;
#4643 = DIRECTION ( 'NONE',  ( -1.000000000000000000, -0.000000000000000000, -0.000000000000000000 ) ) ;
#4644 = VERTEX_POINT ( 'NONE', #7700 ) ;
#4645 = CARTESIAN_POINT ( 'NONE',  ( 8.328465094276157998, 1.217148055798451090, -5.364017716912366396 ) ) ;
#4646 = PRODUCT_DEFINITION_CONTEXT ( 'detailed design', #5720, 'design' ) ;
#4647 = LINE ( 'NONE', #4569, #4338 ) ;
#4648 = ORIENTED_EDGE ( 'NONE', *, *, #5074, .F. ) ;
#4649 = CARTESIAN_POINT ( 'NONE',  ( -1.000000000000000444, -0.5773502691896253980, -1.040577039435783391 ) ) ;
#4650 = CYLINDRICAL_SURFACE ( 'NONE', #4221, 8.500000000000351719 ) ;
#4651 = EDGE_CURVE ( 'NONE', #5460, #7832, #5621, .T. ) ;
#4652 = CARTESIAN_POINT ( 'NONE',  ( 7.529117267924588575, 6.582348842871481587, -3.047846928585090875 ) ) ;
#4653 = EDGE_CURVE ( 'NONE', #6557, #5828, #6977, .T. ) ;
#4654 = EDGE_CURVE ( 'NONE', #3015, #5196, #6213, .T. ) ;
#4655 = CARTESIAN_POINT ( 'NONE',  ( 30.41421356237311713, -2.015054789694733589E-14, 8.250000000000301981 ) ) ;
#4656 = CARTESIAN_POINT ( 'NONE',  ( 6.908113425785709083, 0.6300394791156612717, -5.465891602901729485 ) ) ;
#4657 = DIRECTION ( 'NONE',  ( -0.000000000000000000, -0.000000000000000000, 1.000000000000000000 ) ) ;
#4658 = B_SPLINE_CURVE_WITH_KNOTS ( 'NONE', 3,
 ( #8261, #7628, #2439, #5039, #4403, #6980, #1151, #3759, #492, #3801, #3123, #8309, #2480, #130, #4561, #2765, #2675, #7828, #6624, #171, #662, #2723, #2123, #4039 ),
 .UNSPECIFIED., .F., .F.,
 ( 4, 2, 2, 2, 2, 2, 2, 2, 2, 2, 2, 4 ),
 ( 0.005012299668987341660, 0.005638678983257753262, 0.006265058297528165732, 0.006578247954663364594, 0.006891437611798563456, 0.007517816926068942099, 0.007831006583204140961, 0.008144196240339339823, 0.008457385897474540420, 0.008770575554609739283, 0.009396954868880152620, 0.01002333418315056596 ),
 .UNSPECIFIED. ) ;
#4659 = FACE_BOUND ( 'NONE', #8249, .T. ) ;
#4660 = CARTESIAN_POINT ( 'NONE',  ( 10.24390062427396764, 6.147340725478926216E-14, 6.250000000000011546 ) ) ;
#4661 = EDGE_CURVE ( 'NONE', #4887, #6502, #3936, .T. ) ;
#4662 = LINE ( 'NONE', #7166, #3797 ) ;
#4663 = ADVANCED_FACE ( 'NONE', ( #5583 ), #797, .F. ) ;
#4664 = CARTESIAN_POINT ( 'NONE',  ( 30.26083045403558103, -6.500000000000484057, -5.080600358224954149 ) ) ;
#4665 = CARTESIAN_POINT ( 'NONE',  ( 7.597169269064852237, -1.186146494290607700, 8.921550161362187481 ) ) ;
#4666 = DIRECTION ( 'NONE',  ( 2.290883888735606645E-30, -2.442490654175355827E-15, 1.000000000000000000 ) ) ;
#4667 = EDGE_LOOP ( 'NONE', ( #5308, #99, #5158, #2081 ) ) ;
#4668 = FACE_OUTER_BOUND ( 'NONE', #7199, .T. ) ;
#4669 = DIRECTION ( 'NONE',  ( -1.000000000000000000, -0.000000000000000000, -0.000000000000000000 ) ) ;
#4670 = DIRECTION ( 'NONE',  ( -2.469610187574633181E-30, -2.442490654175355433E-15, 1.000000000000000000 ) ) ;
#4671 = ORIENTED_EDGE ( 'NONE', *, *, #2393, .F. ) ;
#4672 = CLOSED_SHELL ( 'NONE', ( #7956, #2852, #889, #5746, #6275, #4951, #5020, #1962, #4128, #4375, #122, #4177, #8344, #2372, #6049, #4703, #3307 ) ) ;
#4673 = ORIENTED_EDGE ( 'NONE', *, *, #8189, .F. ) ;
#4674 = VERTEX_POINT ( 'NONE', #5035 ) ;
#4675 = CARTESIAN_POINT ( 'NONE',  ( 6.758019397067826617, 5.498161040970809488, 0.1633033339133401485 ) ) ;
#4676 = EDGE_LOOP ( 'NONE', ( #6748, #3, #3204, #7821, #5781, #8048 ) ) ;
#4677 = CYLINDRICAL_SURFACE ( 'NONE', #4104, 1.649999999999997691 ) ;
#4678 = CARTESIAN_POINT ( 'NONE',  ( 0.000000000000000000, 8.900000000000002132, 5.200000000000000178 ) ) ;
#4679 = ORIENTED_EDGE ( 'NONE', *, *, #3304, .T. ) ;
#4680 = CARTESIAN_POINT ( 'NONE',  ( 4.000000000000003553, -1.483121902016822913E-14, -4.000000000000000000 ) ) ;
#4681 = ORIENTED_EDGE ( 'NONE', *, *, #2935, .F. ) ;
#4682 = EDGE_CURVE ( 'NONE', #5528, #2813, #8314, .T. ) ;
#4683 = DIRECTION ( 'NONE',  ( 0.4999999999999998890, 0.000000000000000000, 0.8660254037844387076 ) ) ;
#4684 =( NAMED_UNIT ( * ) SI_UNIT ( $, .STERADIAN. ) SOLID_ANGLE_UNIT ( ) );
#4685 = DIRECTION ( 'NONE',  ( 1.000000000000000000, 0.000000000000000000, 0.000000000000000000 ) ) ;
#4686 = EDGE_LOOP ( 'NONE', ( #7022, #3791, #7657, #7862 ) ) ;
#4687 = CARTESIAN_POINT ( 'NONE',  ( 9.814954576223639648, 6.900000000000000355, -3.622444160865513523E-15 ) ) ;
#4688 = EDGE_CURVE ( 'NONE', #5112, #4407, #7337, .T. ) ;
#4689 = CARTESIAN_POINT ( 'NONE',  ( 1.040949779275316601E-15, -4.000000000000231815, -8.499999999999989342 ) ) ;
#4690 = CARTESIAN_POINT ( 'NONE',  ( 0.000000000000000000, 0.000000000000000000, 0.000000000000000000 ) ) ;
#4691 = CARTESIAN_POINT ( 'NONE',  ( 6.749999999999998224, 0.000000000000000000, 2.250000000000000000 ) ) ;
#4692 = CARTESIAN_POINT ( 'NONE',  ( 4.898587196589582434E-16, -6.000000000000398792, 4.000000000000014211 ) ) ;
#4693 = CARTESIAN_POINT ( 'NONE',  ( 7.001084621625835780, 0.7687687882085765256, -5.447249015677655848 ) ) ;
#4694 = CARTESIAN_POINT ( 'NONE',  ( 0.000000000000000000, 0.000000000000000000, 35.99999999999999289 ) ) ;
#4695 = CARTESIAN_POINT ( 'NONE',  ( -2.662405555120905384E-30, -3.337024279537855104E-14, -9.000000000000010658 ) ) ;
#4696 = EDGE_CURVE ( 'NONE', #6944, #7451, #4437, .T. ) ;
#4697 = CARTESIAN_POINT ( 'NONE',  ( 9.250000000000012434, -0.1654351656551090732, 9.000000000000008882 ) ) ;
#4698 = EDGE_CURVE ( 'NONE', #6544, #847, #446, .T. ) ;
#4699 = PRODUCT_DEFINITION_SHAPE ( 'NONE', 'NONE',  #8444 ) ;
#4700 = CARTESIAN_POINT ( 'NONE',  ( -5.287936917023828620, 7.291989201693200862, -37.60738383613922764 ) ) ;
#4701 = CARTESIAN_POINT ( 'NONE',  ( 5.500000000000005329, 0.000000000000000000, -5.473822126268816683E-45 ) ) ;
#4702 = CARTESIAN_POINT ( 'NONE',  ( 7.500000000000000000, 3.367778697655221012E-16, -2.750000000000000000 ) ) ;
#4703 = ADVANCED_FACE ( 'NONE', ( #1718 ), #4311, .F. ) ;
#4704 = VERTEX_POINT ( 'NONE', #1189 ) ;
#4705 = CARTESIAN_POINT ( 'NONE',  ( 6.500000000000000888, 0.6263818704200201370, 3.731761184457490721 ) ) ;
#4706 = FILL_AREA_STYLE_COLOUR ( '', #5227 ) ;
#4707 = CIRCLE ( 'NONE', #606, 6.000000000000000888 ) ;
#4708 = CARTESIAN_POINT ( 'NONE',  ( 2.049999999999998934, 9.000000000000001776, 2.549999999999999822 ) ) ;
#4709 = CARTESIAN_POINT ( 'NONE',  ( 10.63403537283323175, -4.353067081425203710, -4.485562182165995893 ) ) ;
#4710 = VERTEX_POINT ( 'NONE', #3798 ) ;
#4711 = ADVANCED_FACE ( 'NONE', ( #3165, #6263 ), #3038, .F. ) ;
#4712 = B_SPLINE_CURVE_WITH_KNOTS ( 'NONE', 3,
 ( #7368, #6722, #886, #6085, #5956, #237, #2875, #5461, #58, #711, #7919, #1382, #3339, #5915, #102, #2100, #2689, #5286, #7883, #4010, #6596, #748, #1770, #6217, #5538, #2358, #7538, #4945, #4185, #412, #8095, #7580, #6894, #4367, #6763, #6945, #5626, #1637, #4236, #6852, #938, #977, #4901, #1682, #6809, #3600 ),
 .UNSPECIFIED., .F., .F.,
 ( 4, 2, 2, 2, 2, 2, 2, 2, 2, 2, 2, 2, 2, 2, 2, 2, 2, 2, 2, 2, 2, 2, 4 ),
 ( 0.02273717132267115415, 0.02344677004960173464, 0.02415636877653231512, 0.02557556623039346916, 0.02699476368425462666, 0.02841396113811578417, 0.02983315859197694167, 0.03054275731890751869, 0.03125235604583809917, 0.03196195477276867619, 0.03267155349969925321, 0.03409075095356042806, 0.03550994840742160985, 0.03621954713435218687, 0.03692914586128276389, 0.03763874458821334090, 0.03834834331514391792, 0.03976754076900507195, 0.04118673822286622599, 0.04260593567672738002, 0.04331553440365795704, 0.04402513313058852018, 0.04544433058444967422 ),
 .UNSPECIFIED. ) ;
#4713 = VERTEX_POINT ( 'NONE', #6889 ) ;
#4714 = ORIENTED_EDGE ( 'NONE', *, *, #2041, .F. ) ;
#4715 = DIRECTION ( 'NONE',  ( -1.000000000000000000, -0.000000000000000000, -0.000000000000000000 ) ) ;
#4716 = AXIS2_PLACEMENT_3D ( 'NONE', #78, #4588, #7817 ) ;
#4717 = EDGE_CURVE ( 'NONE', #2162, #5513, #8259, .T. ) ;
#4718 = DIRECTION ( 'NONE',  ( 0.000000000000000000, 0.000000000000000000, 1.000000000000000000 ) ) ;
#4719 = DIRECTION ( 'NONE',  ( 1.000000000000000000, -0.000000000000000000, -0.000000000000000000 ) ) ;
#4720 = ORIENTED_EDGE ( 'NONE', *, *, #5455, .T. ) ;
#4721 = CARTESIAN_POINT ( 'NONE',  ( 0.000000000000000000, 0.000000000000000000, 0.000000000000000000 ) ) ;
#4722 = CIRCLE ( 'NONE', #3239, 2.999999999999988898 ) ;
#4723 = DIRECTION ( 'NONE',  ( -2.469610187574633181E-30, -2.442490654175355433E-15, 1.000000000000000000 ) ) ;
#4724 = DIRECTION ( 'NONE',  ( -2.469610187574633181E-30, -2.442490654175355433E-15, 1.000000000000000000 ) ) ;
#4725 =( LENGTH_UNIT ( ) NAMED_UNIT ( * ) SI_UNIT ( .MILLI., .METRE. ) );
#4726 = DIRECTION ( 'NONE',  ( 0.000000000000000000, 0.000000000000000000, 1.000000000000000000 ) ) ;
#4727 = ORIENTED_EDGE ( 'NONE', *, *, #4651, .T. ) ;
#4728 = DIRECTION ( 'NONE',  ( -0.000000000000000000, -0.000000000000000000, 1.000000000000000000 ) ) ;
#4729 = AXIS2_PLACEMENT_3D ( 'NONE', #3607, #853, #7375 ) ;
#4730 = CIRCLE ( 'NONE', #7980, 3.323417653124999926 ) ;
#4731 = FACE_BOUND ( 'NONE', #3633, .T. ) ;
#4732 = CYLINDRICAL_SURFACE ( 'NONE', #1778, 9.000000000000000000 ) ;
#4733 = CARTESIAN_POINT ( 'NONE',  ( 7.670371951651850928, -8.917602332271922450, 1.216691992414940859 ) ) ;
#4734 = STYLED_ITEM ( 'NONE', ( #8217 ), #3461 ) ;
#4735 = VECTOR ( 'NONE', #3773, 1000.000000000000000 ) ;
#4736 = FACE_OUTER_BOUND ( 'NONE', #1232, .T. ) ;
#4737 = CARTESIAN_POINT ( 'NONE',  ( 8.999524719184934796, -0.7683375872434714537, -5.447334110756181680 ) ) ;
#4738 = DIRECTION ( 'NONE',  ( -0.000000000000000000, -1.000000000000000000, -0.000000000000000000 ) ) ;
#4739 = CIRCLE ( 'NONE', #366, 1.300000000000000044 ) ;
#4740 = CARTESIAN_POINT ( 'NONE',  ( 29.14200320212116324, 6.500000000000314415, -4.328820317928314232 ) ) ;
#4741 = PLANE ( 'NONE',  #4372 ) ;
#4742 =( GEOMETRIC_REPRESENTATION_CONTEXT ( 3 ) GLOBAL_UNCERTAINTY_ASSIGNED_CONTEXT ( ( #6272 ) ) GLOBAL_UNIT_ASSIGNED_CONTEXT ( ( #1687, #3005, #3604 ) ) REPRESENTATION_CONTEXT ( 'NONE', 'WORKASPACE' ) );
#4743 = AXIS2_PLACEMENT_3D ( 'NONE', #2321, #2825, #1645 ) ;
#4744 = CARTESIAN_POINT ( 'NONE',  ( 6.749999999999998224, 0.000000000000000000, 0.000000000000000000 ) ) ;
#4745 = EDGE_CURVE ( 'NONE', #5266, #4352, #3120, .T. ) ;
#4746 = CARTESIAN_POINT ( 'NONE',  ( -6.938009603213616039, 5.732849202341240513, -33.96037672163554078 ) ) ;
#4747 = LINE ( 'NONE', #1522, #1230 ) ;
#4748 = ADVANCED_FACE ( 'NONE', ( #2555 ), #1789, .T. ) ;
#4749 = VECTOR ( 'NONE', #1974, 1000.000000000000000 ) ;
#4750 = CARTESIAN_POINT ( 'NONE',  ( 3.323417653124999926, 4.070012791129339714E-16, 4.000000000000000000 ) ) ;
#4751 = EDGE_LOOP ( 'NONE', ( #310, #3596, #527, #596, #2899, #6123 ) ) ;
#4752 = VECTOR ( 'NONE', #8143, 1000.000000000000000 ) ;
#4753 = CYLINDRICAL_SURFACE ( 'NONE', #640, 1.249999999999999334 ) ;
#4754 =( LENGTH_UNIT ( ) NAMED_UNIT ( * ) SI_UNIT ( .MILLI., .METRE. ) );
#4755 = DIRECTION ( 'NONE',  ( 0.000000000000000000, 0.000000000000000000, -1.000000000000000000 ) ) ;
#4756 = CARTESIAN_POINT ( 'NONE',  ( 10.72325107419569079, -4.266316479025182851, -4.569316491534488378 ) ) ;
#4757 = VERTEX_POINT ( 'NONE', #6424 ) ;
#4758 = VECTOR ( 'NONE', #6428, 1000.000000000000000 ) ;
#4759 = VERTEX_POINT ( 'NONE', #1886 ) ;
#4760 = AXIS2_PLACEMENT_3D ( 'NONE', #2781, #2235, #6769 ) ;
#4761 = EDGE_CURVE ( 'NONE', #6207, #5513, #4852, .T. ) ;
#4762 = VERTEX_POINT ( 'NONE', #6687 ) ;
#4763 = CARTESIAN_POINT ( 'NONE',  ( 0.000000000000000000, 4.000000000000195399, -9.769962616701797230E-15 ) ) ;
#4764 = CONICAL_SURFACE ( 'NONE', #5320, 10.00000000000001421, 0.7853981633974482790 ) ;
#4765 = EDGE_LOOP ( 'NONE', ( #7035, #6812, #5015, #6128 ) ) ;
#4766 = DIRECTION ( 'NONE',  ( 1.719470254348924520E-30, 2.290883888735616804E-30, -1.000000000000000000 ) ) ;
#4767 = AXIS2_PLACEMENT_3D ( 'NONE', #4178, #2910, #4096 ) ;
#4768 = CARTESIAN_POINT ( 'NONE',  ( 9.250000000000007105, -3.337024279537924524E-14, -9.000000000000000000 ) ) ;
#4769 = CARTESIAN_POINT ( 'NONE',  ( -8.990957502139400148, 0.4162395822751919772, -44.54845907281570305 ) ) ;
#4770 = EDGE_LOOP ( 'NONE', ( #3026, #1367, #7381, #7409 ) ) ;
#4771 = CARTESIAN_POINT ( 'NONE',  ( 0.000000000000000000, 0.000000000000000000, 36.00000000000000000 ) ) ;
#4772 = ORIENTED_EDGE ( 'NONE', *, *, #6259, .F. ) ;
#4773 = EDGE_CURVE ( 'NONE', #4402, #273, #6522, .T. ) ;
#4774 = DIRECTION ( 'NONE',  ( -1.767428939690774316E-16, 0.000000000000000000, -1.000000000000000000 ) ) ;
#4775 = LINE ( 'NONE', #319, #2965 ) ;
#4776 = CARTESIAN_POINT ( 'NONE',  ( 7.672374392015907318, 1.217396119608145311, 8.917508796204975496 ) ) ;
#4777 = ORIENTED_EDGE ( 'NONE', *, *, #7422, .T. ) ;
#4778 = CARTESIAN_POINT ( 'NONE',  ( -10.00000000000000000, 0.000000000000000000, -41.39999999999992752 ) ) ;
#4779 = ORIENTED_EDGE ( 'NONE', *, *, #7908, .T. ) ;
#4780 = DIRECTION ( 'NONE',  ( 0.000000000000000000, 3.830269434956790853E-15, 1.000000000000000000 ) ) ;
#4781 = CARTESIAN_POINT ( 'NONE',  ( 0.000000000000000000, 0.000000000000000000, -1.949999999999999067 ) ) ;
#4782 = CARTESIAN_POINT ( 'NONE',  ( 36.00000000000000711, -1.892930256985970156E-14, 7.750000000000325073 ) ) ;
#4783 = PRODUCT_DEFINITION_FORMATION_WITH_SPECIFIED_SOURCE ( 'ANY', '', #1298, .NOT_KNOWN. ) ;
#4784 = EDGE_CURVE ( 'NONE', #3564, #2621, #2958, .T. ) ;
#4785 = EDGE_LOOP ( 'NONE', ( #3199, #3033 ) ) ;
#4786 = DIRECTION ( 'NONE',  ( -2.469610187574633532E-30, -2.503857664561828838E-15, 1.000000000000000000 ) ) ;
#4787 = DIRECTION ( 'NONE',  ( -1.000000000000000000, -2.536951011547150738E-31, -2.465190328815656637E-31 ) ) ;
#4788 = CARTESIAN_POINT ( 'NONE',  ( 0.5999999999999894307, 8.500000000000026645, 5.267826876426402904 ) ) ;
#4789 = CARTESIAN_POINT ( 'NONE',  ( 0.000000000000000000, 0.000000000000000000, 2.948417653125003035 ) ) ;
#4790 = CARTESIAN_POINT ( 'NONE',  ( -3.802141827538299435, 5.310385891838776296, 3.731303807179117360 ) ) ;
#4791 = DIRECTION ( 'NONE',  ( 1.000000000000000000, 0.000000000000000000, 0.000000000000000000 ) ) ;
#4792 = CARTESIAN_POINT ( 'NONE',  ( -3.191080880426750088, 8.418031251685352601, -39.23448870015474910 ) ) ;
#4793 = CARTESIAN_POINT ( 'NONE',  ( 6.790191278868728197, -0.3248817754004698077, 8.994491964728293709 ) ) ;
#4794 = CARTESIAN_POINT ( 'NONE',  ( 6.000000000000000000, 0.000000000000000000, 0.000000000000000000 ) ) ;
#4795 = VERTEX_POINT ( 'NONE', #2879 ) ;
#4796 = FILL_AREA_STYLE_COLOUR ( '', #5419 ) ;
#4797 = CARTESIAN_POINT ( 'NONE',  ( -6.614378277661481675, 4.500000000000205169, -1.099120794378947574E-14 ) ) ;
#4798 = CARTESIAN_POINT ( 'NONE',  ( 2.136636612411463521, -9.769129788152630667, -0.8238157522917185505 ) ) ;
#4799 = LINE ( 'NONE', #4165, #2970 ) ;
#4800 = ORIENTED_EDGE ( 'NONE', *, *, #4037, .T. ) ;
#4801 = B_SPLINE_CURVE_WITH_KNOTS ( 'NONE', 3,
 ( #5542, #2486, #1857, #4446, #6392, #5719, #8317, #1199, #7673, #5089, #7025, #3809, #3131, #6797, #172, #5395, #4305, #2904, #2941, #3628, #2807, #6071, #4848, #7525, #4769, #4936, #4131, #4223 ),
 .UNSPECIFIED., .F., .F.,
 ( 4, 2, 2, 2, 2, 2, 2, 2, 2, 2, 2, 2, 2, 4 ),
 ( 0.000000000000000000, 0.0003132687293117071190, 0.0006265374586234142380, 0.0009398061879351213028, 0.001253074917246828476, 0.001879612375870242606, 0.002506149834493656952, 0.002819418563805364125, 0.003132687293117071298, 0.003759224751740503859, 0.004072493481052213635, 0.004385762210363922976, 0.004699030939675632318, 0.005012299668987341660 ),
 .UNSPECIFIED. ) ;
#4802 = ORIENTED_EDGE ( 'NONE', *, *, #1214, .F. ) ;
#4803 = EDGE_LOOP ( 'NONE', ( #241, #2428, #4126, #709, #7899 ) ) ;
#4804 = CARTESIAN_POINT ( 'NONE',  ( 8.000000000000007105, 1.250000000000017986, 5.356071321407132935 ) ) ;
#4805 = VERTEX_POINT ( 'NONE', #850 ) ;
#4806 = CARTESIAN_POINT ( 'NONE',  ( -3.678408468852647923E-45, 3.579879670579820424E-45, -51.00000000000000711 ) ) ;
#4807 = ADVANCED_FACE ( 'NONE', ( #4736, #4906 ), #8141, .F. ) ;
#4808 = ADVANCED_FACE ( 'NONE', ( #3433 ), #2870, .F. ) ;
#4809 = LINE ( 'NONE', #4266, #6747 ) ;
#4810 = CARTESIAN_POINT ( 'NONE',  ( 4.907477288111809166, 6.900000000000000355, -8.500000000000015987 ) ) ;
#4811 = ORIENTED_EDGE ( 'NONE', *, *, #3879, .T. ) ;
#4812 = VECTOR ( 'NONE', #282, 1000.000000000000000 ) ;
#4813 = ADVANCED_FACE ( 'NONE', ( #8098 ), #1555, .F. ) ;
#4814 = EDGE_LOOP ( 'NONE', ( #8241, #5658, #6707, #3364, #3624, #941 ) ) ;
#4815 = CARTESIAN_POINT ( 'NONE',  ( 0.000000000000000000, 0.000000000000000000, 0.000000000000000000 ) ) ;
#4816 =( NAMED_UNIT ( * ) PLANE_ANGLE_UNIT ( ) SI_UNIT ( $, .RADIAN. ) );
#4817 = CARTESIAN_POINT ( 'NONE',  ( 7.373421248034318864, 1.084692581724852056, 8.934513132888595166 ) ) ;
#4818 = VERTEX_POINT ( 'NONE', #981 ) ;
#4819 = CARTESIAN_POINT ( 'NONE',  ( 4.326034189509552874, 5.007916495628283116, 0.3055301231102650616 ) ) ;
#4820 = EDGE_CURVE ( 'NONE', #287, #7943, #7453, .T. ) ;
#4821 = CARTESIAN_POINT ( 'NONE',  ( 0.000000000000000000, 0.000000000000000000, -88.99999999999997158 ) ) ;
#4822 = ORIENTED_EDGE ( 'NONE', *, *, #3833, .F. ) ;
#4823 = LINE ( 'NONE', #6137, #8151 ) ;
#4824 = CARTESIAN_POINT ( 'NONE',  ( 6.915592332267991971, -8.978385789656480043, -0.6270676126094105740 ) ) ;
#4825 = ORIENTED_EDGE ( 'NONE', *, *, #3466, .T. ) ;
#4826 = CARTESIAN_POINT ( 'NONE',  ( 7.232760549098081526, -1.000499397390165912, -8.944982259658898371 ) ) ;
#4827 = CARTESIAN_POINT ( 'NONE',  ( 7.556271208071574819, 7.834447611423407842, -7.556271208071581924 ) ) ;
#4828 = CARTESIAN_POINT ( 'NONE',  ( 8.327995714986245801, -1.217150772570651185, -8.917538762632466032 ) ) ;
#4829 = DIRECTION ( 'NONE',  ( 0.000000000000000000, -2.442490654175355433E-15, 1.000000000000000000 ) ) ;
#4830 = LINE ( 'NONE', #4695, #6118 ) ;
#4831 = CARTESIAN_POINT ( 'NONE',  ( 8.000000000000007105, 1.250000000000034195, 10.00000000000004619 ) ) ;
#4832 = DIRECTION ( 'NONE',  ( -0.000000000000000000, -0.000000000000000000, -1.000000000000000000 ) ) ;
#4833 = DIRECTION ( 'NONE',  ( -1.000000000000000000, -2.536951011547150738E-31, -2.465190328815656637E-31 ) ) ;
#4834 = DIRECTION ( 'NONE',  ( -1.898196553187937393E-30, -1.000000000000000000, 2.442490654175333739E-15 ) ) ;
#4835 = ORIENTED_EDGE ( 'NONE', *, *, #2065, .F. ) ;
#4836 = CARTESIAN_POINT ( 'NONE',  ( -2.050000000000000711, 9.000000000000001776, 2.049999999999999822 ) ) ;
#4837 = B_SPLINE_CURVE_WITH_KNOTS ( 'NONE', 3,
 ( #4411, #6988, #4323, #3176, #2402, #5756, #2363, #2527, #3810, #5721, #4950, #1726, #6902, #6351, #6437, #3132, #6393, #2488, #8355, #6951, #3728, #1248, #7713, #1075, #6276, #7027, #7586, #7674 ),
 .UNSPECIFIED., .F., .F.,
 ( 4, 2, 2, 2, 2, 2, 2, 2, 2, 2, 2, 2, 2, 4 ),
 ( 0.000000000000000000, 0.0003131490185286175303, 0.0006262980370572350606, 0.0009394470555858525909, 0.001252596074114470121, 0.001878894111171690003, 0.002505192148228909885, 0.002818341166757509526, 0.003131490185286109167, 0.003757788222343308882, 0.004070937240871915462, 0.004384086259400521608, 0.004697235277929128622, 0.005010384296457735635 ),
 .UNSPECIFIED. ) ;
#4838 = DIRECTION ( 'NONE',  ( -0.000000000000000000, -0.000000000000000000, 1.000000000000000000 ) ) ;
#4839 = CARTESIAN_POINT ( 'NONE',  ( 3.307899523879700432, -9.440181176186323242, 3.307899523879716863 ) ) ;
#4840 = SPHERICAL_SURFACE ( 'NONE', #4050, 3.063726656943547955 ) ;
#4841 = ORIENTED_EDGE ( 'NONE', *, *, #154, .F. ) ;
#4842 = ORIENTED_EDGE ( 'NONE', *, *, #1587, .F. ) ;
#4843 = CARTESIAN_POINT ( 'NONE',  ( 7.231708049274384820, 0.9995584823694541043, 5.409685185379488281 ) ) ;
#4844 = EDGE_LOOP ( 'NONE', ( #1438, #8416, #1542, #510 ) ) ;
#4845 = PRODUCT_CONTEXT ( 'NONE', #1149, 'mechanical' ) ;
#4846 = AXIS2_PLACEMENT_3D ( 'NONE', #7639, #1080, #4326 ) ;
#4847 = DIRECTION ( 'NONE',  ( 0.000000000000000000, -3.830269434956790853E-15, -1.000000000000000000 ) ) ;
#4848 = CARTESIAN_POINT ( 'NONE',  ( -8.972513416554269483, 0.7095134370713823690, -44.43790215945792710 ) ) ;
#4849 = ORIENTED_EDGE ( 'NONE', *, *, #3853, .F. ) ;
#4850 = EDGE_LOOP ( 'NONE', ( #236, #8005, #8184, #209 ) ) ;
#4851 = CARTESIAN_POINT ( 'NONE',  ( -1.800000000000000044, 2.204364238465235576E-16, -1.649999999999999023 ) ) ;
#4852 = B_SPLINE_CURVE_WITH_KNOTS ( 'NONE', 3,
 ( #3846, #1235, #575, #3202, #5504, #1596, #6644, #4826, #328, #6182, #804, #3565, #5416, #6727 ),
 .UNSPECIFIED., .F., .F.,
 ( 4, 2, 2, 2, 2, 2, 4 ),
 ( 0.001956860553101590940, 0.002201352477947508563, 0.002445844402793426187, 0.002934828252485262301, 0.003423812102177098849, 0.003668304027023017340, 0.003912795951868932795 ),
 .UNSPECIFIED. ) ;
#4853 =( NAMED_UNIT ( * ) SI_UNIT ( $, .STERADIAN. ) SOLID_ANGLE_UNIT ( ) );
#4854 = ORIENTED_EDGE ( 'NONE', *, *, #3777, .F. ) ;
#4855 = FACE_OUTER_BOUND ( 'NONE', #4386, .T. ) ;
#4856 = AXIS2_PLACEMENT_3D ( 'NONE', #4636, #7229, #5484 ) ;
#4857 = EDGE_LOOP ( 'NONE', ( #2541, #439, #3039, #6936, #8265, #8114, #7388, #7944 ) ) ;
#4858 = DIRECTION ( 'NONE',  ( -0.000000000000000000, 0.000000000000000000, 1.000000000000000000 ) ) ;
#4859 = ORIENTED_EDGE ( 'NONE', *, *, #7716, .T. ) ;
#4860 = CARTESIAN_POINT ( 'NONE',  ( -9.000000000000000000, 1.102182119232617714E-15, 36.00000000000000000 ) ) ;
#4861 = DIRECTION ( 'NONE',  ( -1.000000000000000000, -1.719470254348916462E-30, 2.290883888735602091E-30 ) ) ;
#4862 = ADVANCED_FACE ( 'NONE', ( #147 ), #1465, .F. ) ;
#4863 = EDGE_LOOP ( 'NONE', ( #3758, #6545 ) ) ;
#4864 = DIRECTION ( 'NONE',  ( -1.000000000000000000, -1.719470254348916462E-30, 2.290883888735602091E-30 ) ) ;
#4865 = CARTESIAN_POINT ( 'NONE',  ( 36.00000000000000711, 1.074695887837210822E-14, -4.400000000000182432 ) ) ;
#4866 = CARTESIAN_POINT ( 'NONE',  ( 8.941244327741785014, -0.8265605467226856407, -8.962150937794604033 ) ) ;
#4867 = LINE ( 'NONE', #8144, #628 ) ;
#4868 = CARTESIAN_POINT ( 'NONE',  ( 6.749967451227842474, -5.500007397447658875, -0.08133494840920162117 ) ) ;
#4869 = DIRECTION ( 'NONE',  ( -1.000000000000000000, -0.000000000000000000, -0.000000000000000000 ) ) ;
#4870 = VECTOR ( 'NONE', #4021, 1000.000000000000000 ) ;
#4871 = FACE_BOUND ( 'NONE', #2254, .T. ) ;
#4872 = DIRECTION ( 'NONE',  ( -2.469610187574633181E-30, -2.442490654175355433E-15, 1.000000000000000000 ) ) ;
#4873 = AXIS2_PLACEMENT_3D ( 'NONE', #4069, #3444, #3277 ) ;
#4874 = CARTESIAN_POINT ( 'NONE',  ( 10.82531754730547924, -3.500000000000194067, 5.178078794302143351 ) ) ;
#4875 = ORIENTED_EDGE ( 'NONE', *, *, #5777, .F. ) ;
#4876 = PLANE ( 'NONE',  #768 ) ;
#4877 = PRESENTATION_LAYER_ASSIGNMENT (  '', '', ( #5688 ) ) ;
#4878 = DIRECTION ( 'NONE',  ( -1.000000000000000000, -1.719470254348916462E-30, 2.290883888735602091E-30 ) ) ;
#4879 = AXIS2_PLACEMENT_3D ( 'NONE', #330, #4282, #4194 ) ;
#4880 = CARTESIAN_POINT ( 'NONE',  ( 3.307891832327159332, -9.440184083319925534, -3.307891832327146009 ) ) ;
#4881 = CARTESIAN_POINT ( 'NONE',  ( 10.82531754730547924, -3.500000000000196287, -5.178078794302169108 ) ) ;
#4882 = ORIENTED_EDGE ( 'NONE', *, *, #4138, .F. ) ;
#4883 = AXIS2_PLACEMENT_3D ( 'NONE', #1899, #7116, #3887 ) ;
#4884 = AXIS2_PLACEMENT_3D ( 'NONE', #5090, #6311, #5628 ) ;
#4885 = ORIENTED_EDGE ( 'NONE', *, *, #6764, .F. ) ;
#4886 = DIRECTION ( 'NONE',  ( -0.000000000000000000, -0.000000000000000000, 1.000000000000000000 ) ) ;
#4887 = VERTEX_POINT ( 'NONE', #6092 ) ;
#4888 = SHAPE_DEFINITION_REPRESENTATION ( #1572, #5983 ) ;
#4889 = VECTOR ( 'NONE', #5906, 999.9999999999998863 ) ;
#4890 = CARTESIAN_POINT ( 'NONE',  ( 0.000000000000000000, 0.000000000000000000, 20.70967811865458685 ) ) ;
#4891 = CARTESIAN_POINT ( 'NONE',  ( 0.000000000000000000, 0.000000000000000000, -7.150000000000000355 ) ) ;
#4892 = EDGE_LOOP ( 'NONE', ( #353, #2004 ) ) ;
#4893 = VERTEX_POINT ( 'NONE', #3603 ) ;
#4894 = CARTESIAN_POINT ( 'NONE',  ( 4.199999999999981526, -3.469446951953614189E-15, -1.733336949948512268E-30 ) ) ;
#4895 = CARTESIAN_POINT ( 'NONE',  ( 14.00000000000001243, -3.368694212468888932E-14, -8.400000000000009237 ) ) ;
#4896 = ORIENTED_EDGE ( 'NONE', *, *, #2572, .T. ) ;
#4897 = AXIS2_PLACEMENT_3D ( 'NONE', #7275, #704, #1503 ) ;
#4898 = CARTESIAN_POINT ( 'NONE',  ( 0.000000000000000000, 9.000000000000000000, -26.00000000000002132 ) ) ;
#4899 = CARTESIAN_POINT ( 'NONE',  ( 8.835786437626946821, 5.500000000000162537, -10.00000000000028955 ) ) ;
#4900 = ORIENTED_EDGE ( 'NONE', *, *, #7925, .T. ) ;
#4901 = CARTESIAN_POINT ( 'NONE',  ( 1.641278058953927754, 9.867116120145139391, -26.19109823570796891 ) ) ;
#4902 = VECTOR ( 'NONE', #1568, 999.9999999999998863 ) ;
#4903 = CARTESIAN_POINT ( 'NONE',  ( 0.8365167764234120451, -0.6717373523295567805, -1.095071447296522615 ) ) ;
#4904 = ADVANCED_FACE ( 'NONE', ( #4055 ), #1513, .F. ) ;
#4905 = ORIENTED_EDGE ( 'NONE', *, *, #531, .T. ) ;
#4906 = FACE_BOUND ( 'NONE', #4642, .T. ) ;
#4907 = CARTESIAN_POINT ( 'NONE',  ( 0.000000000000000000, 0.000000000000000000, 0.000000000000000000 ) ) ;
#4908 = CARTESIAN_POINT ( 'NONE',  ( 10.00000000000000000, 0.000000000000000000, -45.00000000000000000 ) ) ;
#4909 = CARTESIAN_POINT ( 'NONE',  ( 2.749183594511859230, -9.678528302459350030, -2.519505514330119045 ) ) ;
#4910 = EDGE_CURVE ( 'NONE', #3678, #4893, #2141, .T. ) ;
#4911 = AXIS2_PLACEMENT_3D ( 'NONE', #6463, #6305, #5661 ) ;
#4912 = DIRECTION ( 'NONE',  ( -1.000000000000000000, 0.000000000000000000, 0.000000000000000000 ) ) ;
#4913 = VECTOR ( 'NONE', #2407, 1000.000000000000114 ) ;
#4914 = EDGE_CURVE ( 'NONE', #4008, #1001, #1086, .T. ) ;
#4915 = EDGE_CURVE ( 'NONE', #4038, #885, #1360, .T. ) ;
#4916 = EDGE_CURVE ( 'NONE', #937, #3792, #2920, .T. ) ;
#4917 = LINE ( 'NONE', #7418, #4913 ) ;
#4918 = CARTESIAN_POINT ( 'NONE',  ( 7.672240769087434131, 1.217346474977969883, -8.917515329944714964 ) ) ;
#4919 = PLANE ( 'NONE',  #5819 ) ;
#4920 = PRODUCT_DEFINITION_FORMATION_WITH_SPECIFIED_SOURCE ( 'ANY', '', #4228, .NOT_KNOWN. ) ;
#4921 = EDGE_LOOP ( 'NONE', ( #5565, #6161 ) ) ;
#4922 = EDGE_CURVE ( 'NONE', #8031, #8375, #243, .T. ) ;
#4923 = DIRECTION ( 'NONE',  ( -1.000000000000000000, 0.000000000000000000, -0.000000000000000000 ) ) ;
#4924 = EDGE_CURVE ( 'NONE', #1589, #5065, #7200, .T. ) ;
#4925 = CARTESIAN_POINT ( 'NONE',  ( 3.535533905932743970, -9.354143466934859319, 3.535533905932752852 ) ) ;
#4926 = CARTESIAN_POINT ( 'NONE',  ( 0.000000000000000000, 0.000000000000000000, 0.000000000000000000 ) ) ;
#4927 = ORIENTED_EDGE ( 'NONE', *, *, #1387, .F. ) ;
#4928 = EDGE_CURVE ( 'NONE', #1001, #7786, #1605, .T. ) ;
#4929 = ORIENTED_EDGE ( 'NONE', *, *, #4554, .T. ) ;
#4930 = VERTEX_POINT ( 'NONE', #2792 ) ;
#4931 = CARTESIAN_POINT ( 'NONE',  ( 0.000000000000000000, 0.000000000000000000, 2.250000000000000000 ) ) ;
#4932 = ORIENTED_EDGE ( 'NONE', *, *, #6193, .T. ) ;
#4933 = PRODUCT_CONTEXT ( 'NONE', #2617, 'mechanical' ) ;
#4934 = CONICAL_SURFACE ( 'NONE', #6007, 10.00000000000001421, 0.7853981633974482790 ) ;
#4935 = DIRECTION ( 'NONE',  ( 1.000000000000000000, 2.536951011547150738E-31, 2.465190328815656637E-31 ) ) ;
#4936 = CARTESIAN_POINT ( 'NONE',  ( -8.998120272169554568, 0.2107220033614014831, -44.58952103708547554 ) ) ;
#4937 = ORIENTED_EDGE ( 'NONE', *, *, #5847, .F. ) ;
#4938 = ORIENTED_EDGE ( 'NONE', *, *, #6837, .F. ) ;
#4939 = DIRECTION ( 'NONE',  ( 0.000000000000000000, -2.442490654175355433E-15, 1.000000000000000000 ) ) ;
#4940 = EDGE_LOOP ( 'NONE', ( #3328, #5318, #3489, #5140 ) ) ;
#4941 = CARTESIAN_POINT ( 'NONE',  ( 5.849999999999996092, 7.164183775012011492E-16, 4.001000000000001222 ) ) ;
#4942 = VECTOR ( 'NONE', #1017, 1000.000000000000000 ) ;
#4943 = CARTESIAN_POINT ( 'NONE',  ( 0.000000000000000000, 0.000000000000000000, 2.948417653125003035 ) ) ;
#4944 = ORIENTED_EDGE ( 'NONE', *, *, #6414, .F. ) ;
#4945 = CARTESIAN_POINT ( 'NONE',  ( 6.608824641700800306, 7.505468983612137102, -30.68124750842070725 ) ) ;
#4946 = CIRCLE ( 'NONE', #6440, 9.000000000000000000 ) ;
#4947 = VERTEX_POINT ( 'NONE', #255 ) ;
#4948 = DIRECTION ( 'NONE',  ( -1.000000000000000000, -2.536951011547150738E-31, -2.465190328815656637E-31 ) ) ;
#4949 = FACE_OUTER_BOUND ( 'NONE', #1998, .T. ) ;
#4950 = CARTESIAN_POINT ( 'NONE',  ( -9.902114334457401412, 1.398087017566511880, -42.19453503641992853 ) ) ;
#4951 = ADVANCED_FACE ( 'NONE', ( #6012 ), #4202, .F. ) ;
#4952 = DIRECTION ( 'NONE',  ( -1.000000000000000000, -1.719470254348916462E-30, 2.290883888735602091E-30 ) ) ;
#4953 = CARTESIAN_POINT ( 'NONE',  ( 2.832952704332659444, -9.641320023176085385, -2.657872792175104859 ) ) ;
#4954 = AXIS2_PLACEMENT_3D ( 'NONE', #2797, #7345, #5931 ) ;
#4955 = CARTESIAN_POINT ( 'NONE',  ( 10.00000000000000000, 8.878844369681666749E-16, 7.249999999999997335 ) ) ;
#4956 = CIRCLE ( 'NONE', #5634, 8.000000000000000000 ) ;
#4957 = DIRECTION ( 'NONE',  ( 0.000000000000000000, -3.830269434956790853E-15, -1.000000000000000000 ) ) ;
#4958 =( NAMED_UNIT ( * ) PLANE_ANGLE_UNIT ( ) SI_UNIT ( $, .RADIAN. ) );
#4959 = ORIENTED_EDGE ( 'NONE', *, *, #3466, .F. ) ;
#4960 = DIRECTION ( 'NONE',  ( 1.000000000000000000, -0.000000000000000000, -0.000000000000000000 ) ) ;
#4961 = EDGE_CURVE ( 'NONE', #6614, #5098, #2046, .T. ) ;
#4962 = FACE_OUTER_BOUND ( 'NONE', #1034, .T. ) ;
#4963 = EDGE_CURVE ( 'NONE', #3246, #5574, #5427, .T. ) ;
#4964 = DIRECTION ( 'NONE',  ( -1.000000000000000000, -0.000000000000000000, -0.000000000000000000 ) ) ;
#4965 = CARTESIAN_POINT ( 'NONE',  ( 6.987606889824830247, 5.672291213315498126, -33.48117171678532600 ) ) ;
#4966 = ORIENTED_EDGE ( 'NONE', *, *, #2513, .T. ) ;
#4967 = PRODUCT_DEFINITION_SHAPE ( 'NONE', 'NONE',  #7239 ) ;
#4968 = EDGE_CURVE ( 'NONE', #4674, #3065, #6564, .T. ) ;
#4969 = CYLINDRICAL_SURFACE ( 'NONE', #574, 4.500000000000000888 ) ;
#4970 = ORIENTED_EDGE ( 'NONE', *, *, #7399, .T. ) ;
#4971 = CARTESIAN_POINT ( 'NONE',  ( 4.199999999999981526, 2.222332479471134071E-14, 6.500000000000008882 ) ) ;
#4972 = ORIENTED_EDGE ( 'NONE', *, *, #4316, .T. ) ;
#4973 = EDGE_CURVE ( 'NONE', #7754, #5055, #4747, .T. ) ;
#4974 = PRODUCT_CONTEXT ( 'NONE', #4209, 'mechanical' ) ;
#4975 = ADVANCED_FACE ( 'NONE', ( #6652 ), #3144, .F. ) ;
#4976 = LINE ( 'NONE', #3870, #1038 ) ;
#4977 = CARTESIAN_POINT ( 'NONE',  ( -4.315133941133946216, 9.029975738912002114, -38.52980004678205006 ) ) ;
#4978 = ORIENTED_EDGE ( 'NONE', *, *, #725, .T. ) ;
#4979 = ORIENTED_EDGE ( 'NONE', *, *, #5960, .F. ) ;
#4980 = ORIENTED_EDGE ( 'NONE', *, *, #4086, .F. ) ;
#4981 = CARTESIAN_POINT ( 'NONE',  ( 7.800202557421150651, -6.259175942746044718, 3.665851153193750989 ) ) ;
#4982 =( LENGTH_UNIT ( ) NAMED_UNIT ( * ) SI_UNIT ( .MILLI., .METRE. ) );
#4983 = ORIENTED_EDGE ( 'NONE', *, *, #6525, .T. ) ;
#4984 = CARTESIAN_POINT ( 'NONE',  ( -6.500000000000000000, 0.6263818704200283527, 3.731761184457489833 ) ) ;
#4985 = ORIENTED_EDGE ( 'NONE', *, *, #6940, .F. ) ;
#4986 = DIRECTION ( 'NONE',  ( -0.000000000000000000, -1.000000000000000000, -0.000000000000000000 ) ) ;
#4987 = ORIENTED_EDGE ( 'NONE', *, *, #6991, .T. ) ;
#4988 = DIRECTION ( 'NONE',  ( 0.000000000000000000, -1.000000000000000000, 0.000000000000000000 ) ) ;
#4989 = AXIS2_PLACEMENT_3D ( 'NONE', #3010, #1164, #1730 ) ;
#4990 = ORIENTED_EDGE ( 'NONE', *, *, #6940, .T. ) ;
#4991 = UNCERTAINTY_MEASURE_WITH_UNIT (LENGTH_MEASURE( 1.000000000000000082E-05 ), #4754, 'distance_accuracy_value', 'NONE');
#4992 = CARTESIAN_POINT ( 'NONE',  ( -4.907477288111826041, 8.900000000000002132, -8.500000000000017764 ) ) ;
#4993 = CARTESIAN_POINT ( 'NONE',  ( -5.423073341380327150, 4.374540645984132503, 0.4512145814546208444 ) ) ;
#4994 = AXIS2_PLACEMENT_3D ( 'NONE', #2755, #6493, #5346 ) ;
#4995 = DIRECTION ( 'NONE',  ( 0.000000000000000000, 1.000000000000000000, 0.000000000000000000 ) ) ;
#4996 = CARTESIAN_POINT ( 'NONE',  ( 1.076926658619641541, 6.883789603213611663, 3.548785418545375325 ) ) ;
#4997 = CARTESIAN_POINT ( 'NONE',  ( 0.000000000000000000, -4.000000000000210498, 9.769962616701863494E-15 ) ) ;
#4998 = CARTESIAN_POINT ( 'NONE',  ( 9.445842902389344431, 3.290080435753031107, 6.464784045551298597 ) ) ;
#4999 = CIRCLE ( 'NONE', #8260, 8.250000000000344613 ) ;
#5000 = AXIS2_PLACEMENT_3D ( 'NONE', #1793, #4382, #2498 ) ;
#5001 = CARTESIAN_POINT ( 'NONE',  ( 4.000000000000003553, -3.469446951953614189E-15, -1.733336949948512268E-30 ) ) ;
#5002 = DIRECTION ( 'NONE',  ( 0.000000000000000000, 2.442490654175355433E-15, -1.000000000000000000 ) ) ;
#5003 = ORIENTED_EDGE ( 'NONE', *, *, #160, .T. ) ;
#5004 = CARTESIAN_POINT ( 'NONE',  ( 0.1634832235765876773, 1.060313455239321856, -1.095071447296522393 ) ) ;
#5005 = EDGE_CURVE ( 'NONE', #1114, #6419, #114, .T. ) ;
#5006 = CARTESIAN_POINT ( 'NONE',  ( 9.542893218813491174, 4.792893218813583545, 4.337337893224511021 ) ) ;
#5007 = TOROIDAL_SURFACE ( 'NONE', #7583, 8.250000000000000000, 1.999999999999999112 ) ;
#5008 = AXIS2_PLACEMENT_3D ( 'NONE', #7549, #2408, #5002 ) ;
#5009 = CARTESIAN_POINT ( 'NONE',  ( 10.25152354360556117, 4.500000000000217604, 4.337337893224145091 ) ) ;
#5010 = CARTESIAN_POINT ( 'NONE',  ( 6.608001815579990890, 6.111053005571870145, -30.67890385529173258 ) ) ;
#5011 = ORIENTED_EDGE ( 'NONE', *, *, #2384, .F. ) ;
#5012 =( GEOMETRIC_REPRESENTATION_CONTEXT ( 3 ) GLOBAL_UNCERTAINTY_ASSIGNED_CONTEXT ( ( #1071 ) ) GLOBAL_UNIT_ASSIGNED_CONTEXT ( ( #4007, #3374, #98 ) ) REPRESENTATION_CONTEXT ( 'NONE', 'WORKASPACE' ) );
#5013 = EDGE_CURVE ( 'NONE', #5264, #3721, #7475, .T. ) ;
#5014 = FACE_OUTER_BOUND ( 'NONE', #225, .T. ) ;
#5015 = ORIENTED_EDGE ( 'NONE', *, *, #2418, .T. ) ;
#5016 = FACE_BOUND ( 'NONE', #1454, .T. ) ;
#5017 = CIRCLE ( 'NONE', #6635, 7.250000000000006217 ) ;
#5018 = VERTEX_POINT ( 'NONE', #7935 ) ;
#5019 = APPLICATION_PROTOCOL_DEFINITION ( 'draft international standard', 'automotive_design', 1998, #3222 ) ;
#5020 = ADVANCED_FACE ( 'NONE', ( #6053 ), #4113, .F. ) ;
#5021 = CARTESIAN_POINT ( 'NONE',  ( -6.500000000000000888, -0.6263323647664276184, 0.2682388155425111664 ) ) ;
#5022 = DIRECTION ( 'NONE',  ( 1.000000000000000000, 1.719470254348916462E-30, -2.290883888735602091E-30 ) ) ;
#5023 = ORIENTED_EDGE ( 'NONE', *, *, #4773, .F. ) ;
#5024 = CIRCLE ( 'NONE', #1348, 4.000000000000166089 ) ;
#5025 = AXIS2_PLACEMENT_3D ( 'NONE', #8174, #314, #7395 ) ;
#5026 = VECTOR ( 'NONE', #4255, 1000.000000000000000 ) ;
#5027 = ORIENTED_EDGE ( 'NONE', *, *, #5698, .F. ) ;
#5028 = EDGE_CURVE ( 'NONE', #3961, #2472, #2014, .T. ) ;
#5029 = VERTEX_POINT ( 'NONE', #2330 ) ;
#5030 = CARTESIAN_POINT ( 'NONE',  ( 8.949152406600669352, -4.466790156791022426, 5.715143948942835728 ) ) ;
#5031 = CARTESIAN_POINT ( 'NONE',  ( 0.000000000000000000, 0.000000000000000000, 0.000000000000000000 ) ) ;
#5032 = VECTOR ( 'NONE', #1019, 1000.000000000000000 ) ;
#5033 = DIRECTION ( 'NONE',  ( -2.536951011547141105E-31, 1.000000000000000000, -3.952734114871526001E-15 ) ) ;
#5034 = EDGE_LOOP ( 'NONE', ( #7129, #3238, #5646, #964 ) ) ;
#5035 = CARTESIAN_POINT ( 'NONE',  ( 9.250000000000008882, 2.106648189226238322E-14, 5.500000000000006217 ) ) ;
#5036 = VECTOR ( 'NONE', #943, 1000.000000000000000 ) ;
#5037 = ORIENTED_EDGE ( 'NONE', *, *, #3105, .F. ) ;
#5038 = VECTOR ( 'NONE', #103, 1000.000000000000000 ) ;
#5039 = CARTESIAN_POINT ( 'NONE',  ( -8.965995085821290900, -0.8051060706545309920, -44.39830773235857464 ) ) ;
#5040 = ORIENTED_EDGE ( 'NONE', *, *, #5150, .T. ) ;
#5041 = DIRECTION ( 'NONE',  ( 2.958228394578779381E-31, 3.830269434956791642E-15, 1.000000000000000000 ) ) ;
#5042 = CIRCLE ( 'NONE', #6647, 9.400000000000012790 ) ;
#5043 = ORIENTED_EDGE ( 'NONE', *, *, #4197, .T. ) ;
#5044 = EDGE_CURVE ( 'NONE', #7540, #824, #4625, .T. ) ;
#5045 = AXIS2_PLACEMENT_3D ( 'NONE', #7834, #54, #5280 ) ;
#5046 =( NAMED_UNIT ( * ) PLANE_ANGLE_UNIT ( ) SI_UNIT ( $, .RADIAN. ) );
#5047 = LINE ( 'NONE', #7500, #2300 ) ;
#5048 = CARTESIAN_POINT ( 'NONE',  ( 0.000000000000000000, 2.000000000000000000, -4.200000000000000178 ) ) ;
#5049 = CARTESIAN_POINT ( 'NONE',  ( 7.500000000000000000, 0.000000000000000000, 0.000000000000000000 ) ) ;
#5050 = CARTESIAN_POINT ( 'NONE',  ( 3.306398941243536616, -9.440748343111607710, -3.306398941243521961 ) ) ;
#5051 = ADVANCED_FACE ( 'NONE', ( #543 ), #6822, .F. ) ;
#5052 = CYLINDRICAL_SURFACE ( 'NONE', #5918, 10.00000000000001421 ) ;
#5053 = CARTESIAN_POINT ( 'NONE',  ( 0.000000000000000000, 0.000000000000000000, 0.000000000000000000 ) ) ;
#5054 = LINE ( 'NONE', #5097, #4735 ) ;
#5055 = VERTEX_POINT ( 'NONE', #6230 ) ;
#5056 = DIRECTION ( 'NONE',  ( 1.000000000000000000, 0.000000000000000000, -2.311115933264683024E-30 ) ) ;
#5057 = AXIS2_PLACEMENT_3D ( 'NONE', #6620, #1577, #6709 ) ;
#5058 = CARTESIAN_POINT ( 'NONE',  ( 7.499999999999996447, 2.750000000000000000, 0.000000000000000000 ) ) ;
#5059 = CARTESIAN_POINT ( 'NONE',  ( 10.39822304539960918, 4.471252944582229105, 4.367763525081260312 ) ) ;
#5060 = DIRECTION ( 'NONE',  ( -0.000000000000000000, -0.000000000000000000, -1.000000000000000000 ) ) ;
#5061 = PRODUCT_DEFINITION_FORMATION_WITH_SPECIFIED_SOURCE ( 'ANY', '', #673, .NOT_KNOWN. ) ;
#5062 = CARTESIAN_POINT ( 'NONE',  ( 0.000000000000000000, 0.000000000000000000, 0.000000000000000000 ) ) ;
#5063 = EDGE_LOOP ( 'NONE', ( #3831, #6216, #1505, #6615 ) ) ;
#5064 = CARTESIAN_POINT ( 'NONE',  ( 10.57598963089457378, 4.382033237376818491, -4.456683651361221798 ) ) ;
#5065 = VERTEX_POINT ( 'NONE', #4486 ) ;
#5066 = DIRECTION ( 'NONE',  ( 1.000000000000000000, -0.000000000000000000, -0.000000000000000000 ) ) ;
#5067 = ADVANCED_FACE ( 'NONE', ( #296 ), #3647, .T. ) ;
#5068 = CARTESIAN_POINT ( 'NONE',  ( 4.907477288111809166, 8.900000000000002132, -8.500000000000015987 ) ) ;
#5069 = CARTESIAN_POINT ( 'NONE',  ( 7.231724467520253441, -0.9994114928570749790, -5.409695462361677976 ) ) ;
#5070 = VERTEX_POINT ( 'NONE', #8386 ) ;
#5071 = EDGE_LOOP ( 'NONE', ( #1977, #53 ) ) ;
#5072 = ORIENTED_EDGE ( 'NONE', *, *, #3785, .T. ) ;
#5073 = CARTESIAN_POINT ( 'NONE',  ( 9.820444495152349518, -1.947578269908340598, -7.000598948501013830 ) ) ;
#5074 = EDGE_CURVE ( 'NONE', #3359, #2849, #2052, .T. ) ;
#5075 = CARTESIAN_POINT ( 'NONE',  ( 8.000000000000007105, 1.249999999999980682, -5.356071321407141816 ) ) ;
#5076 = EDGE_CURVE ( 'NONE', #5577, #1540, #3210, .T. ) ;
#5077 = DIRECTION ( 'NONE',  ( 1.000000000000000000, -0.000000000000000000, -0.000000000000000000 ) ) ;
#5078 = APPLICATION_CONTEXT ( 'automotive_design' ) ;
#5079 = ORIENTED_EDGE ( 'NONE', *, *, #5999, .F. ) ;
#5080 = EDGE_CURVE ( 'NONE', #88, #4310, #7208, .T. ) ;
#5081 = DIRECTION ( 'NONE',  ( -1.000000000000000000, -2.536951011547150738E-31, -2.465190328815656637E-31 ) ) ;
#5082 = ORIENTED_EDGE ( 'NONE', *, *, #528, .F. ) ;
#5083 = EDGE_CURVE ( 'NONE', #4230, #6207, #5757, .T. ) ;
#5084 = CARTESIAN_POINT ( 'NONE',  ( 27.78640875846072333, 6.500000000000326850, 0.7314107986279252405 ) ) ;
#5085 = ORIENTED_EDGE ( 'NONE', *, *, #6897, .F. ) ;
#5086 = CARTESIAN_POINT ( 'NONE',  ( 7.834564588344354874, 1.249999999999968692, -8.912771734987945393 ) ) ;
#5087 = PRODUCT_DEFINITION_CONTEXT ( 'detailed design', #6686, 'design' ) ;
#5088 = DIRECTION ( 'NONE',  ( -1.898196553187937393E-30, -1.000000000000000000, 2.442490654175333739E-15 ) ) ;
#5089 = CARTESIAN_POINT ( 'NONE',  ( -8.909908415160090911, 1.278892035154570062, -42.01621933043738721 ) ) ;
#5090 = CARTESIAN_POINT ( 'NONE',  ( -2.050000000000000711, 9.000000000000001776, -2.049999999999999822 ) ) ;
#5091 = CARTESIAN_POINT ( 'NONE',  ( 2.832952704332649230, 9.641320023176092491, 2.657872792175088428 ) ) ;
#5092 = EDGE_CURVE ( 'NONE', #7343, #4887, #753, .T. ) ;
#5093 = FACE_OUTER_BOUND ( 'NONE', #2483, .T. ) ;
#5094 = CARTESIAN_POINT ( 'NONE',  ( 36.00000000000000711, -6.500000000000426326, -4.220485754033636461 ) ) ;
#5095 = AXIS2_PLACEMENT_3D ( 'NONE', #7005, #648, #5738 ) ;
#5096 = DIRECTION ( 'NONE',  ( -1.000000000000000000, 0.000000000000000000, -0.000000000000000000 ) ) ;
#5097 = CARTESIAN_POINT ( 'NONE',  ( 0.000000000000000000, 2.755455298081544285E-16, -2.250000000000000000 ) ) ;
#5098 = VERTEX_POINT ( 'NONE', #4252 ) ;
#5099 = ADVANCED_FACE ( 'NONE', ( #5598 ), #6120, .F. ) ;
#5100 = CARTESIAN_POINT ( 'NONE',  ( 2.234331082363243404, 9.747420989136477587, 1.309623011771147816 ) ) ;
#5101 = CARTESIAN_POINT ( 'NONE',  ( 9.360606139125184910, -4.646640675863299208, -4.180188878431765787 ) ) ;
#5102 = PLANE ( 'NONE',  #1486 ) ;
#5103 = DIRECTION ( 'NONE',  ( -1.000000000000000000, -0.000000000000000000, -0.000000000000000000 ) ) ;
#5104 = CARTESIAN_POINT ( 'NONE',  ( 6.500000000000000888, 2.505830900380852544, 0.4505935098328310295 ) ) ;
#5105 = DIRECTION ( 'NONE',  ( 2.958228394578779381E-31, 3.830269434956790853E-15, 1.000000000000000000 ) ) ;
#5106 = ORIENTED_EDGE ( 'NONE', *, *, #4916, .F. ) ;
#5107 = ITEM_DEFINED_TRANSFORMATION ( 'NONE', 'NONE', #2462,  #1795 ) ;
#5108 = CARTESIAN_POINT ( 'NONE',  ( 2.049999999999998934, 9.000000000000001776, 1.549999999999999822 ) ) ;
#5109 = CARTESIAN_POINT ( 'NONE',  ( -6.500000000000000888, 7.904112484840893175E-16, 0.2682388155425130538 ) ) ;
#5110 = CYLINDRICAL_SURFACE ( 'NONE', #6618, 1.249999999999999334 ) ;
#5111 = ORIENTED_EDGE ( 'NONE', *, *, #7867, .T. ) ;
#5112 = VERTEX_POINT ( 'NONE', #1197 ) ;
#5113 = ORIENTED_EDGE ( 'NONE', *, *, #202, .T. ) ;
#5114 = DIRECTION ( 'NONE',  ( 0.000000000000000000, 0.000000000000000000, 1.000000000000000000 ) ) ;
#5115 = CARTESIAN_POINT ( 'NONE',  ( 0.000000000000000000, 0.000000000000000000, 0.000000000000000000 ) ) ;
#5116 = DIRECTION ( 'NONE',  ( 0.9238795325112880708, 1.131426112287701986E-16, -0.3826834323650867287 ) ) ;
#5117 = ORIENTED_EDGE ( 'NONE', *, *, #1750, .F. ) ;
#5118 = CARTESIAN_POINT ( 'NONE',  ( 4.000000000000003553, -3.469446951953614189E-15, -1.733336949948512268E-30 ) ) ;
#5119 = ORIENTED_EDGE ( 'NONE', *, *, #6170, .T. ) ;
#5120 = CARTESIAN_POINT ( 'NONE',  ( 9.241831616866088339, 5.498127106495679151, -0.1644820474383802966 ) ) ;
#5121 = VERTEX_POINT ( 'NONE', #1031 ) ;
#5122 = DIRECTION ( 'NONE',  ( 1.000000000000000000, 0.000000000000000000, -0.000000000000000000 ) ) ;
#5123 = EDGE_CURVE ( 'NONE', #2751, #3991, #1650, .T. ) ;
#5124 = DIRECTION ( 'NONE',  ( 0.000000000000000000, 1.000000000000000000, 0.000000000000000000 ) ) ;
#5125 =( REPRESENTATION_RELATIONSHIP ('NONE','NONE', #4220, #2790 ) REPRESENTATION_RELATIONSHIP_WITH_TRANSFORMATION ( #3986 )SHAPE_REPRESENTATION_RELATIONSHIP( ) );
#5126 = CARTESIAN_POINT ( 'NONE',  ( 102.0000000000000142, 4.898587196589404940E-16, -3.999999999999993339 ) ) ;
#5127 = AXIS2_PLACEMENT_3D ( 'NONE', #3732, #1028, #3694 ) ;
#5128 = CARTESIAN_POINT ( 'NONE',  ( 7.000288858828111138, -5.447368132677406827, -0.7681049244071196380 ) ) ;
#5129 = CARTESIAN_POINT ( 'NONE',  ( 8.379370968810466280, 5.470527348967443082, -4.779561877347150656 ) ) ;
#5130 = AXIS2_PLACEMENT_3D ( 'NONE', #5894, #2663, #7262 ) ;
#5131 = EDGE_CURVE ( 'NONE', #8209, #4644, #2484, .T. ) ;
#5132 =( BOUNDED_CURVE ( )  B_SPLINE_CURVE ( 3, ( #3036, #6938, #8127, #1847 ),
 .UNSPECIFIED., .F., .F. ) 
 B_SPLINE_CURVE_WITH_KNOTS ( ( 4, 4 ),
 ( 3.141592653589793116, 4.351021856477981231 ),
 .UNSPECIFIED. ) 
 CURVE ( )  GEOMETRIC_REPRESENTATION_ITEM ( )  RATIONAL_B_SPLINE_CURVE ( ( 1.000000000000000000, 0.8817762586720242490, 0.8817762586720242490, 1.000000000000000000 ) ) 
 REPRESENTATION_ITEM ( '' )  );
#5133 = CARTESIAN_POINT ( 'NONE',  ( -5.849999999999996092, 0.000000000000000000, 4.001000000000001222 ) ) ;
#5134 = CARTESIAN_POINT ( 'NONE',  ( 0.3309128832251109209, 0.9636478961709195046, -1.130017780416096240 ) ) ;
#5135 = DIRECTION ( 'NONE',  ( 0.8660254037844390407, 0.4999999999999995004, 0.000000000000000000 ) ) ;
#5136 = DIRECTION ( 'NONE',  ( 0.000000000000000000, 0.000000000000000000, 1.000000000000000000 ) ) ;
#5137 = DIRECTION ( 'NONE',  ( 0.000000000000000000, 0.000000000000000000, 1.000000000000000000 ) ) ;
#5138 = CARTESIAN_POINT ( 'NONE',  ( 0.000000000000000000, 9.000000000000000000, -26.00000000000002132 ) ) ;
#5139 = CARTESIAN_POINT ( 'NONE',  ( 6.499999999999999112, 3.752776749732580353, 0.6847527127126969981 ) ) ;
#5140 = ORIENTED_EDGE ( 'NONE', *, *, #1280, .F. ) ;
#5141 = CIRCLE ( 'NONE', #3917, 10.99999999999999822 ) ;
#5142 = LINE ( 'NONE', #7691, #7252 ) ;
#5143 = ADVANCED_FACE ( 'NONE', ( #336, #1854 ), #8351, .F. ) ;
#5144 = AXIS2_PLACEMENT_3D ( 'NONE', #3854, #5124, #7712 ) ;
#5145 = CARTESIAN_POINT ( 'NONE',  ( 9.186264793735468004, -8.991315641866217234, -0.4024858879822840185 ) ) ;
#5146 = CARTESIAN_POINT ( 'NONE',  ( -7.000056148497773023, 7.141373392009656484, -33.23626965126877053 ) ) ;
#5147 = ORIENTED_EDGE ( 'NONE', *, *, #6499, .T. ) ;
#5148 = ORIENTED_EDGE ( 'NONE', *, *, #8307, .F. ) ;
#5149 = AXIS2_PLACEMENT_3D ( 'NONE', #3395, #1564, #5512 ) ;
#5150 = EDGE_CURVE ( 'NONE', #6412, #4317, #3419, .T. ) ;
#5151 = ORIENTED_EDGE ( 'NONE', *, *, #3314, .F. ) ;
#5152 = CARTESIAN_POINT ( 'NONE',  ( 6.887659383493963006, -7.249837810004921224, 0.2517107080804719677 ) ) ;
#5153 = DIRECTION ( 'NONE',  ( 1.000000000000000444, 0.000000000000000000, 0.000000000000000000 ) ) ;
#5154 = VECTOR ( 'NONE', #7900, 1000.000000000000000 ) ;
#5155 = CIRCLE ( 'NONE', #6233, 10.00000000000001421 ) ;
#5156 = DIRECTION ( 'NONE',  ( 0.000000000000000000, -2.442490654175355433E-15, 1.000000000000000000 ) ) ;
#5157 = VECTOR ( 'NONE', #3517, 1000.000000000000227 ) ;
#5158 = ORIENTED_EDGE ( 'NONE', *, *, #7925, .F. ) ;
#5159 = EDGE_CURVE ( 'NONE', #3450, #2770, #1345, .T. ) ;
#5160 = VECTOR ( 'NONE', #5199, 1000.000000000000000 ) ;
#5161 = CARTESIAN_POINT ( 'NONE',  ( 9.250112218208652592, 9.000015585858763600, 0.1644017261345198655 ) ) ;
#5162 = ORIENTED_EDGE ( 'NONE', *, *, #312, .T. ) ;
#5163 = CARTESIAN_POINT ( 'NONE',  ( 8.327994708118307443, 5.363997056459315793, -1.217226280080467182 ) ) ;
#5164 = EDGE_LOOP ( 'NONE', ( #4822, #6196 ) ) ;
#5165 = AXIS2_PLACEMENT_3D ( 'NONE', #7676, #4450, #6395 ) ;
#5166 = CARTESIAN_POINT ( 'NONE',  ( 6.782864270800826212, 0.3280239166821807828, -8.995281988380970262 ) ) ;
#5167 = PRODUCT_DEFINITION_CONTEXT ( 'detailed design', #7285, 'design' ) ;
#5168 = CARTESIAN_POINT ( 'NONE',  ( 0.000000000000000000, 0.000000000000000000, -33.00000000000000000 ) ) ;
#5169 = FILL_AREA_STYLE ('',( #20 ) ) ;
#5170 = VECTOR ( 'NONE', #1856, 1000.000000000000000 ) ;
#5171 = CARTESIAN_POINT ( 'NONE',  ( -12.00000000000000000, 3.061616997868380676E-16, 2.499999999999997780 ) ) ;
#5172 = AXIS2_PLACEMENT_3D ( 'NONE', #7993, #2177, #5946 ) ;
#5173 = DIRECTION ( 'NONE',  ( -0.000000000000000000, -0.000000000000000000, -1.000000000000000000 ) ) ;
#5174 = DIRECTION ( 'NONE',  ( 1.000000000000000000, 2.536951011547150738E-31, 2.465190328815656637E-31 ) ) ;
#5175 = CIRCLE ( 'NONE', #1506, 1.300000000000000044 ) ;
#5176 = CIRCLE ( 'NONE', #5844, 9.000000000000000000 ) ;
#5177 = CARTESIAN_POINT ( 'NONE',  ( 0.000000000000000000, 0.000000000000000000, -7.150000000000000355 ) ) ;
#5178 = CARTESIAN_POINT ( 'NONE',  ( 36.00000000000000711, 9.860761315262661020E-29, -6.894829200906304354E-29 ) ) ;
#5179 = ADVANCED_FACE ( 'NONE', ( #7320 ), #6390, .T. ) ;
#5180 = CARTESIAN_POINT ( 'NONE',  ( 4.000000000000003553, -3.469446951953614189E-15, -1.733336949948512268E-30 ) ) ;
#5181 = CARTESIAN_POINT ( 'NONE',  ( 10.31445369475276053, 1.242753713588080178, 6.133106617836926233 ) ) ;
#5182 = EDGE_CURVE ( 'NONE', #5567, #3970, #104, .T. ) ;
#5183 = PLANE ( 'NONE',  #3119 ) ;
#5184 = CARTESIAN_POINT ( 'NONE',  ( 2.049999999999998934, 9.000000000000001776, 1.549999999999999822 ) ) ;
#5185 = EDGE_CURVE ( 'NONE', #4098, #612, #6102, .T. ) ;
#5186 = DIRECTION ( 'NONE',  ( 0.000000000000000000, 2.442490654175355433E-15, -1.000000000000000000 ) ) ;
#5187 = ORIENTED_EDGE ( 'NONE', *, *, #2393, .T. ) ;
#5188 = ADVANCED_FACE ( 'NONE', ( #2771 ), #3334, .F. ) ;
#5189 = CONTEXT_DEPENDENT_SHAPE_REPRESENTATION ( #1480, #7642 ) ;
#5190 = LINE ( 'NONE', #5108, #2501 ) ;
#5191 = CARTESIAN_POINT ( 'NONE',  ( 8.000000000000007105, -1.250000000000017986, -5.356071321407132935 ) ) ;
#5192 = DIRECTION ( 'NONE',  ( -0.000000000000000000, -0.000000000000000000, -1.000000000000000000 ) ) ;
#5193 = VERTEX_POINT ( 'NONE', #2096 ) ;
#5194 =( GEOMETRIC_REPRESENTATION_CONTEXT ( 3 ) GLOBAL_UNCERTAINTY_ASSIGNED_CONTEXT ( ( #7798 ) ) GLOBAL_UNIT_ASSIGNED_CONTEXT ( ( #3844, #7061, #572 ) ) REPRESENTATION_CONTEXT ( 'NONE', 'WORKASPACE' ) );
#5195 = VECTOR ( 'NONE', #7524, 1000.000000000000000 ) ;
#5196 = VERTEX_POINT ( 'NONE', #1324 ) ;
#5197 = ORIENTED_EDGE ( 'NONE', *, *, #2384, .T. ) ;
#5198 = CARTESIAN_POINT ( 'NONE',  ( 7.671603972107225999, 5.364035102495881446, -1.217047139445782022 ) ) ;
#5199 = DIRECTION ( 'NONE',  ( 1.000000000000000000, 2.536951011547150738E-31, 2.465190328815656637E-31 ) ) ;
#5200 = EDGE_CURVE ( 'NONE', #7008, #3591, #2682, .T. ) ;
#5201 = ORIENTED_EDGE ( 'NONE', *, *, #1906, .T. ) ;
#5202 = DIRECTION ( 'NONE',  ( 0.000000000000000000, 0.000000000000000000, -1.000000000000000000 ) ) ;
#5203 = CARTESIAN_POINT ( 'NONE',  ( 8.165722428862350668, -5.356071321407137376, 1.249999999999999778 ) ) ;
#5204 = ORIENTED_EDGE ( 'NONE', *, *, #4012, .T. ) ;
#5205 = CARTESIAN_POINT ( 'NONE',  ( 28.06507705580573742, 6.500000000000328626, 1.772105723953552925 ) ) ;
#5206 = ORIENTED_EDGE ( 'NONE', *, *, #286, .T. ) ;
#5207 = CARTESIAN_POINT ( 'NONE',  ( 0.000000000000000000, 3.500000000000194955, -8.548717289614128191E-15 ) ) ;
#5208 = CARTESIAN_POINT ( 'NONE',  ( 4.199999999999981526, -2.836619827917279378E-14, -6.500000000000008882 ) ) ;
#5209 = CARTESIAN_POINT ( 'NONE',  ( 0.5000000000000000000, 3.673940397442059868E-16, 3.000000000000000000 ) ) ;
#5210 = CARTESIAN_POINT ( 'NONE',  ( 8.376912546868290121, 5.474261418376223709, 4.775257474930750590 ) ) ;
#5211 = CARTESIAN_POINT ( 'NONE',  ( 4.000000000000003553, 1.185163078787357131E-14, 4.000000000000005329 ) ) ;
#5212 = CARTESIAN_POINT ( 'NONE',  ( -6.500000000000000888, -3.752776749732556372, 4.000000000000000000 ) ) ;
#5213 = CARTESIAN_POINT ( 'NONE',  ( 0.000000000000000000, 0.000000000000000000, 0.000000000000000000 ) ) ;
#5214 = AXIS2_PLACEMENT_3D ( 'NONE', #4549, #3869, #1263 ) ;
#5215 = CARTESIAN_POINT ( 'NONE',  ( 0.000000000000000000, 0.000000000000000000, -45.00000000000000000 ) ) ;
#5216 = DIRECTION ( 'NONE',  ( 0.000000000000000000, 3.830269434956790853E-15, 1.000000000000000000 ) ) ;
#5217 = CARTESIAN_POINT ( 'NONE',  ( 6.500000000000000888, -3.752776749732613215, 0.6847527127126333824 ) ) ;
#5218 = DIRECTION ( 'NONE',  ( 1.000000000000000000, 0.000000000000000000, 0.000000000000000000 ) ) ;
#5219 = ADVANCED_FACE ( 'NONE', ( #5240 ), #6467, .T. ) ;
#5220 = EDGE_LOOP ( 'NONE', ( #4313, #7318 ) ) ;
#5221 = ITEM_DEFINED_TRANSFORMATION ( 'NONE', 'NONE', #4638,  #7473 ) ;
#5222 = CARTESIAN_POINT ( 'NONE',  ( 27.95657358893477706, -6.500000000000469846, 1.427993983070560802 ) ) ;
#5223 = CARTESIAN_POINT ( 'NONE',  ( 10.35625717197603457, 1.549131721827289088, -6.062929579836565885 ) ) ;
#5224 = CARTESIAN_POINT ( 'NONE',  ( 0.000000000000000000, 0.000000000000000000, 0.000000000000000000 ) ) ;
#5225 = DIRECTION ( 'NONE',  ( -2.536951011547141105E-31, 1.000000000000000000, -3.952734114871526001E-15 ) ) ;
#5226 = ORIENTED_EDGE ( 'NONE', *, *, #7040, .F. ) ;
#5227 = COLOUR_RGB ( '',0.7921568627450980005, 0.8196078431372548767, 0.9333333333333333481 ) ;
#5228 = EDGE_LOOP ( 'NONE', ( #2188, #8116, #2638, #661 ) ) ;
#5229 = ORIENTED_EDGE ( 'NONE', *, *, #5321, .T. ) ;
#5230 = CARTESIAN_POINT ( 'NONE',  ( 6.789869869300302341, 5.491053992415000806, 0.3236801873759153625 ) ) ;
#5231 = CARTESIAN_POINT ( 'NONE',  ( 2.070862315272201215, 10.00010274828163048, -0.3280820759960617061 ) ) ;
#5232 = ORIENTED_EDGE ( 'NONE', *, *, #1220, .T. ) ;
#5233 = CARTESIAN_POINT ( 'NONE',  ( -9.000000000000000000, 1.102182119232617714E-15, 36.00000000000000000 ) ) ;
#5234 = CARTESIAN_POINT ( 'NONE',  ( 8.163423458504199814, -5.356071321407134711, -1.249999999999999556 ) ) ;
#5235 = ORIENTED_EDGE ( 'NONE', *, *, #5392, .T. ) ;
#5236 = CARTESIAN_POINT ( 'NONE',  ( 10.00000000000000000, 1.459440702025396112E-16, -7.250000000000006217 ) ) ;
#5237 = EDGE_CURVE ( 'NONE', #1664, #1405, #2605, .T. ) ;
#5238 = EDGE_CURVE ( 'NONE', #2556, #6241, #2134, .T. ) ;
#5239 = ORIENTED_EDGE ( 'NONE', *, *, #1914, .T. ) ;
#5240 = FACE_OUTER_BOUND ( 'NONE', #4785, .T. ) ;
#5241 = PRODUCT_DEFINITION_CONTEXT ( 'detailed design', #309, 'design' ) ;
#5242 = DIRECTION ( 'NONE',  ( 0.000000000000000000, 1.000000000000000000, 0.000000000000000000 ) ) ;
#5243 = ORIENTED_EDGE ( 'NONE', *, *, #1593, .F. ) ;
#5244 = CARTESIAN_POINT ( 'NONE',  ( -6.500000000000000888, -3.752776749732556372, 3.315247287287310662 ) ) ;
#5245 = PRODUCT_DEFINITION_SHAPE ( 'NONE', 'NONE',  #8440 ) ;
#5246 = CARTESIAN_POINT ( 'NONE',  ( -25.00000000000000000, 0.000000000000000000, 0.000000000000000000 ) ) ;
#5247 = CARTESIAN_POINT ( 'NONE',  ( 8.762833788316893191, 4.832488581769603719, 5.423806424981522767 ) ) ;
#5248 = DIRECTION ( 'NONE',  ( -0.000000000000000000, -0.000000000000000000, 1.000000000000000000 ) ) ;
#5249 = PRODUCT_DEFINITION ( 'UNKNOWN', '', #5061, #1418 ) ;
#5250 = CARTESIAN_POINT ( 'NONE',  ( 7.368472862114359145, -1.091207568985314680, 5.391051240766386421 ) ) ;
#5251 = DIRECTION ( 'NONE',  ( -0.000000000000000000, -0.000000000000000000, -1.000000000000000000 ) ) ;
#5252 = CARTESIAN_POINT ( 'NONE',  ( 10.66113659117984547, 2.992196861348798809, 5.521316326190600421 ) ) ;
#5253 = CARTESIAN_POINT ( 'NONE',  ( 7.834603695190237360, 8.912771734987943617, 1.249999999999999556 ) ) ;
#5254 = CARTESIAN_POINT ( 'NONE',  ( -0.9646902343070506980, 8.960573225748698079, -26.05048902166289437 ) ) ;
#5255 = DIRECTION ( 'NONE',  ( -1.898196553187937393E-30, -1.000000000000000000, 2.442490654175333739E-15 ) ) ;
#5256 = ORIENTED_EDGE ( 'NONE', *, *, #3093, .T. ) ;
#5257 = CARTESIAN_POINT ( 'NONE',  ( 0.000000000000000000, 0.000000000000000000, 3.184081677783118191E-16 ) ) ;
#5258 = AXIS2_PLACEMENT_3D ( 'NONE', #2806, #5394, #7990 ) ;
#5259 = CARTESIAN_POINT ( 'NONE',  ( 0.000000000000000000, 6.000000000000389022, -1.465494392505291830E-14 ) ) ;
#5260 = ADVANCED_FACE ( 'NONE', ( #8430 ), #2061, .T. ) ;
#5261 = DIRECTION ( 'NONE',  ( -1.000000000000000000, -1.719470254348916462E-30, 2.290883888735602091E-30 ) ) ;
#5262 = LINE ( 'NONE', #727, #5543 ) ;
#5263 = VERTEX_POINT ( 'NONE', #4005 ) ;
#5264 = VERTEX_POINT ( 'NONE', #6590 ) ;
#5265 = AXIS2_PLACEMENT_3D ( 'NONE', #2705, #643, #5218 ) ;
#5266 = VERTEX_POINT ( 'NONE', #669 ) ;
#5267 = DIRECTION ( 'NONE',  ( 5.002141340362817447E-31, -3.491481338843133750E-15, -1.000000000000000000 ) ) ;
#5268 = EDGE_CURVE ( 'NONE', #1772, #7754, #7196, .T. ) ;
#5269 = CARTESIAN_POINT ( 'NONE',  ( 9.000000000000000000, 1.102182119232617714E-15, -22.00000000000000000 ) ) ;
#5270 = EDGE_LOOP ( 'NONE', ( #1631, #4268, #7171, #1094, #3169, #5239 ) ) ;
#5271 = DIRECTION ( 'NONE',  ( 0.000000000000000000, -1.000000000000000000, 2.442490654175333739E-15 ) ) ;
#5272 = CARTESIAN_POINT ( 'NONE',  ( 0.000000000000000000, 0.000000000000000000, 0.000000000000000000 ) ) ;
#5273 = ORIENTED_EDGE ( 'NONE', *, *, #4578, .F. ) ;
#5274 = CARTESIAN_POINT ( 'NONE',  ( -2.050000000000000711, 9.000000000000001776, 2.049999999999999822 ) ) ;
#5275 = VECTOR ( 'NONE', #5429, 1000.000000000000000 ) ;
#5276 = ADVANCED_FACE ( 'NONE', ( #5950 ), #3369, .F. ) ;
#5277 = EDGE_CURVE ( 'NONE', #4563, #4713, #5873, .T. ) ;
#5278 = ORIENTED_EDGE ( 'NONE', *, *, #2165, .T. ) ;
#5279 = MECHANICAL_DESIGN_GEOMETRIC_PRESENTATION_REPRESENTATION (  '', ( #358 ), #6766 ) ;
#5280 = DIRECTION ( 'NONE',  ( 0.000000000000000000, 0.000000000000000000, 1.000000000000000000 ) ) ;
#5281 = CIRCLE ( 'NONE', #1622, 7.500000000000009770 ) ;
#5282 = DIRECTION ( 'NONE',  ( 0.7071067811865331398, 1.727101704552196687E-15, -0.7071067811865618946 ) ) ;
#5283 = ORIENTED_EDGE ( 'NONE', *, *, #7378, .F. ) ;
#5284 = CIRCLE ( 'NONE', #3530, 1.500000000000000000 ) ;
#5285 = CYLINDRICAL_SURFACE ( 'NONE', #1079, 0.5000000000000000000 ) ;
#5286 = CARTESIAN_POINT ( 'NONE',  ( 6.535933251526306442, 7.569330506494648780, -35.51643527440133852 ) ) ;
#5287 = CARTESIAN_POINT ( 'NONE',  ( 8.950475462112017055, 4.464187663219036040, -5.717226773543196749 ) ) ;
#5288 = AXIS2_PLACEMENT_3D ( 'NONE', #699, #5904, #6550 ) ;
#5289 = AXIS2_PLACEMENT_3D ( 'NONE', #3529, #6234, #6056 ) ;
#5290 = DIRECTION ( 'NONE',  ( 1.000000000000000000, 2.536951011547150738E-31, 2.465190328815656637E-31 ) ) ;
#5291 = DIRECTION ( 'NONE',  ( -1.719470254348910507E-30, 1.000000000000000000, 2.564955334090090581E-15 ) ) ;
#5292 = CARTESIAN_POINT ( 'NONE',  ( -2.050000000000000711, 9.000000000000001776, 1.549999999999999822 ) ) ;
#5293 = DIRECTION ( 'NONE',  ( 0.000000000000000000, -0.000000000000000000, 1.000000000000000000 ) ) ;
#5294 = VECTOR ( 'NONE', #535, 1000.000000000000000 ) ;
#5295 = CARTESIAN_POINT ( 'NONE',  ( 7.232604539311545011, 8.944995524654624219, -1.000386996925840322 ) ) ;
#5296 = VECTOR ( 'NONE', #5787, 1000.000000000000000 ) ;
#5297 = CARTESIAN_POINT ( 'NONE',  ( -6.987693893320295224, 5.672183285254033258, -32.52017833179766626 ) ) ;
#5298 = DIRECTION ( 'NONE',  ( -0.000000000000000000, -0.000000000000000000, 1.000000000000000000 ) ) ;
#5299 = CYLINDRICAL_SURFACE ( 'NONE', #6890, 2.499999999999998224 ) ;
#5300 = VERTEX_POINT ( 'NONE', #837 ) ;
#5301 = DIRECTION ( 'NONE',  ( 0.000000000000000000, 1.000000000000000000, -4.163336342344339393E-15 ) ) ;
#5302 = LINE ( 'NONE', #1994, #8219 ) ;
#5303 = CARTESIAN_POINT ( 'NONE',  ( 5.961929966871049480, -4.063431628202429202, 3.443924751166893561 ) ) ;
#5304 = CARTESIAN_POINT ( 'NONE',  ( -1.881659858244555616, 9.832512437962648733, -39.75892612190082076 ) ) ;
#5305 = VERTEX_POINT ( 'NONE', #6078 ) ;
#5306 = B_SPLINE_CURVE_WITH_KNOTS ( 'NONE', 3,
 ( #914, #3488, #2118, #4709, #4756, #6060, #2288, #7471, #6116, #4881 ),
 .UNSPECIFIED., .F., .F.,
 ( 4, 2, 2, 2, 4 ),
 ( 0.001281452582787695905, 0.001707455924639011491, 0.002133459266490327078, 0.002559462608341642881, 0.002985465950192958250 ),
 .UNSPECIFIED. ) ;
#5307 = ORIENTED_EDGE ( 'NONE', *, *, #7933, .T. ) ;
#5308 = ORIENTED_EDGE ( 'NONE', *, *, #7197, .T. ) ;
#5309 = PRODUCT_DEFINITION_SHAPE ( 'NONE', 'NONE',  #8446 ) ;
#5310 = CARTESIAN_POINT ( 'NONE',  ( 7.000906266599423056, 5.447281602290820146, 0.7685456220538159355 ) ) ;
#5311 = CARTESIAN_POINT ( 'NONE',  ( 0.000000000000000000, 0.000000000000000000, 0.000000000000000000 ) ) ;
#5313 = AXIS2_PLACEMENT_3D ( 'NONE', #5058, #7646, #4459 ) ;
#5312 = AXIS2_PLACEMENT_3D ( 'NONE', #2853, #7231, #1408 ) ;
#5314 = ORIENTED_EDGE ( 'NONE', *, *, #6397, .F. ) ;
#5315 = VECTOR ( 'NONE', #6343, 1000.000000000000000 ) ;
#5316 = FACE_OUTER_BOUND ( 'NONE', #473, .T. ) ;
#5317 = CARTESIAN_POINT ( 'NONE',  ( 9.092054206210503864, -5.465925391901541808, 0.6297605238838032138 ) ) ;
#5318 = ORIENTED_EDGE ( 'NONE', *, *, #2153, .T. ) ;
#5319 = FACE_OUTER_BOUND ( 'NONE', #4765, .T. ) ;
#5320 = AXIS2_PLACEMENT_3D ( 'NONE', #5473, #5551, #4957 ) ;
#5321 = EDGE_CURVE ( 'NONE', #6421, #2976, #2280, .T. ) ;
#5322 = ORIENTED_EDGE ( 'NONE', *, *, #548, .T. ) ;
#5323 = B_SPLINE_CURVE_WITH_KNOTS ( 'NONE', 3,
 ( #7497, #5539, #6179, #326, #4903, #8135 ),
 .UNSPECIFIED., .F., .F.,
 ( 4, 2, 4 ),
 ( 2.380773289367589822E-07, 0.0005833337382474879963, 0.001166429399166039275 ),
 .UNSPECIFIED. ) ;
#5324 = CARTESIAN_POINT ( 'NONE',  ( 8.999138680981458194, 0.7685314497132677003, -5.447286485400690381 ) ) ;
#5325 =( NAMED_UNIT ( * ) PLANE_ANGLE_UNIT ( ) SI_UNIT ( $, .RADIAN. ) );
#5326 = VERTEX_POINT ( 'NONE', #5454 ) ;
#5327 = ADVANCED_FACE ( 'NONE', ( #4176 ), #2812, .F. ) ;
#5328 = EDGE_CURVE ( 'NONE', #2472, #3991, #3460, .T. ) ;
#5329 = CARTESIAN_POINT ( 'NONE',  ( -0.1634832235765878994, -1.060313455239320746, -1.095071447296522615 ) ) ;
#5330 = CARTESIAN_POINT ( 'NONE',  ( 0.1821155229498633843, -8.500000000000136779, -4.440234317478807924 ) ) ;
#5331 = CARTESIAN_POINT ( 'NONE',  ( 1.666994182536584379, 8.847437380679917140, -26.19719787976985614 ) ) ;
#5332 = CARTESIAN_POINT ( 'NONE',  ( 7.000479373507117131, -8.967911480112535472, 0.7680903535846876906 ) ) ;
#5333 = EDGE_CURVE ( 'NONE', #5577, #2873, #3231, .T. ) ;
#5334 = CARTESIAN_POINT ( 'NONE',  ( 10.00000000000000888, -2.780853566281542134E-14, -7.500000000000000000 ) ) ;
#5335 = CARTESIAN_POINT ( 'NONE',  ( 7.000634065148197749, -0.7683343089070596710, 5.447321103487924532 ) ) ;
#5336 = AXIS2_PLACEMENT_3D ( 'NONE', #1277, #5081, #7704 ) ;
#5337 = CARTESIAN_POINT ( 'NONE',  ( 20.00000000000000000, 0.000000000000000000, -8.750000000000012434 ) ) ;
#5338 = SPHERICAL_SURFACE ( 'NONE', #8022, 3.063726656943547955 ) ;
#5339 = LINE ( 'NONE', #4157, #219 ) ;
#5340 = CARTESIAN_POINT ( 'NONE',  ( 29.32821459035158185, -6.500000000000484945, -4.580217252953413976 ) ) ;
#5341 = EDGE_CURVE ( 'NONE', #5907, #4431, #194, .T. ) ;
#5342 = FACE_OUTER_BOUND ( 'NONE', #6417, .T. ) ;
#5343 = EDGE_LOOP ( 'NONE', ( #2658, #2435 ) ) ;
#5344 = CARTESIAN_POINT ( 'NONE',  ( 2.049999999999998934, 2.000000000000000000, 2.049999999999999822 ) ) ;
#5345 = DIRECTION ( 'NONE',  ( -1.000000000000000000, -2.536951011547150738E-31, -2.465190328815656637E-31 ) ) ;
#5346 = DIRECTION ( 'NONE',  ( -0.7071067811865282549, 0.7071067811865666686, -1.727101704552191954E-15 ) ) ;
#5347 = CARTESIAN_POINT ( 'NONE',  ( 0.000000000000000000, 4.500000000000189182, -1.099120794378945838E-14 ) ) ;
#5348 = VERTEX_POINT ( 'NONE', #3631 ) ;
#5349 = VECTOR ( 'NONE', #2379, 999.9999999999998863 ) ;
#5350 = ORIENTED_EDGE ( 'NONE', *, *, #6462, .F. ) ;
#5351 = VERTEX_POINT ( 'NONE', #5402 ) ;
#5352 = CARTESIAN_POINT ( 'NONE',  ( 7.674585970066145180, 1.209670094469942558, 5.365348947243940181 ) ) ;
#5353 = CARTESIAN_POINT ( 'NONE',  ( -9.814954576223648530, 8.900000000000002132, -2.808298311204775004E-15 ) ) ;
#5354 = DIRECTION ( 'NONE',  ( 0.000000000000000000, -0.000000000000000000, 1.000000000000000000 ) ) ;
#5355 = ORIENTED_EDGE ( 'NONE', *, *, #5715, .T. ) ;
#5356 = DIRECTION ( 'NONE',  ( 1.000000000000000000, 0.000000000000000000, 0.000000000000000000 ) ) ;
#5357 = VECTOR ( 'NONE', #4657, 1000.000000000000000 ) ;
#5358 = ORIENTED_EDGE ( 'NONE', *, *, #4408, .F. ) ;
#5359 = DIRECTION ( 'NONE',  ( -0.7071067811865496822, 8.659560562354959975E-17, 0.7071067811865453523 ) ) ;
#5360 = CARTESIAN_POINT ( 'NONE',  ( 6.500000000000005329, 2.106648189226238006E-14, 5.500000000000006217 ) ) ;
#5361 = EDGE_LOOP ( 'NONE', ( #5530, #5450, #7182, #1853 ) ) ;
#5362 = CARTESIAN_POINT ( 'NONE',  ( 3.782467906281929082, 5.321744635572156490, 0.2677896601459561210 ) ) ;
#5363 = EDGE_CURVE ( 'NONE', #7527, #6163, #6130, .T. ) ;
#5364 = CARTESIAN_POINT ( 'NONE',  ( 0.5999999999999894307, -8.500000000000028422, -5.267826876426410898 ) ) ;
#5365 = CARTESIAN_POINT ( 'NONE',  ( 5.290488261433364592, 7.290123888988524037, -28.39556430078302895 ) ) ;
#5366 = CARTESIAN_POINT ( 'NONE',  ( 0.000000000000000000, 19.90000000000000213, 0.000000000000000000 ) ) ;
#5367 = CARTESIAN_POINT ( 'NONE',  ( -5.291502622129184985, 6.000000000000404121, -1.465494392505293724E-14 ) ) ;
#5368 = DIRECTION ( 'NONE',  ( 2.465190328815666271E-31, -3.830269434956791642E-15, -1.000000000000000000 ) ) ;
#5369 = CARTESIAN_POINT ( 'NONE',  ( 9.084689024231039411, -0.6265850263947301269, -8.978419829170656286 ) ) ;
#5370 = CYLINDRICAL_SURFACE ( 'NONE', #7539, 8.000000000000000000 ) ;
#5371 = PLANE ( 'NONE',  #5446 ) ;
#5372 = ADVANCED_FACE ( 'NONE', ( #5492 ), #275, .T. ) ;
#5373 = CARTESIAN_POINT ( 'NONE',  ( 28.17157287525381903, -6.500000000000411227, 2.116122921959992631 ) ) ;
#5374 = CARTESIAN_POINT ( 'NONE',  ( -3.193743642069825306, 8.417021944787121512, -26.76687315618580953 ) ) ;
#5375 = DIRECTION ( 'NONE',  ( -0.8660254037844389297, 0.000000000000000000, -0.4999999999999995004 ) ) ;
#5376 = DIRECTION ( 'NONE',  ( -2.469610187574633181E-30, -2.449021377849509018E-15, 1.000000000000000000 ) ) ;
#5377 = ORIENTED_EDGE ( 'NONE', *, *, #7133, .F. ) ;
#5378 = DIRECTION ( 'NONE',  ( -0.000000000000000000, -0.000000000000000000, 1.000000000000000000 ) ) ;
#5379 = CIRCLE ( 'NONE', #4028, 9.000000000000000000 ) ;
#5380 = CARTESIAN_POINT ( 'NONE',  ( 3.102624004880630171, -9.508403338917592151, 3.058973458190931360 ) ) ;
#5381 = CARTESIAN_POINT ( 'NONE',  ( -12.00000000000000000, 0.000000000000000000, 0.000000000000000000 ) ) ;
#5382 = VERTEX_POINT ( 'NONE', #7486 ) ;
#5383 = ADVANCED_FACE ( 'NONE', ( #1544 ), #928, .T. ) ;
#5384 = ORIENTED_EDGE ( 'NONE', *, *, #3677, .F. ) ;
#5385 = VERTEX_POINT ( 'NONE', #3593 ) ;
#5386 = DIRECTION ( 'NONE',  ( 0.4999999999999865108, -2.009201431149456846E-15, 0.8660254037844463681 ) ) ;
#5387 = VECTOR ( 'NONE', #5386, 1000.000000000000114 ) ;
#5388 = CIRCLE ( 'NONE', #1737, 1.500000000000000000 ) ;
#5389 = ORIENTED_EDGE ( 'NONE', *, *, #3828, .T. ) ;
#5390 = CARTESIAN_POINT ( 'NONE',  ( 3.670668399606527844E-29, -1.352352798541932958E-29, 116.0000000000000000 ) ) ;
#5391 =( BOUNDED_CURVE ( )  B_SPLINE_CURVE ( 3, ( #2236, #4827, #4106, #4056 ),
 .UNSPECIFIED., .F., .T. ) 
 B_SPLINE_CURVE_WITH_KNOTS ( ( 4, 4 ),
 ( 1.932163450701605223, 3.141592653589793116 ),
 .UNSPECIFIED. ) 
 CURVE ( )  GEOMETRIC_REPRESENTATION_ITEM ( )  RATIONAL_B_SPLINE_CURVE ( ( 1.000000000000000000, 0.8817762586720242490, 0.8817762586720242490, 1.000000000000000000 ) ) 
 REPRESENTATION_ITEM ( '' )  );
#5392 = EDGE_CURVE ( 'NONE', #692, #2474, #177, .T. ) ;
#5393 = EDGE_CURVE ( 'NONE', #4004, #3542, #2815, .T. ) ;
#5394 = DIRECTION ( 'NONE',  ( 0.4999999999999998335, -0.8660254037844388186, 0.000000000000000000 ) ) ;
#5395 = CARTESIAN_POINT ( 'NONE',  ( -8.865788466118296185, 1.548621134240955044, -43.41561604734756941 ) ) ;
#5396 = EDGE_LOOP ( 'NONE', ( #4937, #7138 ) ) ;
#5397 = DIRECTION ( 'NONE',  ( -0.7071067811865486830, 2.708409491229508607E-15, 0.7071067811865464625 ) ) ;
#5398 = AXIS2_PLACEMENT_3D ( 'NONE', #6923, #3066, #6965 ) ;
#5399 = EDGE_LOOP ( 'NONE', ( #1531, #5521 ) ) ;
#5400 = AXIS2_PLACEMENT_3D ( 'NONE', #1130, #5060, #5641 ) ;
#5401 = FACE_OUTER_BOUND ( 'NONE', #2360, .T. ) ;
#5402 = CARTESIAN_POINT ( 'NONE',  ( 8.000000000000007105, 1.250000000000030420, 8.912771734987938288 ) ) ;
#5403 = VERTEX_POINT ( 'NONE', #4851 ) ;
#5404 = CARTESIAN_POINT ( 'NONE',  ( 0.000000000000000000, 0.000000000000000000, 0.000000000000000000 ) ) ;
#5405 = CONICAL_SURFACE ( 'NONE', #1471, 3.323417653124999926, 0.7853981633974499443 ) ;
#5406 = STYLED_ITEM ( 'NONE', ( #3613 ), #6235 ) ;
#5407 = ORIENTED_EDGE ( 'NONE', *, *, #5076, .T. ) ;
#5408 = CARTESIAN_POINT ( 'NONE',  ( -9.000000000000000000, 0.000000000000000000, -45.00000000000000000 ) ) ;
#5409 = CARTESIAN_POINT ( 'NONE',  ( 1.899583065723451369, 8.800296619470870496, -26.25853348706064239 ) ) ;
#5410 = FACE_OUTER_BOUND ( 'NONE', #1851, .T. ) ;
#5411 = PRESENTATION_LAYER_ASSIGNMENT (  '', '', ( #358 ) ) ;
#5412 = B_SPLINE_CURVE_WITH_KNOTS ( 'NONE', 3,
 ( #4393, #1140, #6970, #2508, #5069, #4470, #7053, #5740, #1228, #1878 ),
 .UNSPECIFIED., .F., .F.,
 ( 4, 2, 2, 2, 4 ),
 ( 0.003920891487174439811, 0.004410994421184741276, 0.004901097355195042742, 0.005391200289205344207, 0.005881303223215644804 ),
 .UNSPECIFIED. ) ;
#5413 = AXIS2_PLACEMENT_3D ( 'NONE', #3982, #6569, #1434 ) ;
#5414 = ORIENTED_EDGE ( 'NONE', *, *, #7099, .T. ) ;
#5415 = VECTOR ( 'NONE', #3590, 1000.000000000000000 ) ;
#5416 = CARTESIAN_POINT ( 'NONE',  ( 7.918387738431804657, -1.250000000000030642, -8.912771734987938288 ) ) ;
#5417 = LINE ( 'NONE', #944, #82 ) ;
#5418 = LINE ( 'NONE', #7455, #1633 ) ;
#5419 = COLOUR_RGB ( '',0.7921568627450980005, 0.8196078431372548767, 0.9333333333333333481 ) ;
#5420 = B_SPLINE_CURVE_WITH_KNOTS ( 'NONE', 3,
 ( #8102, #7589, #1825, #1779, #6227, #4374, #6953, #4413, #2278, #4868, #7458, #4244, #6818, #5792, #5128, #2569, #503, #7715, #2611, #584 ),
 .UNSPECIFIED., .F., .F.,
 ( 4, 2, 2, 2, 2, 2, 2, 2, 2, 4 ),
 ( 0.000000000000000000, 0.0004901114358968048680, 0.0009802228717936097360, 0.001470334307690414170, 0.001960445743587218605, 0.002205501461535621256, 0.002450557179484023473, 0.002940668615380829208, 0.003430780051277634510, 0.003920891487174440679 ),
 .UNSPECIFIED. ) ;
#5421 = CARTESIAN_POINT ( 'NONE',  ( -9.927323463892696154, -1.205708299974156406, -41.94306629718839474 ) ) ;
#5422 = CARTESIAN_POINT ( 'NONE',  ( 8.877223204228323373E-16, 7.505553499465147382, 3.315247287287303113 ) ) ;
#5423 = CIRCLE ( 'NONE', #1903, 6.000000000000000000 ) ;
#5424 = AXIS2_PLACEMENT_3D ( 'NONE', #5178, #8236, #426 ) ;
#5425 = CARTESIAN_POINT ( 'NONE',  ( 10.51489074506427635, -2.443370846959798559, -5.786390754269126191 ) ) ;
#5426 = CARTESIAN_POINT ( 'NONE',  ( -3.786010695219610867, 8.167534019161074355, -27.10792251691663779 ) ) ;
#5427 = LINE ( 'NONE', #5474, #3820 ) ;
#5428 = CONICAL_SURFACE ( 'NONE', #87, 3.000000000000000000, 0.7853981633974482790 ) ;
#5429 = DIRECTION ( 'NONE',  ( -0.000000000000000000, -0.000000000000000000, -1.000000000000000000 ) ) ;
#5430 = VERTEX_POINT ( 'NONE', #8177 ) ;
#5431 = ADVANCED_FACE ( 'NONE', ( #7439 ), #2351, .F. ) ;
#5432 = CIRCLE ( 'NONE', #2579, 0.5000000000000000000 ) ;
#5433 = DIRECTION ( 'NONE',  ( 0.000000000000000000, -1.000000000000000000, 0.000000000000000000 ) ) ;
#5434 = AXIS2_PLACEMENT_3D ( 'NONE', #3601, #2313, #2955 ) ;
#5435 = CARTESIAN_POINT ( 'NONE',  ( -2.099168659438524944E-29, -2.076117056049138025E-14, 8.500000000000351719 ) ) ;
#5436 = CARTESIAN_POINT ( 'NONE',  ( -2.050000000000000711, 9.000000000000001776, -2.549999999999999822 ) ) ;
#5437 = EDGE_LOOP ( 'NONE', ( #5106, #568, #7643, #1614 ) ) ;
#5438 = AXIS2_PLACEMENT_3D ( 'NONE', #3722, #7406, #2916 ) ;
#5439 = ORIENTED_EDGE ( 'NONE', *, *, #6172, .T. ) ;
#5440 = ADVANCED_FACE ( 'NONE', ( #4229, #6801 ), #7529, .T. ) ;
#5441 = VECTOR ( 'NONE', #5778, 1000.000000000000000 ) ;
#5442 = ORIENTED_EDGE ( 'NONE', *, *, #7378, .T. ) ;
#5443 = DIRECTION ( 'NONE',  ( 0.000000000000000000, -2.442490654175355433E-15, 1.000000000000000000 ) ) ;
#5444 = ORIENTED_EDGE ( 'NONE', *, *, #447, .F. ) ;
#5445 =( NAMED_UNIT ( * ) SI_UNIT ( $, .STERADIAN. ) SOLID_ANGLE_UNIT ( ) );
#5446 = AXIS2_PLACEMENT_3D ( 'NONE', #1431, #3437, #7290 ) ;
#5447 = CLOSED_SHELL ( 'NONE', ( #8238, #7773, #7284, #6033, #3845, #3059, #5681, #2157, #5067, #5909, #7743, #1020, #4808, #2898, #8312, #2062, #41, #7714, #139, #7671, #4748, #6876, #629, #5179, #5383, #3446, #3621, #89, #488, #2158, #5327, #1376, #838, #6829, #6206, #6365, #4711, #1171, #5188, #1653, #1790, #5801 ) ) ;
#5448 = CYLINDRICAL_SURFACE ( 'NONE', #4265, 1.599999999999997202 ) ;
#5449 = DIRECTION ( 'NONE',  ( -1.000000000000000000, -2.536951011547150738E-31, -2.465190328815656637E-31 ) ) ;
#5450 = ORIENTED_EDGE ( 'NONE', *, *, #2002, .T. ) ;
#5451 = DIRECTION ( 'NONE',  ( 0.000000000000000000, 0.000000000000000000, -1.000000000000000000 ) ) ;
#5452 = ORIENTED_EDGE ( 'NONE', *, *, #415, .T. ) ;
#5453 = ORIENTED_EDGE ( 'NONE', *, *, #4189, .T. ) ;
#5454 = CARTESIAN_POINT ( 'NONE',  ( 0.000000000000000000, 0.000000000000000000, -8.000000000000000000 ) ) ;
#5455 = EDGE_CURVE ( 'NONE', #2397, #2245, #4775, .T. ) ;
#5456 = CARTESIAN_POINT ( 'NONE',  ( 7.834693691170511620, 1.250000000000030864, 8.912771734987940064 ) ) ;
#5457 = VERTEX_POINT ( 'NONE', #7362 ) ;
#5458 = CARTESIAN_POINT ( 'NONE',  ( 0.000000000000000000, 0.000000000000000000, 3.184081677783118191E-16 ) ) ;
#5459 = LINE ( 'NONE', #2309, #1834 ) ;
#5460 = VERTEX_POINT ( 'NONE', #4137 ) ;
#5461 = CARTESIAN_POINT ( 'NONE',  ( 3.176669941205833680, 9.492393824703039940, -39.25490674657278589 ) ) ;
#5462 = CARTESIAN_POINT ( 'NONE',  ( 8.000000000000007105, 1.249999999999968248, -8.912771734987947170 ) ) ;
#5463 = CARTESIAN_POINT ( 'NONE',  ( 6.782801073208988285, -8.995286665296461592, -0.3283185533721665883 ) ) ;
#5464 = B_SPLINE_CURVE_WITH_KNOTS ( 'NONE', 3,
 ( #4649, #583, #3376, #2568, #5329, #4610 ),
 .UNSPECIFIED., .F., .F.,
 ( 4, 2, 4 ),
 ( 2.380773289363507653E-07, 0.0005833337382474882132, 0.001166429399166039925 ),
 .UNSPECIFIED. ) ;
#5465 = PRODUCT_DEFINITION_FORMATION_WITH_SPECIFIED_SOURCE ( 'ANY', '', #6325, .NOT_KNOWN. ) ;
#5466 = ORIENTED_EDGE ( 'NONE', *, *, #5487, .T. ) ;
#5467 = DIRECTION ( 'NONE',  ( 5.002141340362817447E-31, -3.491481338843133750E-15, -1.000000000000000000 ) ) ;
#5468 = CARTESIAN_POINT ( 'NONE',  ( -13.50000000000000178, 0.000000000000000000, 0.000000000000000000 ) ) ;
#5469 = DIRECTION ( 'NONE',  ( 1.000000000000000000, 0.000000000000000000, 0.000000000000000000 ) ) ;
#5470 = CARTESIAN_POINT ( 'NONE',  ( -10.00000000000000000, 1.224646741021145422E-15, -44.59999999999992326 ) ) ;
#5471 = DIRECTION ( 'NONE',  ( 0.000000000000000000, 1.000000000000000000, 0.000000000000000000 ) ) ;
#5472 = CARTESIAN_POINT ( 'NONE',  ( 10.25849615031573592, -0.6270765802364439701, -6.226251564216710221 ) ) ;
#5473 = CARTESIAN_POINT ( 'NONE',  ( 0.5999999999999894307, -3.469446951953614189E-15, -4.814824860968089633E-30 ) ) ;
#5474 = CARTESIAN_POINT ( 'NONE',  ( -1.543506367234209567E-29, -1.526556658859660294E-14, 6.250000000000258460 ) ) ;
#5475 = CARTESIAN_POINT ( 'NONE',  ( 0.000000000000000000, 4.000000000000194511, -9.769962616701798807E-15 ) ) ;
#5476 = ORIENTED_EDGE ( 'NONE', *, *, #2368, .F. ) ;
#5477 = CARTESIAN_POINT ( 'NONE',  ( 0.000000000000000000, 0.000000000000000000, 0.000000000000000000 ) ) ;
#5478 = DIRECTION ( 'NONE',  ( -0.000000000000000000, -0.000000000000000000, 1.000000000000000000 ) ) ;
#5479 = CARTESIAN_POINT ( 'NONE',  ( 9.999999999999998224, 4.298348979092944333, 10.00000000000000711 ) ) ;
#5480 = DIRECTION ( 'NONE',  ( 1.000000000000000000, -0.000000000000000000, -0.000000000000000000 ) ) ;
#5481 = ORIENTED_EDGE ( 'NONE', *, *, #6897, .T. ) ;
#5482 = ORIENTED_EDGE ( 'NONE', *, *, #7476, .F. ) ;
#5483 = VERTEX_POINT ( 'NONE', #6717 ) ;
#5484 = DIRECTION ( 'NONE',  ( -2.469610187574633181E-30, -2.442490654175355433E-15, 1.000000000000000000 ) ) ;
#5485 = ORIENTED_EDGE ( 'NONE', *, *, #2487, .T. ) ;
#5486 = APPLICATION_PROTOCOL_DEFINITION ( 'draft international standard', 'automotive_design', 1998, #919 ) ;
#5487 = EDGE_CURVE ( 'NONE', #6451, #4704, #3779, .T. ) ;
#5488 = CARTESIAN_POINT ( 'NONE',  ( 10.75277671849465833, -4.216401349201044368, 4.613989893872628478 ) ) ;
#5489 = CARTESIAN_POINT ( 'NONE',  ( 1.040949779275367483E-15, 2.076117056049138025E-14, -8.500000000000351719 ) ) ;
#5490 = EDGE_LOOP ( 'NONE', ( #5151, #3762, #4174, #3527 ) ) ;
#5491 = ORIENTED_EDGE ( 'NONE', *, *, #4262, .T. ) ;
#5492 = FACE_OUTER_BOUND ( 'NONE', #1014, .T. ) ;
#5493 =( NAMED_UNIT ( * ) SI_UNIT ( $, .STERADIAN. ) SOLID_ANGLE_UNIT ( ) );
#5494 = CARTESIAN_POINT ( 'NONE',  ( 6.750000000000008882, 0.1632937369420538187, 9.000000000000000000 ) ) ;
#5495 = ORIENTED_EDGE ( 'NONE', *, *, #5013, .T. ) ;
#5496 = DIRECTION ( 'NONE',  ( -1.000000000000000000, -2.536951011547150738E-31, -2.465190328815656637E-31 ) ) ;
#5497 = ADVANCED_FACE ( 'NONE', ( #4475 ), #7060, .F. ) ;
#5498 = DIRECTION ( 'NONE',  ( -1.000000000000000000, 0.000000000000000000, 0.000000000000000000 ) ) ;
#5499 = VERTEX_POINT ( 'NONE', #6937 ) ;
#5500 = LINE ( 'NONE', #4860, #4617 ) ;
#5501 = DIRECTION ( 'NONE',  ( 0.000000000000000000, 2.442490654175355433E-15, -1.000000000000000000 ) ) ;
#5502 = ORIENTED_EDGE ( 'NONE', *, *, #190, .F. ) ;
#5503 = APPLICATION_CONTEXT ( 'automotive_design' ) ;
#5504 = CARTESIAN_POINT ( 'NONE',  ( 6.813854031928998189, -0.4028325114996392786, -8.991299914834202767 ) ) ;
#5505 = CARTESIAN_POINT ( 'NONE',  ( -6.793109227581805859E-16, 7.505553499465146494, 0.6847527127126998847 ) ) ;
#5506 = CARTESIAN_POINT ( 'NONE',  ( 5.143516556418883914E-16, 11.00000000000000178, 4.200000000000000178 ) ) ;
#5507 = PRODUCT ( '000401.01 \X2\04140430044204470438043a\X0\ \X2\04410432043e0431043e0434043d044b0439\X0\ \X2\0441\X0\ \X2\044004300437044a0451043c043e043c\X0\ 0..20', '000401.01 \X2\04140430044204470438043a\X0\ \X2\04410432043e0431043e0434043d044b0439\X0\ \X2\0441\X0\ \X2\044004300437044a0451043c043e043c\X0\ 0..20', '', ( #1047 ) ) ;
#5508 = CARTESIAN_POINT ( 'NONE',  ( -9.903220017974145861, -1.389122964818616746, -42.19920166321188049 ) ) ;
#5509 = DIRECTION ( 'NONE',  ( 2.958228394578779819E-31, 3.830269434956791642E-15, 1.000000000000000000 ) ) ;
#5510 = CARTESIAN_POINT ( 'NONE',  ( 13.00000000000001066, -2.298161660974075301E-14, -5.500000000000000000 ) ) ;
#5511 = CARTESIAN_POINT ( 'NONE',  ( 7.369503412369130757, 1.091710862167963425, -8.933766254685913566 ) ) ;
#5512 = DIRECTION ( 'NONE',  ( 1.000000000000000000, 0.000000000000000000, -0.000000000000000000 ) ) ;
#5513 = VERTEX_POINT ( 'NONE', #571 ) ;
#5514 =( NAMED_UNIT ( * ) SI_UNIT ( $, .STERADIAN. ) SOLID_ANGLE_UNIT ( ) );
#5515 = DIRECTION ( 'NONE',  ( 0.000000000000000000, 0.000000000000000000, -1.000000000000000000 ) ) ;
#5516 = CARTESIAN_POINT ( 'NONE',  ( 2.741501724342732871, -9.618727153020346421, -2.521864657372210772 ) ) ;
#5517 = CARTESIAN_POINT ( 'NONE',  ( 0.000000000000000000, 4.500000000000193623, -1.099120794378946469E-14 ) ) ;
#5518 = ORIENTED_EDGE ( 'NONE', *, *, #2562, .T. ) ;
#5519 = VERTEX_POINT ( 'NONE', #3200 ) ;
#5520 = CARTESIAN_POINT ( 'NONE',  ( 2.049999999999998934, 2.000000000000000000, -1.549999999999999822 ) ) ;
#5521 = ORIENTED_EDGE ( 'NONE', *, *, #5883, .F. ) ;
#5522 = SHAPE_DEFINITION_REPRESENTATION ( #4635, #2790 ) ;
#5523 = CIRCLE ( 'NONE', #471, 9.000000000000000000 ) ;
#5524 = EDGE_CURVE ( 'NONE', #8169, #2635, #2649, .T. ) ;
#5525 = CARTESIAN_POINT ( 'NONE',  ( 10.57598963089458444, -4.382033237376822932, 4.456683651361218246 ) ) ;
#5526 = DIRECTION ( 'NONE',  ( -0.000000000000000000, -1.000000000000000000, -0.000000000000000000 ) ) ;
#5527 = ORIENTED_EDGE ( 'NONE', *, *, #508, .T. ) ;
#5528 = VERTEX_POINT ( 'NONE', #5703 ) ;
#5529 = CARTESIAN_POINT ( 'NONE',  ( 3.993772892649457570E-16, 3.999999999999984457, 0.000000000000000000 ) ) ;
#5530 = ORIENTED_EDGE ( 'NONE', *, *, #7209, .T. ) ;
#5531 = EDGE_CURVE ( 'NONE', #8373, #287, #2550, .T. ) ;
#5532 = CARTESIAN_POINT ( 'NONE',  ( 82.99999999999998579, 7.000000000000000000, 0.000000000000000000 ) ) ;
#5533 = AXIS2_PLACEMENT_3D ( 'NONE', #86, #5267, #3287 ) ;
#5534 = EDGE_CURVE ( 'NONE', #5351, #8375, #1859, .T. ) ;
#5535 = ORIENTED_EDGE ( 'NONE', *, *, #5159, .T. ) ;
#5536 = DIRECTION ( 'NONE',  ( 0.000000000000000000, 0.000000000000000000, 1.000000000000000000 ) ) ;
#5537 = ORIENTED_EDGE ( 'NONE', *, *, #2295, .T. ) ;
#5538 = CARTESIAN_POINT ( 'NONE',  ( 6.949507115151167369, 7.191763660842741324, -32.03847219967927629 ) ) ;
#5539 = CARTESIAN_POINT ( 'NONE',  ( 0.1632800423448421134, -1.060430761978162995, -1.095003720221052301 ) ) ;
#5540 = ORIENTED_EDGE ( 'NONE', *, *, #3358, .F. ) ;
#5541 = DIRECTION ( 'NONE',  ( -1.898196553187925833E-30, -1.000000000000000000, -2.442490654175355433E-15 ) ) ;
#5542 = CARTESIAN_POINT ( 'NONE',  ( -9.000000000000000000, 0.000000000000000000, -41.39999999999992752 ) ) ;
#5543 = VECTOR ( 'NONE', #2625, 1000.000000000000000 ) ;
#5544 = CARTESIAN_POINT ( 'NONE',  ( -1.500000000000000000, 1.836970198721029934E-16, 0.000000000000000000 ) ) ;
#5545 = DIRECTION ( 'NONE',  ( -1.000000000000000000, -1.719470254348916462E-30, 2.290883888735602091E-30 ) ) ;
#5546 = AXIS2_PLACEMENT_3D ( 'NONE', #7953, #3554, #4726 ) ;
#5547 = EDGE_CURVE ( 'NONE', #729, #7109, #6611, .T. ) ;
#5548 = CARTESIAN_POINT ( 'NONE',  ( 10.82531754730547924, -3.500000000000194067, 5.178078794302143351 ) ) ;
#5549 = CARTESIAN_POINT ( 'NONE',  ( -13.00536576308671322, 2.037071600194377589E-16, 0.8267903882371103741 ) ) ;
#5550 = VECTOR ( 'NONE', #1033, 1000.000000000000000 ) ;
#5551 = DIRECTION ( 'NONE',  ( 1.000000000000000000, 2.536951011547150738E-31, 2.465190328815656637E-31 ) ) ;
#5552 = CARTESIAN_POINT ( 'NONE',  ( 0.000000000000000000, 0.000000000000000000, 0.000000000000000000 ) ) ;
#5553 = MECHANICAL_DESIGN_GEOMETRIC_PRESENTATION_REPRESENTATION (  '', ( #4345 ), #4058 ) ;
#5554 = EDGE_LOOP ( 'NONE', ( #3737, #2409, #1818, #4123 ) ) ;
#5555 = VECTOR ( 'NONE', #7255, 1000.000000000000000 ) ;
#5556 = CARTESIAN_POINT ( 'NONE',  ( 8.835786437626918399, -4.500000000000209610, -4.337337893224481711 ) ) ;
#5557 = AXIS2_PLACEMENT_3D ( 'NONE', #5917, #2574, #6524 ) ;
#5558 = CYLINDRICAL_SURFACE ( 'NONE', #7481, 5.200000000000000178 ) ;
#5559 = CONICAL_SURFACE ( 'NONE', #7189, 4.374999999999999112, 0.7853981633974466137 ) ;
#5560 = CARTESIAN_POINT ( 'NONE',  ( 9.304746573448943181, 4.614316364800654213, 4.215704328626960873 ) ) ;
#5561 = CARTESIAN_POINT ( 'NONE',  ( -1.000000000000000444, -0.5773502691896253980, -1.040577039435783391 ) ) ;
#5562 = ORIENTED_EDGE ( 'NONE', *, *, #3284, .F. ) ;
#5563 = CIRCLE ( 'NONE', #1908, 5.500000000000006217 ) ;
#5564 = CIRCLE ( 'NONE', #3266, 5.852414213562370904 ) ;
#5565 = ORIENTED_EDGE ( 'NONE', *, *, #6193, .F. ) ;
#5566 = CARTESIAN_POINT ( 'NONE',  ( 8.000000000000007105, 8.912771734987943617, 1.249999999999999334 ) ) ;
#5567 = VERTEX_POINT ( 'NONE', #2001 ) ;
#5568 = SHAPE_DEFINITION_REPRESENTATION ( #7544, #7951 ) ;
#5569 = CIRCLE ( 'NONE', #1361, 0.5000000000000000000 ) ;
#5570 = ADVANCED_FACE ( 'NONE', ( #605 ), #2598, .F. ) ;
#5571 = AXIS2_PLACEMENT_3D ( 'NONE', #3682, #1590, #7496 ) ;
#5572 = CARTESIAN_POINT ( 'NONE',  ( -6.500000000000000888, -3.752776749732556372, 4.000000000000000000 ) ) ;
#5573 = CARTESIAN_POINT ( 'NONE',  ( 6.500000000000000888, 7.936266832981194164E-16, 3.731761184457490277 ) ) ;
#5574 = VERTEX_POINT ( 'NONE', #2718 ) ;
#5575 = VECTOR ( 'NONE', #6341, 1000.000000000000000 ) ;
#5576 = CIRCLE ( 'NONE', #7756, 6.441421356237318818 ) ;
#5577 = VERTEX_POINT ( 'NONE', #2762 ) ;
#5578 = AXIS2_PLACEMENT_3D ( 'NONE', #7276, #6632, #2731 ) ;
#5579 = DIRECTION ( 'NONE',  ( -1.000000000000000000, -1.719470254348916462E-30, 2.290883888735602091E-30 ) ) ;
#5580 = FACE_OUTER_BOUND ( 'NONE', #1999, .T. ) ;
#5581 = ORIENTED_EDGE ( 'NONE', *, *, #2526, .F. ) ;
#5582 = AXIS2_PLACEMENT_3D ( 'NONE', #5207, #3967, #6554 ) ;
#5583 = FACE_OUTER_BOUND ( 'NONE', #2589, .T. ) ;
#5584 = CARTESIAN_POINT ( 'NONE',  ( -2.050000000000000711, 9.000000000000001776, 2.549999999999999822 ) ) ;
#5585 = ORIENTED_EDGE ( 'NONE', *, *, #4558, .F. ) ;
#5586 = LINE ( 'NONE', #8185, #1917 ) ;
#5587 = ORIENTED_EDGE ( 'NONE', *, *, #6927, .T. ) ;
#5588 = EDGE_CURVE ( 'NONE', #738, #7008, #7102, .T. ) ;
#5589 = DIRECTION ( 'NONE',  ( 0.000000000000000000, 1.000000000000000000, 0.000000000000000000 ) ) ;
#5590 = SURFACE_STYLE_USAGE ( .BOTH. , #4320 ) ;
#5591 = CARTESIAN_POINT ( 'NONE',  ( 20.00000000000000000, 0.000000000000000000, 0.000000000000000000 ) ) ;
#5592 = CARTESIAN_POINT ( 'NONE',  ( 10.82531754730547924, 3.500000000000203393, 5.178078794302187760 ) ) ;
#5593 = CARTESIAN_POINT ( 'NONE',  ( 36.00000000000000711, 9.860761315262661020E-29, -6.894829200906304354E-29 ) ) ;
#5595 = AXIS2_PLACEMENT_3D ( 'NONE', #557, #6960, #2534 ) ;
#5594 = AXIS2_PLACEMENT_3D ( 'NONE', #2217, #129, #4127 ) ;
#5596 = VECTOR ( 'NONE', #8423, 1000.000000000000114 ) ;
#5597 = CARTESIAN_POINT ( 'NONE',  ( 10.00000000000000000, 8.878844369681666749E-16, 7.249999999999997335 ) ) ;
#5598 = FACE_OUTER_BOUND ( 'NONE', #2953, .T. ) ;
#5599 = EDGE_CURVE ( 'NONE', #3564, #6021, #7021, .T. ) ;
#5600 = CARTESIAN_POINT ( 'NONE',  ( -2.050000000000000711, 2.000000000000000000, -2.549999999999999822 ) ) ;
#5601 = ORIENTED_EDGE ( 'NONE', *, *, #1116, .F. ) ;
#5602 = FACE_OUTER_BOUND ( 'NONE', #7551, .T. ) ;
#5603 = CARTESIAN_POINT ( 'NONE',  ( -0.5000000000000056621, 0.000000000000000000, -2.499999999999998224 ) ) ;
#5604 = PLANE ( 'NONE',  #7590 ) ;
#5605 = DIRECTION ( 'NONE',  ( -1.000000000000000000, -0.000000000000000000, -0.000000000000000000 ) ) ;
#5606 = ORIENTED_EDGE ( 'NONE', *, *, #965, .T. ) ;
#5607 = DIRECTION ( 'NONE',  ( -0.000000000000000000, -1.000000000000000000, -0.000000000000000000 ) ) ;
#5608 = ORIENTED_EDGE ( 'NONE', *, *, #5080, .F. ) ;
#5609 = CARTESIAN_POINT ( 'NONE',  ( 0.000000000000000000, 0.000000000000000000, 0.000000000000000000 ) ) ;
#5610 = VERTEX_POINT ( 'NONE', #5981 ) ;
#5611 = PRODUCT_CONTEXT ( 'NONE', #6799, 'mechanical' ) ;
#5612 = CONICAL_SURFACE ( 'NONE', #8181, 5.000000000000014211, 0.7853981633974461696 ) ;
#5613 = DIRECTION ( 'NONE',  ( -1.000000000000000000, -1.719470254348916462E-30, 2.290883888735602091E-30 ) ) ;
#5614 = CARTESIAN_POINT ( 'NONE',  ( -4.655166966848108601, 8.857763224790613066, -38.24667325178610611 ) ) ;
#5615 = VERTEX_POINT ( 'NONE', #128 ) ;
#5616 = EDGE_LOOP ( 'NONE', ( #5741, #3544 ) ) ;
#5617 = B_SPLINE_CURVE_WITH_KNOTS ( 'NONE', 3,
 ( #3387, #6009, #192, #152, #4790, #2883, #7336, #6649, #2828, #5422 ),
 .UNSPECIFIED., .F., .F.,
 ( 4, 2, 2, 2, 4 ),
 ( 2.325950922398676229E-07, 0.001877518990025929188, 0.003754805384959618818, 0.005632091779893307580, 0.007509378174826997210 ),
 .UNSPECIFIED. ) ;
#5618 = CARTESIAN_POINT ( 'NONE',  ( 6.953678074517625873, -7.186632557545845401, 0.9876570652933094330 ) ) ;
#5619 = FILL_AREA_STYLE ('',( #3716 ) ) ;
#5620 = ORIENTED_EDGE ( 'NONE', *, *, #5238, .F. ) ;
#5621 = LINE ( 'NONE', #4274, #3405 ) ;
#5622 = CIRCLE ( 'NONE', #2234, 7.000000000000000000 ) ;
#5623 = ORIENTED_EDGE ( 'NONE', *, *, #4408, .T. ) ;
#5624 = CARTESIAN_POINT ( 'NONE',  ( 3.323417653124999926, 4.070012791129339714E-16, 2.948417653125003035 ) ) ;
#5625 = ORIENTED_EDGE ( 'NONE', *, *, #3510, .F. ) ;
#5626 = CARTESIAN_POINT ( 'NONE',  ( 4.303590503429366443, 9.035512705743393269, -27.46118302073443829 ) ) ;
#5627 = ORIENTED_EDGE ( 'NONE', *, *, #1742, .F. ) ;
#5628 = DIRECTION ( 'NONE',  ( 0.000000000000000000, -0.000000000000000000, 1.000000000000000000 ) ) ;
#5629 = ADVANCED_FACE ( 'NONE', ( #4594 ), #3876, .F. ) ;
#5630 = CARTESIAN_POINT ( 'NONE',  ( 36.00000000000000711, 8.304468224196639190E-15, -3.400000000000136247 ) ) ;
#5631 = CARTESIAN_POINT ( 'NONE',  ( 0.000000000000000000, 6.000000000000388134, -1.465494392505291515E-14 ) ) ;
#5632 = AXIS2_PLACEMENT_3D ( 'NONE', #554, #1863, #1124 ) ;
#5633 = CARTESIAN_POINT ( 'NONE',  ( 0.000000000000000000, 0.000000000000000000, 0.000000000000000000 ) ) ;
#5634 = AXIS2_PLACEMENT_3D ( 'NONE', #4694, #5251, #4618 ) ;
#5635 = CARTESIAN_POINT ( 'NONE',  ( 0.000000000000000000, -1.791067294476536503E-14, -4.600000000000013856 ) ) ;
#5636 = DIRECTION ( 'NONE',  ( 1.000000000000000000, 1.719470254348916462E-30, -2.290883888735602091E-30 ) ) ;
#5637 = EDGE_LOOP ( 'NONE', ( #6253, #7100 ) ) ;
#5638 = CARTESIAN_POINT ( 'NONE',  ( 0.000000000000000000, 2.000000000000000000, 0.000000000000000000 ) ) ;
#5639 = CARTESIAN_POINT ( 'NONE',  ( 9.542893218813491174, -4.792893218813667922, -4.011318311110809276 ) ) ;
#5640 = DIRECTION ( 'NONE',  ( 1.898196553187937393E-30, 1.000000000000000000, -2.442490654175333739E-15 ) ) ;
#5641 = DIRECTION ( 'NONE',  ( 1.000000000000000000, 0.000000000000000000, 0.000000000000000000 ) ) ;
#5642 = ORIENTED_EDGE ( 'NONE', *, *, #7184, .F. ) ;
#5643 = PRODUCT ( '\X2\042004300437044a0435043c\X0\', '\X2\042004300437044a0435043c\X0\', '', ( #4389 ) ) ;
#5644 = CARTESIAN_POINT ( 'NONE',  ( 0.000000000000000000, 0.000000000000000000, 4.000000000000000000 ) ) ;
#5645 = B_SPLINE_CURVE_WITH_KNOTS ( 'NONE', 3,
 ( #3951, #161, #2082, #2622, #4705, #2796 ),
 .UNSPECIFIED., .F., .F.,
 ( 4, 2, 4 ),
 ( 0.01609224232968409565, 0.01797396752307175993, 0.01985569271645942768 ),
 .UNSPECIFIED. ) ;
#5646 = ORIENTED_EDGE ( 'NONE', *, *, #7548, .T. ) ;
#5647 = DIRECTION ( 'NONE',  ( -1.000000000000000000, -2.536951011547150738E-31, -2.465190328815656637E-31 ) ) ;
#5648 = ORIENTED_EDGE ( 'NONE', *, *, #2208, .F. ) ;
#5649 = PRODUCT_CONTEXT ( 'NONE', #863, 'mechanical' ) ;
#5650 = ADVANCED_FACE ( 'NONE', ( #2049 ), #5821, .F. ) ;
#5651 = CARTESIAN_POINT ( 'NONE',  ( -6.500000000000000000, 0.6263982494772577514, 0.2682388155425113330 ) ) ;
#5652 = CARTESIAN_POINT ( 'NONE',  ( -4.657577678256728859, 8.856372138511657610, -27.75578499227028573 ) ) ;
#5653 = ORIENTED_EDGE ( 'NONE', *, *, #4531, .T. ) ;
#5654 = EDGE_LOOP ( 'NONE', ( #2944, #7986, #5952, #49, #1634, #8308 ) ) ;
#5655 = VERTEX_POINT ( 'NONE', #8419 ) ;
#5656 = CARTESIAN_POINT ( 'NONE',  ( 9.962613813168646359, -0.9902106894234916634, -7.198675541078661588 ) ) ;
#5657 =( NAMED_UNIT ( * ) SI_UNIT ( $, .STERADIAN. ) SOLID_ANGLE_UNIT ( ) );
#5658 = ORIENTED_EDGE ( 'NONE', *, *, #4717, .T. ) ;
#5659 = ADVANCED_FACE ( 'NONE', ( #1407 ), #4557, .T. ) ;
#5660 = DIRECTION ( 'NONE',  ( 2.469610187574633181E-30, 2.442490654175355433E-15, -1.000000000000000000 ) ) ;
#5661 = DIRECTION ( 'NONE',  ( 0.000000000000000000, 3.830269434956791642E-15, 1.000000000000000000 ) ) ;
#5662 = ORIENTED_EDGE ( 'NONE', *, *, #218, .F. ) ;
#5663 = DIRECTION ( 'NONE',  ( 0.000000000000000000, 0.000000000000000000, 1.000000000000000000 ) ) ;
#5664 = ORIENTED_EDGE ( 'NONE', *, *, #6314, .F. ) ;
#5665 = PRODUCT_DEFINITION_CONTEXT ( 'detailed design', #5078, 'design' ) ;
#5666 = PRESENTATION_STYLE_ASSIGNMENT (( #1073 ) ) ;
#5667 = DIRECTION ( 'NONE',  ( -1.000000000000000000, -2.536951011547150738E-31, -2.465190328815656637E-31 ) ) ;
#5668 = AXIS2_PLACEMENT_3D ( 'NONE', #4513, #525, #1265 ) ;
#5669 = DIRECTION ( 'NONE',  ( -0.000000000000000000, -0.000000000000000000, -1.000000000000000000 ) ) ;
#5670 = CARTESIAN_POINT ( 'NONE',  ( 2.584028398531359461, 9.753007399781402853, -2.230066800029809393 ) ) ;
#5671 = CARTESIAN_POINT ( 'NONE',  ( -6.500000000000000888, 3.752776749732665174, 0.6847527127126029622 ) ) ;
#5672 = CARTESIAN_POINT ( 'NONE',  ( -1.627025617018331243E-30, -2.039292615273133675E-14, -5.500000000000006217 ) ) ;
#5673 = AXIS2_PLACEMENT_3D ( 'NONE', #2465, #521, #1135 ) ;
#5674 = AXIS2_PLACEMENT_3D ( 'NONE', #770, #1442, #4551 ) ;
#5675 = FACE_OUTER_BOUND ( 'NONE', #1625, .T. ) ;
#5676 = ORIENTED_EDGE ( 'NONE', *, *, #1741, .F. ) ;
#5677 = CARTESIAN_POINT ( 'NONE',  ( 0.9999999999999995559, 0.5773502691896269523, -1.040577039435783391 ) ) ;
#5678 = DIRECTION ( 'NONE',  ( -2.469610187574633181E-30, -2.442490654175355433E-15, 1.000000000000000000 ) ) ;
#5679 = CARTESIAN_POINT ( 'NONE',  ( 10.83990399860080167, 4.068526498343530307, 4.746282927859168055 ) ) ;
#5680 = CARTESIAN_POINT ( 'NONE',  ( 3.196262615779264404, 8.416063222621509965, -39.23183257979185612 ) ) ;
#5681 = ADVANCED_FACE ( 'NONE', ( #1363 ), #695, .T. ) ;
#5682 = TOROIDAL_SURFACE ( 'NONE', #3525, 11.00000000000000000, 1.000000000000000888 ) ;
#5683 = CARTESIAN_POINT ( 'NONE',  ( 6.000000000000000000, 0.000000000000000000, 0.000000000000000000 ) ) ;
#5684 = EDGE_CURVE ( 'NONE', #6544, #3246, #8251, .T. ) ;
#5685 = AXIS2_PLACEMENT_3D ( 'NONE', #6866, #6239, #3030 ) ;
#5686 = ORIENTED_EDGE ( 'NONE', *, *, #1394, .F. ) ;
#5687 = CARTESIAN_POINT ( 'NONE',  ( 10.86285431484810182, 3.616099265242303851, -5.099604239454505361 ) ) ;
#5688 = STYLED_ITEM ( 'NONE', ( #7542 ), #6527 ) ;
#5689 = ORIENTED_EDGE ( 'NONE', *, *, #6674, .T. ) ;
#5690 = ITEM_DEFINED_TRANSFORMATION ( 'NONE', 'NONE', #7210,  #1795 ) ;
#5691 = EDGE_CURVE ( 'NONE', #5403, #5385, #4043, .T. ) ;
#5692 = LINE ( 'NONE', #1876, #5885 ) ;
#5693 = CARTESIAN_POINT ( 'NONE',  ( 6.000000000000005329, 0.000000000000000000, 1.642146637880645005E-44 ) ) ;
#5694 = CARTESIAN_POINT ( 'NONE',  ( -6.988014041043832059, 7.153235015771534755, -33.47285465971393137 ) ) ;
#5695 = ORIENTED_EDGE ( 'NONE', *, *, #2571, .T. ) ;
#5696 = VECTOR ( 'NONE', #4719, 1000.000000000000000 ) ;
#5697 = ADVANCED_FACE ( 'NONE', ( #169 ), #7428, .F. ) ;
#5698 = EDGE_CURVE ( 'NONE', #7609, #1767, #1321, .T. ) ;
#5699 = VECTOR ( 'NONE', #807, 1000.000000000000114 ) ;
#5700 = ORIENTED_EDGE ( 'NONE', *, *, #3924, .T. ) ;
#5701 = EDGE_CURVE ( 'NONE', #3065, #7488, #1665, .T. ) ;
#5702 = ORIENTED_EDGE ( 'NONE', *, *, #4961, .F. ) ;
#5703 = CARTESIAN_POINT ( 'NONE',  ( 35.50000000000000711, 6.500000000000324185, 5.080600358225518143 ) ) ;
#5704 = EDGE_CURVE ( 'NONE', #3285, #3908, #8383, .T. ) ;
#5705 = VECTOR ( 'NONE', #5397, 999.9999999999998863 ) ;
#5706 =( NAMED_UNIT ( * ) SI_UNIT ( $, .STERADIAN. ) SOLID_ANGLE_UNIT ( ) );
#5707 = DIRECTION ( 'NONE',  ( 0.000000000000000000, 3.830269434956791642E-15, 1.000000000000000000 ) ) ;
#5708 = VECTOR ( 'NONE', #2079, 1000.000000000000000 ) ;
#5709 = VERTEX_POINT ( 'NONE', #7390 ) ;
#5710 = AXIS2_PLACEMENT_3D ( 'NONE', #1552, #6597, #4146 ) ;
#5711 = CARTESIAN_POINT ( 'NONE',  ( -9.814954576223648530, 8.900000000000002132, -2.808298311204775004E-15 ) ) ;
#5712 = EDGE_LOOP ( 'NONE', ( #3333, #4859, #8073, #3681 ) ) ;
#5713 = CARTESIAN_POINT ( 'NONE',  ( 27.75143945920717670, 6.500000000000324185, -0.4433710543353640565 ) ) ;
#5714 = AXIS2_PLACEMENT_3D ( 'NONE', #65, #2699, #7931 ) ;
#5715 = EDGE_CURVE ( 'NONE', #1708, #4407, #268, .T. ) ;
#5716 = ORIENTED_EDGE ( 'NONE', *, *, #5847, .T. ) ;
#5717 = VECTOR ( 'NONE', #7462, 1000.000000000000000 ) ;
#5718 = DIRECTION ( 'NONE',  ( -0.4999999999999996669, 0.000000000000000000, 0.8660254037844388186 ) ) ;
#5719 = CARTESIAN_POINT ( 'NONE',  ( -8.972452536020115943, 0.7102938120736377314, -41.56247542328954836 ) ) ;
#5720 = APPLICATION_CONTEXT ( 'automotive_design' ) ;
#5721 = CARTESIAN_POINT ( 'NONE',  ( -9.918986190069857045, 1.278944190769894629, -42.01626804901473378 ) ) ;
#5722 = PRODUCT ( '\X2\041704300433043b04430448043a0430\X0\ \X2\044004300437044a0451043c0430\X0\', '\X2\041704300433043b04430448043a0430\X0\ \X2\044004300437044a0451043c0430\X0\', '', ( #3748 ) ) ;
#5723 = CARTESIAN_POINT ( 'NONE',  ( 2.234910877631461457, 9.918927921281524007, -1.312726128963698002 ) ) ;
#5724 = CARTESIAN_POINT ( 'NONE',  ( 4.199999999999981526, -2.760014439218143198E-14, -6.300000000000009592 ) ) ;
#5725 = DIRECTION ( 'NONE',  ( 1.000000000000000000, -3.614007241618317709E-17, -2.204355216680804521E-30 ) ) ;
#5726 = FACE_BOUND ( 'NONE', #3536, .T. ) ;
#5727 = CARTESIAN_POINT ( 'NONE',  ( 14.00000000000001243, 2.569277174666495490E-14, 6.500000000000007105 ) ) ;
#5728 = ORIENTED_EDGE ( 'NONE', *, *, #4761, .T. ) ;
#5729 = CARTESIAN_POINT ( 'NONE',  ( -2.487145164873209191E-18, 1.154700538379252350, -1.040577039435782947 ) ) ;
#5730 = AXIS2_PLACEMENT_3D ( 'NONE', #2050, #828, #170 ) ;
#5731 = DIRECTION ( 'NONE',  ( -0.000000000000000000, -0.000000000000000000, 1.000000000000000000 ) ) ;
#5732 = CARTESIAN_POINT ( 'NONE',  ( 10.72325107419569434, 4.266316479025168640, 4.569316491534502589 ) ) ;
#5733 = CARTESIAN_POINT ( 'NONE',  ( -10.00000000000000000, 0.000000000000000000, -42.99999999999992895 ) ) ;
#5734 = FACE_BOUND ( 'NONE', #8153, .T. ) ;
#5735 = DIRECTION ( 'NONE',  ( 0.000000000000000000, 0.000000000000000000, 1.000000000000000000 ) ) ;
#5736 = EDGE_LOOP ( 'NONE', ( #1892, #1616, #7995, #5816, #2388, #2563, #2936, #4987, #7851, #3675 ) ) ;
#5737 = PRODUCT_CONTEXT ( 'NONE', #2466, 'mechanical' ) ;
#5738 = DIRECTION ( 'NONE',  ( 1.000000000000000000, 0.000000000000000000, 0.000000000000000000 ) ) ;
#5739 = CARTESIAN_POINT ( 'NONE',  ( 8.629845445563686823, -8.933721336179688777, -1.092071626319065292 ) ) ;
#5740 = CARTESIAN_POINT ( 'NONE',  ( 6.782557100389797533, -0.3277195603246067512, -5.492345467435599815 ) ) ;
#5741 = ORIENTED_EDGE ( 'NONE', *, *, #5524, .F. ) ;
#5742 = EDGE_CURVE ( 'NONE', #4632, #3561, #4169, .T. ) ;
#5743 = ORIENTED_EDGE ( 'NONE', *, *, #7730, .T. ) ;
#5744 = ORIENTED_EDGE ( 'NONE', *, *, #5455, .F. ) ;
#5745 = CARTESIAN_POINT ( 'NONE',  ( 9.818949859308181871, -1.955376246434671783, 6.998506963334342856 ) ) ;
#5746 = ADVANCED_FACE ( 'NONE', ( #6162 ), #8036, .T. ) ;
#5747 = CARTESIAN_POINT ( 'NONE',  ( 35.84136563366270423, 6.500000000000335731, 4.511783109542205850 ) ) ;
#5748 = ORIENTED_EDGE ( 'NONE', *, *, #843, .T. ) ;
#5749 = CARTESIAN_POINT ( 'NONE',  ( 8.768003426294630032, 8.945063799800239579, -0.9996097863624973101 ) ) ;
#5750 = EDGE_LOOP ( 'NONE', ( #745, #5314 ) ) ;
#5751 = DIRECTION ( 'NONE',  ( 1.719470254348910857E-30, -1.000000000000000000, -2.442490654175355433E-15 ) ) ;
#5752 = ORIENTED_EDGE ( 'NONE', *, *, #5237, .T. ) ;
#5753 = DIRECTION ( 'NONE',  ( -1.000000000000000000, -2.536951011547150738E-31, -2.465190328815656637E-31 ) ) ;
#5754 = UNCERTAINTY_MEASURE_WITH_UNIT (LENGTH_MEASURE( 1.000000000000000082E-05 ), #4982, 'distance_accuracy_value', 'NONE');
#5755 = FILL_AREA_STYLE_COLOUR ( '', #632 ) ;
#5756 = CARTESIAN_POINT ( 'NONE',  ( -9.975224081572795498, 0.7101547461982498088, -41.56240630697096350 ) ) ;
#5757 = B_SPLINE_CURVE_WITH_KNOTS ( 'NONE', 3,
 ( #3611, #5086, #4918, #5511, #8106, #2966, #7509, #5166, #1941, #383 ),
 .UNSPECIFIED., .F., .F.,
 ( 4, 2, 2, 2, 4 ),
 ( 0.000000000000000000, 0.0004892151382753979517, 0.0009784302765507959035, 0.001467645414826193422, 0.001956860553101590940 ),
 .UNSPECIFIED. ) ;
#5758 = CARTESIAN_POINT ( 'NONE',  ( 12.00000000000001066, -3.469446951953618922E-15, -1.733336949948512268E-30 ) ) ;
#5759 = AXIS2_PLACEMENT_3D ( 'NONE', #5644, #6963, #1131 ) ;
#5760 = DIRECTION ( 'NONE',  ( 0.000000000000000000, -3.830269434956790853E-15, -1.000000000000000000 ) ) ;
#5761 = DIRECTION ( 'NONE',  ( 0.000000000000000000, 0.000000000000000000, -1.000000000000000000 ) ) ;
#5762 = CYLINDRICAL_SURFACE ( 'NONE', #4349, 8.500000000000351719 ) ;
#5763 = CARTESIAN_POINT ( 'NONE',  ( 0.8367199576551574980, 0.6716200455907154199, -1.095003720221051635 ) ) ;
#5764 = DIRECTION ( 'NONE',  ( -1.000000000000000000, 0.000000000000000000, 0.000000000000000000 ) ) ;
#5765 = DIRECTION ( 'NONE',  ( 0.000000000000000000, 2.442490654175355433E-15, -1.000000000000000000 ) ) ;
#5766 = CARTESIAN_POINT ( 'NONE',  ( 6.500000000000000888, -3.752776749732613215, 0.6847527127126333824 ) ) ;
#5767 = CARTESIAN_POINT ( 'NONE',  ( 6.265145202799199176, 6.466150731100873905, -29.84583357494128109 ) ) ;
#5768 = CARTESIAN_POINT ( 'NONE',  ( 0.000000000000000000, 2.000000000000000000, 0.000000000000000000 ) ) ;
#5769 = ORIENTED_EDGE ( 'NONE', *, *, #5005, .T. ) ;
#5770 = CARTESIAN_POINT ( 'NONE',  ( 28.68165661297836166, -6.500000000000460965, 3.434800326665696790 ) ) ;
#5771 = DIRECTION ( 'NONE',  ( 0.000000000000000000, -2.442490654175355827E-15, 1.000000000000000000 ) ) ;
#5772 = CARTESIAN_POINT ( 'NONE',  ( -5.562535070965521022, 8.315624236750041476, -28.72768498412554550 ) ) ;
#5773 = ORIENTED_EDGE ( 'NONE', *, *, #1110, .T. ) ;
#5774 = ORIENTED_EDGE ( 'NONE', *, *, #94, .T. ) ;
#5775 = ORIENTED_EDGE ( 'NONE', *, *, #2272, .F. ) ;
#5776 = CARTESIAN_POINT ( 'NONE',  ( 8.377554636468856231, -5.473288414721035444, -4.776382884277894370 ) ) ;
#5777 = EDGE_CURVE ( 'NONE', #4632, #2226, #7307, .T. ) ;
#5778 = DIRECTION ( 'NONE',  ( -0.000000000000000000, -0.000000000000000000, -1.000000000000000000 ) ) ;
#5779 = VERTEX_POINT ( 'NONE', #5520 ) ;
#5780 = DIRECTION ( 'NONE',  ( -1.000000000000000000, 0.000000000000000000, 0.000000000000000000 ) ) ;
#5781 = ORIENTED_EDGE ( 'NONE', *, *, #7820, .F. ) ;
#5782 = CARTESIAN_POINT ( 'NONE',  ( 5.852414213562370016, 0.000000000000000000, 0.000000000000000000 ) ) ;
#5783 = EDGE_CURVE ( 'NONE', #7010, #6163, #1736, .T. ) ;
#5784 = EDGE_LOOP ( 'NONE', ( #6762, #6911 ) ) ;
#5785 = DIRECTION ( 'NONE',  ( -2.527244646315869357E-18, -1.000000000000000000, 2.442490654175333739E-15 ) ) ;
#5786 = EDGE_CURVE ( 'NONE', #3080, #1134, #2140, .T. ) ;
#5787 = DIRECTION ( 'NONE',  ( -0.000000000000000000, -1.000000000000000000, -0.000000000000000000 ) ) ;
#5788 = ADVANCED_FACE ( 'NONE', ( #918 ), #826, .T. ) ;
#5789 = CARTESIAN_POINT ( 'NONE',  ( -6.500000000000000000, -3.133050754258726478, 3.443596743427522533 ) ) ;
#5790 = EDGE_CURVE ( 'NONE', #1810, #1664, #3909, .T. ) ;
#5791 = VECTOR ( 'NONE', #1862, 1000.000000000000000 ) ;
#5792 = CARTESIAN_POINT ( 'NONE',  ( 6.908310814388481269, -5.465848691843751439, -0.6306225251517474373 ) ) ;
#5793 = LINE ( 'NONE', #24, #1311 ) ;
#5794 = EDGE_CURVE ( 'NONE', #4818, #7493, #6122, .T. ) ;
#5795 = AXIS2_PLACEMENT_3D ( 'NONE', #6210, #357, #2945 ) ;
#5796 = AXIS2_PLACEMENT_3D ( 'NONE', #207, #4257, #6787 ) ;
#5797 = ADVANCED_FACE ( 'NONE', ( #3493, #5016 ), #4424, .T. ) ;
#5798 = DIRECTION ( 'NONE',  ( 0.8660254037844385966, -0.5000000000000001110, 0.000000000000000000 ) ) ;
#5799 = EDGE_CURVE ( 'NONE', #7609, #4402, #5804, .T. ) ;
#5800 = CARTESIAN_POINT ( 'NONE',  ( -0.5000000000000056621, 0.000000000000000000, 0.000000000000000000 ) ) ;
#5801 = ADVANCED_FACE ( 'NONE', ( #6872 ), #7689, .F. ) ;
#5802 = CARTESIAN_POINT ( 'NONE',  ( 9.123973870876930903, -4.533364367552094265, -4.303187366882118781 ) ) ;
#5803 = CARTESIAN_POINT ( 'NONE',  ( 13.00000000000001066, 0.000000000000000000, 0.000000000000000000 ) ) ;
#5804 = CIRCLE ( 'NONE', #1329, 8.000000000000000000 ) ;
#5805 = DIRECTION ( 'NONE',  ( -0.000000000000000000, -1.000000000000000000, -0.000000000000000000 ) ) ;
#5806 = CARTESIAN_POINT ( 'NONE',  ( 9.217382329368435379, 0.3275141073136356717, -8.995313019399114651 ) ) ;
#5807 = CARTESIAN_POINT ( 'NONE',  ( 29.68885484816311049, 6.500000000000336620, 4.864723230153283673 ) ) ;
#5808 = ORIENTED_EDGE ( 'NONE', *, *, #6814, .T. ) ;
#5809 = B_SPLINE_CURVE_WITH_KNOTS ( 'NONE', 3,
 ( #7894, #4664, #7256, #1435, #6605, #5340, #1030, #4288 ),
 .UNSPECIFIED., .F., .F.,
 ( 4, 2, 2, 4 ),
 ( 0.01783006900773166301, 0.01828335787798772427, 0.01873664674824378207, 0.01964322448875590113 ),
 .UNSPECIFIED. ) ;
#5810 = APPLICATION_PROTOCOL_DEFINITION ( 'draft international standard', 'automotive_design', 1998, #2907 ) ;
#5811 = CIRCLE ( 'NONE', #2558, 2.250000000000000000 ) ;
#5812 = CARTESIAN_POINT ( 'NONE',  ( 28.40099251189271001, -6.500000000000467182, 2.784453541143588673 ) ) ;
#5813 = PRESENTATION_LAYER_ASSIGNMENT (  '', '', ( #4734 ) ) ;
#5814 = DIRECTION ( 'NONE',  ( 2.958228394578779381E-31, 3.830269434956790853E-15, 1.000000000000000000 ) ) ;
#5815 = CYLINDRICAL_SURFACE ( 'NONE', #5674, 3.323417653124999926 ) ;
#5816 = ORIENTED_EDGE ( 'NONE', *, *, #3161, .T. ) ;
#5817 = B_SPLINE_CURVE_WITH_KNOTS ( 'NONE', 3,
 ( #5573, #6752, #3548, #4173, #2298, #1624 ),
 .UNSPECIFIED., .F., .F.,
 ( 4, 2, 4 ),
 ( 0.01985569271645942768, 0.02173731178887269855, 0.02361893086128596941 ),
 .UNSPECIFIED. ) ;
#5818 = ORIENTED_EDGE ( 'NONE', *, *, #3513, .T. ) ;
#5819 = AXIS2_PLACEMENT_3D ( 'NONE', #7510, #6863, #3648 ) ;
#5820 = ORIENTED_EDGE ( 'NONE', *, *, #1052, .F. ) ;
#5821 = CYLINDRICAL_SURFACE ( 'NONE', #1463, 7.000000000000009770 ) ;
#5822 = AXIS2_PLACEMENT_3D ( 'NONE', #5344, #765, #6488 ) ;
#5823 = EDGE_CURVE ( 'NONE', #2808, #2548, #2977, .T. ) ;
#5824 = VERTEX_POINT ( 'NONE', #1801 ) ;
#5825 = CONICAL_SURFACE ( 'NONE', #2166, 2.250000000000000000, 0.7853981633974497223 ) ;
#5826 = CARTESIAN_POINT ( 'NONE',  ( 8.327856133354627488, 8.917534537218511304, -1.217179027124184021 ) ) ;
#5827 = CARTESIAN_POINT ( 'NONE',  ( 8.835786437626918399, -4.500000000000273559, 4.337337893224578522 ) ) ;
#5828 = VERTEX_POINT ( 'NONE', #8167 ) ;
#5829 = FACE_OUTER_BOUND ( 'NONE', #5654, .T. ) ;
#5830 = EDGE_CURVE ( 'NONE', #580, #6578, #3103, .T. ) ;
#5831 = ADVANCED_FACE ( 'NONE', ( #2381 ), #3149, .F. ) ;
#5832 = EDGE_LOOP ( 'NONE', ( #2167, #3142, #1576, #6506 ) ) ;
#5833 = DIRECTION ( 'NONE',  ( 0.000000000000000000, -2.442490654175355827E-15, 1.000000000000000000 ) ) ;
#5834 = UNCERTAINTY_MEASURE_WITH_UNIT (LENGTH_MEASURE( 1.000000000000000082E-05 ), #8266, 'distance_accuracy_value', 'NONE');
#5835 = DIRECTION ( 'NONE',  ( 0.000000000000000000, 0.000000000000000000, -1.000000000000000000 ) ) ;
#5836 = CIRCLE ( 'NONE', #8147, 0.5000000000000000000 ) ;
#5837 = CARTESIAN_POINT ( 'NONE',  ( 28.83585854985910046, 6.500000000000333955, 3.751014759852050684 ) ) ;
#5838 = AXIS2_PLACEMENT_3D ( 'NONE', #3726, #5088, #7672 ) ;
#5839 = PLANE ( 'NONE',  #653 ) ;
#5840 = VECTOR ( 'NONE', #6039, 1000.000000000000000 ) ;
#5841 = DIRECTION ( 'NONE',  ( -1.000000000000000000, -1.719470254348916462E-30, 2.290883888735602091E-30 ) ) ;
#5842 = CARTESIAN_POINT ( 'NONE',  ( 7.290101464277660703, 6.845742562551072830, -2.398979961149134699 ) ) ;
#5843 = AXIS2_PLACEMENT_3D ( 'NONE', #5404, #1816, #8220 ) ;
#5844 = AXIS2_PLACEMENT_3D ( 'NONE', #3189, #7687, #3273 ) ;
#5845 = DIRECTION ( 'NONE',  ( 0.000000000000000000, 1.000000000000000000, 0.000000000000000000 ) ) ;
#5846 = CARTESIAN_POINT ( 'NONE',  ( 6.782970517686109702, -0.3284891248037216105, 5.492261140145732412 ) ) ;
#5847 = EDGE_CURVE ( 'NONE', #7109, #729, #7846, .T. ) ;
#5848 = DIRECTION ( 'NONE',  ( 1.000000000000000000, 0.000000000000000000, -0.000000000000000000 ) ) ;
#5849 = LINE ( 'NONE', #3164, #3138 ) ;
#5850 = EDGE_CURVE ( 'NONE', #4404, #7348, #6508, .T. ) ;
#5851 = CYLINDRICAL_SURFACE ( 'NONE', #4206, 7.000000000000000000 ) ;
#5852 = CARTESIAN_POINT ( 'NONE',  ( 9.878440750298940503E-30, 9.769962616701825629E-15, -4.000000000000165201 ) ) ;
#5853 = DIRECTION ( 'NONE',  ( 0.000000000000000000, -3.830269434956790853E-15, -1.000000000000000000 ) ) ;
#5854 = FACE_OUTER_BOUND ( 'NONE', #4273, .T. ) ;
#5855 = ORIENTED_EDGE ( 'NONE', *, *, #2318, .F. ) ;
#5856 = CONTEXT_DEPENDENT_SHAPE_REPRESENTATION ( #2950, #7139 ) ;
#5857 = CARTESIAN_POINT ( 'NONE',  ( 8.000000000000007105, 3.491481338843151026E-14, 10.00000000000004974 ) ) ;
#5858 = DIRECTION ( 'NONE',  ( 0.9238795325112878487, 0.000000000000000000, 0.3826834323650871728 ) ) ;
#5859 = FACE_BOUND ( 'NONE', #6754, .T. ) ;
#5860 = CARTESIAN_POINT ( 'NONE',  ( 6.000000000000005329, 3.638755963208956872E-14, 9.500000000000012434 ) ) ;
#5861 = ORIENTED_EDGE ( 'NONE', *, *, #779, .T. ) ;
#5862 = ORIENTED_EDGE ( 'NONE', *, *, #8246, .T. ) ;
#5863 = EDGE_LOOP ( 'NONE', ( #3966, #179, #1150, #3620 ) ) ;
#5864 = CARTESIAN_POINT ( 'NONE',  ( 8.998682542821855534, 0.7691642366526358909, 8.967817256660779890 ) ) ;
#5865 = SHAPE_REPRESENTATION_RELATIONSHIP ( 'NONE' , 'NONE' ,  #8007, #633 ) ;
#5866 = CARTESIAN_POINT ( 'NONE',  ( 3.101856159744969421, 9.525132786765860615, -3.057778390329940255 ) ) ;
#5867 = ORIENTED_EDGE ( 'NONE', *, *, #4027, .T. ) ;
#5868 = DIRECTION ( 'NONE',  ( 0.000000000000000000, 0.000000000000000000, 1.000000000000000000 ) ) ;
#5869 = CARTESIAN_POINT ( 'NONE',  ( 9.360795848123062868, -4.646763878952872240, 4.180051065447766057 ) ) ;
#5870 = ORIENTED_EDGE ( 'NONE', *, *, #5957, .F. ) ;
#5871 = CARTESIAN_POINT ( 'NONE',  ( 27.72728047132935814, 6.500000000000325073, 0.3787139026090333149 ) ) ;
#5872 = ORIENTED_EDGE ( 'NONE', *, *, #4078, .F. ) ;
#5873 = LINE ( 'NONE', #4605, #4460 ) ;
#5874 = DIRECTION ( 'NONE',  ( 0.000000000000000000, 0.000000000000000000, 1.000000000000000000 ) ) ;
#5875 = EDGE_LOOP ( 'NONE', ( #6704, #4068, #1820, #138 ) ) ;
#5876 = CARTESIAN_POINT ( 'NONE',  ( -5.960486317375837118, -4.064265119627103573, 3.444269994619118425 ) ) ;
#5877 = DIRECTION ( 'NONE',  ( 2.958228394578779381E-31, 3.830269434956791642E-15, 1.000000000000000000 ) ) ;
#5878 = CARTESIAN_POINT ( 'NONE',  ( 8.764864009253580335, 4.818416896616318112, -5.422039476337163322 ) ) ;
#5879 = ADVANCED_FACE ( 'NONE', ( #7561 ), #1222, .F. ) ;
#5880 = CARTESIAN_POINT ( 'NONE',  ( 6.500000000000000000, 3.752776749732579908, 4.000000000000000000 ) ) ;
#5881 = ADVANCED_FACE ( 'NONE', ( #3027 ), #3515, .F. ) ;
#5882 = CARTESIAN_POINT ( 'NONE',  ( 0.000000000000000000, 0.000000000000000000, -3.999999999999990674 ) ) ;
#5883 = EDGE_CURVE ( 'NONE', #267, #4089, #7298, .T. ) ;
#5884 = DIRECTION ( 'NONE',  ( -0.000000000000000000, 0.000000000000000000, -1.000000000000000000 ) ) ;
#5885 = VECTOR ( 'NONE', #8294, 1000.000000000000000 ) ;
#5886 = CARTESIAN_POINT ( 'NONE',  ( 0.000000000000000000, 0.000000000000000000, 0.000000000000000000 ) ) ;
#5887 = CARTESIAN_POINT ( 'NONE',  ( 8.000000000000007105, 8.912771734987943617, 1.249999999999999334 ) ) ;
#5888 = EDGE_CURVE ( 'NONE', #1767, #273, #2019, .T. ) ;
#5889 = CARTESIAN_POINT ( 'NONE',  ( -5.562278711833960720, 7.077502102620981006, -28.74455244223614514 ) ) ;
#5890 = PRESENTATION_STYLE_ASSIGNMENT (( #3190 ) ) ;
#5891 = VERTEX_POINT ( 'NONE', #5566 ) ;
#5892 = CARTESIAN_POINT ( 'NONE',  ( 0.000000000000000000, -8.499999999999992895, 5.267826876426333627 ) ) ;
#5893 = CARTESIAN_POINT ( 'NONE',  ( -1.000000000000000444, -0.5773502691896253980, -1.040577039435783391 ) ) ;
#5894 = CARTESIAN_POINT ( 'NONE',  ( 6.749999999999998224, 0.000000000000000000, 0.000000000000000000 ) ) ;
#5895 = FACE_BOUND ( 'NONE', #4556, .T. ) ;
#5896 = EDGE_LOOP ( 'NONE', ( #3286, #5495 ) ) ;
#5897 = ORIENTED_EDGE ( 'NONE', *, *, #5823, .F. ) ;
#5898 = EDGE_CURVE ( 'NONE', #8097, #5528, #4999, .T. ) ;
#5899 = VERTEX_POINT ( 'NONE', #6246 ) ;
#5900 = DIRECTION ( 'NONE',  ( 0.000000000000000000, 0.000000000000000000, 1.000000000000000000 ) ) ;
#5901 = DIRECTION ( 'NONE',  ( 1.000000000000000000, 1.719470254348916462E-30, -2.290883888735602091E-30 ) ) ;
#5902 = ORIENTED_EDGE ( 'NONE', *, *, #4784, .T. ) ;
#5903 = CARTESIAN_POINT ( 'NONE',  ( 0.5000000000000000000, 0.000000000000000000, 0.000000000000000000 ) ) ;
#5904 = DIRECTION ( 'NONE',  ( 0.000000000000000000, 0.000000000000000000, 1.000000000000000000 ) ) ;
#5905 = ORIENTED_EDGE ( 'NONE', *, *, #3557, .F. ) ;
#5906 = DIRECTION ( 'NONE',  ( 0.7071067811865321406, -1.640506098928645657E-15, 0.7071067811865628938 ) ) ;
#5907 = VERTEX_POINT ( 'NONE', #4971 ) ;
#5908 = CARTESIAN_POINT ( 'NONE',  ( 0.000000000000000000, 0.000000000000000000, 0.000000000000000000 ) ) ;
#5909 = ADVANCED_FACE ( 'NONE', ( #1745 ), #4592, .T. ) ;
#5910 = PRODUCT_DEFINITION_CONTEXT ( 'detailed design', #4633, 'design' ) ;
#5911 = CARTESIAN_POINT ( 'NONE',  ( -4.500000000000000888, 5.510910596163089556E-16, 0.000000000000000000 ) ) ;
#5912 = EDGE_LOOP ( 'NONE', ( #4849, #3289, #5867, #1003 ) ) ;
#5913 = DIRECTION ( 'NONE',  ( 0.000000000000000000, 0.000000000000000000, 1.000000000000000000 ) ) ;
#5914 = PRODUCT_DEFINITION_SHAPE ( 'NONE', 'NONE',  #2499 ) ;
#5915 = CARTESIAN_POINT ( 'NONE',  ( 5.933943087171883235, 8.050554706296180640, -36.71988416351983631 ) ) ;
#5916 = CARTESIAN_POINT ( 'NONE',  ( 7.614455644365812681, 6.483867509353044234, 3.251995957611408805 ) ) ;
#5917 = CARTESIAN_POINT ( 'NONE',  ( 0.9999999999999995559, -0.5773502691896262862, -1.040000000000000036 ) ) ;
#5918 = AXIS2_PLACEMENT_3D ( 'NONE', #5633, #7677, #422 ) ;
#5919 = CYLINDRICAL_SURFACE ( 'NONE', #1072, 6.000000000000000000 ) ;
#5920 = PRODUCT_DEFINITION ( 'UNKNOWN', '', #3705, #2683 ) ;
#5921 = CARTESIAN_POINT ( 'NONE',  ( 35.00000000000000000, 9.860761315262743977E-29, -6.201494420926899447E-29 ) ) ;
#5922 = CARTESIAN_POINT ( 'NONE',  ( 29.44989324151617183, -6.500000000000460076, 4.676504005455993429 ) ) ;
#5923 = DIRECTION ( 'NONE',  ( -1.898196553187937393E-30, -1.000000000000000000, 2.442490654175333739E-15 ) ) ;
#5924 = APPLICATION_CONTEXT ( 'automotive_design' ) ;
#5925 = CARTESIAN_POINT ( 'NONE',  ( 6.999510903549527541, 8.968000199326619182, -0.7672623440435855091 ) ) ;
#5926 = CARTESIAN_POINT ( 'NONE',  ( -0.9606008282940875498, 8.961050430832532498, -39.95012575830973844 ) ) ;
#5927 = DIRECTION ( 'NONE',  ( 1.000000000000000000, 0.000000000000000000, 0.000000000000000000 ) ) ;
#5928 = ORIENTED_EDGE ( 'NONE', *, *, #1719, .T. ) ;
#5929 = CARTESIAN_POINT ( 'NONE',  ( 28.06507705583343792, -6.500000000000468070, 1.772105724042560171 ) ) ;
#5930 = AXIS2_PLACEMENT_3D ( 'NONE', #8125, #4095, #6844 ) ;
#5931 = DIRECTION ( 'NONE',  ( 2.958228394578778944E-31, 3.830269434956790853E-15, 1.000000000000000000 ) ) ;
#5932 = EDGE_CURVE ( 'NONE', #4438, #5263, #910, .T. ) ;
#5933 = CYLINDRICAL_SURFACE ( 'NONE', #7569, 7.500000000000009770 ) ;
#5934 = CARTESIAN_POINT ( 'NONE',  ( 5.143516556418883914E-16, 2.000000000000000000, 4.200000000000000178 ) ) ;
#5935 = EDGE_LOOP ( 'NONE', ( #2804, #1448, #2373, #8262, #5581, #401 ) ) ;
#5936 = ORIENTED_EDGE ( 'NONE', *, *, #3833, .T. ) ;
#5937 = ADVANCED_FACE ( 'NONE', ( #595 ), #5299, .F. ) ;
#5938 = ORIENTED_EDGE ( 'NONE', *, *, #4910, .T. ) ;
#5939 = CARTESIAN_POINT ( 'NONE',  ( 7.834277571137663543, 5.356071321407136487, 1.249999999999999334 ) ) ;
#5940 = AXIS2_PLACEMENT_3D ( 'NONE', #4926, #3741, #1871 ) ;
#5941 =( NAMED_UNIT ( * ) SI_UNIT ( $, .STERADIAN. ) SOLID_ANGLE_UNIT ( ) );
#5942 = VERTEX_POINT ( 'NONE', #3274 ) ;
#5943 = DIRECTION ( 'NONE',  ( -1.000000000000000000, 2.527244646312397676E-18, 2.284402040327631027E-30 ) ) ;
#5944 = CARTESIAN_POINT ( 'NONE',  ( -1.000000000000000444, 0.5773502691896266192, -1.040577039435782947 ) ) ;
#5945 = ORIENTED_EDGE ( 'NONE', *, *, #4745, .T. ) ;
#5946 = DIRECTION ( 'NONE',  ( 0.000000000000000000, 0.000000000000000000, 1.000000000000000000 ) ) ;
#5947 = EDGE_CURVE ( 'NONE', #2912, #7472, #4722, .T. ) ;
#5948 = ORIENTED_EDGE ( 'NONE', *, *, #2633, .F. ) ;
#5949 = AXIS2_PLACEMENT_3D ( 'NONE', #4024, #7939, #7852 ) ;
#5950 = FACE_OUTER_BOUND ( 'NONE', #538, .T. ) ;
#5951 = CIRCLE ( 'NONE', #2982, 8.500000000000351719 ) ;
#5952 = ORIENTED_EDGE ( 'NONE', *, *, #3581, .T. ) ;
#5953 = AXIS2_PLACEMENT_3D ( 'NONE', #3764, #6348, #2959 ) ;
#5954 = CARTESIAN_POINT ( 'NONE',  ( -9.814954576223648530, 8.900000000000002132, -2.808298311204775004E-15 ) ) ;
#5955 = AXIS2_PLACEMENT_3D ( 'NONE', #852, #375, #5469 ) ;
#5956 = CARTESIAN_POINT ( 'NONE',  ( 1.185065133237716672, 9.932287513067294071, -39.90300853823409000 ) ) ;
#5957 = EDGE_CURVE ( 'NONE', #5615, #7779, #7896, .T. ) ;
#5958 = FACE_OUTER_BOUND ( 'NONE', #6864, .T. ) ;
#5959 = CIRCLE ( 'NONE', #6774, 0.8267903882371103741 ) ;
#5960 = EDGE_CURVE ( 'NONE', #7488, #3406, #7812, .T. ) ;
#5961 = AXIS2_PLACEMENT_3D ( 'NONE', #3085, #5669, #3007 ) ;
#5962 = CARTESIAN_POINT ( 'NONE',  ( 9.249999999999930722, -0.08181507008841253092, -5.499999999999982236 ) ) ;
#5963 = CARTESIAN_POINT ( 'NONE',  ( 0.3845285551129400958, -8.500000000000172307, 4.858793986884312410 ) ) ;
#5964 = AXIS2_PLACEMENT_3D ( 'NONE', #6680, #1423, #3509 ) ;
#5965 = CARTESIAN_POINT ( 'NONE',  ( 20.00000000000000000, 8.878689293818319935E-16, 7.250000000000006217 ) ) ;
#5966 = CARTESIAN_POINT ( 'NONE',  ( 30.26197536900919260, -6.500000000000460076, 5.080600358224811153 ) ) ;
#5967 = DIRECTION ( 'NONE',  ( 0.000000000000000000, 0.000000000000000000, 1.000000000000000000 ) ) ;
#5968 = DIRECTION ( 'NONE',  ( 0.000000000000000000, 1.000000000000000000, 0.000000000000000000 ) ) ;
#5969 = AXIS2_PLACEMENT_3D ( 'NONE', #223, #5451, #2859 ) ;
#5970 = CARTESIAN_POINT ( 'NONE',  ( -6.264732511549236271, 6.466584144816371449, -29.84478693786876136 ) ) ;
#5971 = DIRECTION ( 'NONE',  ( 0.000000000000000000, 0.000000000000000000, -1.000000000000000000 ) ) ;
#5972 = CARTESIAN_POINT ( 'NONE',  ( 9.216600354221514024, -0.3300003119067280721, 5.492164837603194627 ) ) ;
#5973 = ORIENTED_EDGE ( 'NONE', *, *, #7660, .F. ) ;
#5974 = DIRECTION ( 'NONE',  ( -1.000000000000000000, -1.719470254348916462E-30, 2.290883888735602091E-30 ) ) ;
#5975 = DIRECTION ( 'NONE',  ( 2.290883888735606645E-30, -2.442490654175355827E-15, 1.000000000000000000 ) ) ;
#5976 = DIRECTION ( 'NONE',  ( 1.000000000000000000, 0.000000000000000000, 0.000000000000000000 ) ) ;
#5977 = ORIENTED_EDGE ( 'NONE', *, *, #3731, .T. ) ;
#5978 = ORIENTED_EDGE ( 'NONE', *, *, #8079, .F. ) ;
#5979 = VERTEX_POINT ( 'NONE', #1437 ) ;
#5980 = PRODUCT_DEFINITION_SHAPE ( 'NONE', 'NONE',  #5249 ) ;
#5981 = CARTESIAN_POINT ( 'NONE',  ( 0.000000000000000000, -8.499999999999992895, 4.013726448077860276 ) ) ;
#5982 =( NAMED_UNIT ( * ) PLANE_ANGLE_UNIT ( ) SI_UNIT ( $, .RADIAN. ) );
#5983 = SHAPE_REPRESENTATION ( '000401.20.12 \X2\042104350440043404350447043d0438043a\X0\_0..20', ( #1795 ), #950 ) ;
#5984 = PRODUCT_DEFINITION ( 'UNKNOWN', '', #413, #5910 ) ;
#5986 = CIRCLE ( 'NONE', #3022, 0.5000000000000000000 ) ;
#5985 =( GEOMETRIC_REPRESENTATION_CONTEXT ( 3 ) GLOBAL_UNCERTAINTY_ASSIGNED_CONTEXT ( ( #3297 ) ) GLOBAL_UNIT_ASSIGNED_CONTEXT ( ( #3363, #5982, #5941 ) ) REPRESENTATION_CONTEXT ( 'NONE', 'WORKASPACE' ) );
#5987 = ORIENTED_EDGE ( 'NONE', *, *, #3537, .T. ) ;
#5988 = AXIS2_PLACEMENT_3D ( 'NONE', #5903, #3329, #5202 ) ;
#5989 = CARTESIAN_POINT ( 'NONE',  ( 0.000000000000000000, 0.000000000000000000, 0.000000000000000000 ) ) ;
#5990 = CARTESIAN_POINT ( 'NONE',  ( -1.000000000000000444, 0.4840107305452265307, -1.067521843316974417 ) ) ;
#5991 = ORIENTED_EDGE ( 'NONE', *, *, #6125, .T. ) ;
#5992 = CARTESIAN_POINT ( 'NONE',  ( -2.099168659438524664E-29, 4.000000000000173195, 8.500000000000339284 ) ) ;
#5993 = AXIS2_PLACEMENT_3D ( 'NONE', #7508, #335, #6821 ) ;
#5994 = ORIENTED_EDGE ( 'NONE', *, *, #733, .F. ) ;
#5995 = CARTESIAN_POINT ( 'NONE',  ( 9.092171833456330177, 0.6294195497629191394, -5.465950883376613056 ) ) ;
#5996 = ADVANCED_FACE ( 'NONE', ( #3313 ), #4581, .F. ) ;
#5997 = CARTESIAN_POINT ( 'NONE',  ( 6.907567465358232184, 0.6289904598626090415, 8.979258566170861044 ) ) ;
#5998 = ORIENTED_EDGE ( 'NONE', *, *, #4033, .T. ) ;
#5999 = EDGE_CURVE ( 'NONE', #4407, #2728, #4546, .T. ) ;
#6000 = DIRECTION ( 'NONE',  ( 0.000000000000000000, 0.000000000000000000, -1.000000000000000000 ) ) ;
#6001 = DIRECTION ( 'NONE',  ( -1.000000000000000000, -2.536951011547150738E-31, -2.465190328815656637E-31 ) ) ;
#6002 = CARTESIAN_POINT ( 'NONE',  ( 4.907477288111809166, 8.900000000000002132, -8.500000000000015987 ) ) ;
#6003 = LINE ( 'NONE', #4691, #2455 ) ;
#6004 = DIRECTION ( 'NONE',  ( 0.000000000000000000, 1.000000000000000000, -4.163336342344339393E-15 ) ) ;
#6005 = DIRECTION ( 'NONE',  ( 1.000000000000000000, 0.000000000000000000, 0.000000000000000000 ) ) ;
#6006 = DIRECTION ( 'NONE',  ( -1.000000000000000000, 0.000000000000000000, 0.000000000000000000 ) ) ;
#6007 = AXIS2_PLACEMENT_3D ( 'NONE', #2903, #4935, #4847 ) ;
#6008 = DIRECTION ( 'NONE',  ( 1.000000000000000000, 1.719470254348916462E-30, -2.290883888735602091E-30 ) ) ;
#6009 = CARTESIAN_POINT ( 'NONE',  ( -5.961929966871034381, 4.063431628202459400, 3.443924751166891340 ) ) ;
#6010 = CARTESIAN_POINT ( 'NONE',  ( 8.163320938805970428, -1.249999999999968470, 8.912771734987947170 ) ) ;
#6011 = CARTESIAN_POINT ( 'NONE',  ( -4.677503215209283027, 7.697886405848152869, -27.77382107768852748 ) ) ;
#6012 = FACE_OUTER_BOUND ( 'NONE', #6425, .T. ) ;
#6013 = FILL_AREA_STYLE_COLOUR ( '', #766 ) ;
#6014 = VERTEX_POINT ( 'NONE', #3947 ) ;
#6015 = ITEM_DEFINED_TRANSFORMATION ( 'NONE', 'NONE', #7205,  #1795 ) ;
#6016 = DIRECTION ( 'NONE',  ( 0.000000000000000000, -2.442490654175355433E-15, 1.000000000000000000 ) ) ;
#6017 = AXIS2_PLACEMENT_3D ( 'NONE', #3279, #8334, #6413 ) ;
#6018 = DIRECTION ( 'NONE',  ( -0.000000000000000000, -1.000000000000000000, -0.000000000000000000 ) ) ;
#6019 = CARTESIAN_POINT ( 'NONE',  ( 6.500000000000005329, 0.000000000000000000, -1.642146637880645005E-44 ) ) ;
#6020 = DIRECTION ( 'NONE',  ( 2.958228394578779381E-31, 3.830269434956791642E-15, 1.000000000000000000 ) ) ;
#6021 = VERTEX_POINT ( 'NONE', #6537 ) ;
#6022 = AXIS2_PLACEMENT_3D ( 'NONE', #175, #3742, #836 ) ;
#6023 = ORIENTED_EDGE ( 'NONE', *, *, #3557, .T. ) ;
#6024 = ORIENTED_EDGE ( 'NONE', *, *, #8232, .F. ) ;
#6025 = CARTESIAN_POINT ( 'NONE',  ( 7.071067811865475505, -10.00000000000001066, 0.000000000000000000 ) ) ;
#6026 = DIRECTION ( 'NONE',  ( 2.465190328815654448E-31, -2.536951011547165189E-31, 1.000000000000000000 ) ) ;
#6027 = STYLED_ITEM ( 'NONE', ( #7175 ), #562 ) ;
#6028 = DIRECTION ( 'NONE',  ( 0.000000000000000000, -2.442490654175355433E-15, 1.000000000000000000 ) ) ;
#6029 = CARTESIAN_POINT ( 'NONE',  ( 0.000000000000000000, 19.90000000000000213, -6.000000000000000888 ) ) ;
#6030 = EDGE_LOOP ( 'NONE', ( #2113, #4175 ) ) ;
#6031 = MANIFOLD_SOLID_BREP ( 'Отверстие с зазором M31', #3955 ) ;
#6032 = DIRECTION ( 'NONE',  ( -2.290574811757063663E-30, -2.442490654175333345E-15, -1.000000000000000000 ) ) ;
#6033 = ADVANCED_FACE ( 'NONE', ( #1260 ), #2292, .F. ) ;
#6034 = CARTESIAN_POINT ( 'NONE',  ( 0.000000000000000000, 6.900000000000000355, -8.000000000000000000 ) ) ;
#6035 = DIRECTION ( 'NONE',  ( -0.000000000000000000, -0.000000000000000000, 1.000000000000000000 ) ) ;
#6036 = CARTESIAN_POINT ( 'NONE',  ( 7.237718782766111580, 0.9940252889721733487, 8.945054311936372571 ) ) ;
#6037 = ORIENTED_EDGE ( 'NONE', *, *, #6820, .F. ) ;
#6038 = CARTESIAN_POINT ( 'NONE',  ( 6.499999999999999112, 3.752776749732580353, 0.6847527127126969981 ) ) ;
#6039 = DIRECTION ( 'NONE',  ( 0.000000000000000000, 0.000000000000000000, 1.000000000000000000 ) ) ;
#6040 = FACE_OUTER_BOUND ( 'NONE', #4031, .T. ) ;
#6041 = DIRECTION ( 'NONE',  ( 0.000000000000000000, 0.000000000000000000, -1.000000000000000000 ) ) ;
#6042 = ORIENTED_EDGE ( 'NONE', *, *, #3579, .F. ) ;
#6043 = DIRECTION ( 'NONE',  ( 1.000000000000000000, 0.000000000000000000, 0.000000000000000000 ) ) ;
#6044 = LINE ( 'NONE', #7886, #8405 ) ;
#6045 = LINE ( 'NONE', #5506, #2707 ) ;
#6046 = CARTESIAN_POINT ( 'NONE',  ( -9.879298958356230287, -1.549152878736558048, -42.58645018641889379 ) ) ;
#6047 = CARTESIAN_POINT ( 'NONE',  ( 0.000000000000000000, 0.000000000000000000, -2.774242424242424843 ) ) ;
#6048 = EDGE_CURVE ( 'NONE', #3077, #6510, #3257, .T. ) ;
#6049 = ADVANCED_FACE ( 'NONE', ( #3899, #5854 ), #2037, .T. ) ;
#6050 = CARTESIAN_POINT ( 'NONE',  ( 10.24390062427394099, -0.3155046898737815519, -6.249999999999997335 ) ) ;
#6051 = ADVANCED_FACE ( 'NONE', ( #1397 ), #1606, .F. ) ;
#6052 = CARTESIAN_POINT ( 'NONE',  ( -3.783558634469941229, 8.168675660720392528, -38.89366020652703781 ) ) ;
#6053 = FACE_OUTER_BOUND ( 'NONE', #973, .T. ) ;
#6054 = CARTESIAN_POINT ( 'NONE',  ( 8.630003223195156892, -1.091904998692289297, 5.390903652921930522 ) ) ;
#6055 = ORIENTED_EDGE ( 'NONE', *, *, #7634, .T. ) ;
#6056 = DIRECTION ( 'NONE',  ( 0.000000000000000000, 0.000000000000000000, 1.000000000000000000 ) ) ;
#6057 = SURFACE_STYLE_USAGE ( .BOTH. , #3318 ) ;
#6058 = AXIS2_PLACEMENT_3D ( 'NONE', #4011, #5174, #3931 ) ;
#6059 = CARTESIAN_POINT ( 'NONE',  ( 9.360606139125289715, 4.646640675863172198, 4.180188878431907895 ) ) ;
#6060 = CARTESIAN_POINT ( 'NONE',  ( 10.83990399860080167, -4.068526498343536524, -4.746282927859162726 ) ) ;
#6061 = ORIENTED_EDGE ( 'NONE', *, *, #7719, .F. ) ;
#6062 = ADVANCED_FACE ( 'NONE', ( #5342 ), #4160, .F. ) ;
#6063 = B_SPLINE_CURVE_WITH_KNOTS ( 'NONE', 3,
 ( #3634, #4984, #8306, #407, #489, #1061 ),
 .UNSPECIFIED., .F., .F.,
 ( 4, 2, 4 ),
 ( 0.01035551168174633947, 0.01224964164987317819, 0.01414377161800001691 ),
 .UNSPECIFIED. ) ;
#6064 = ORIENTED_EDGE ( 'NONE', *, *, #2262, .T. ) ;
#6065 = ORIENTED_EDGE ( 'NONE', *, *, #3171, .F. ) ;
#6066 = CARTESIAN_POINT ( 'NONE',  ( 82.99999999999998579, 0.000000000000000000, 0.000000000000000000 ) ) ;
#6067 = AXIS2_PLACEMENT_3D ( 'NONE', #8303, #4434, #7011 ) ;
#6068 = AXIS2_PLACEMENT_3D ( 'NONE', #2083, #2042, #3319 ) ;
#6069 = ORIENTED_EDGE ( 'NONE', *, *, #4914, .T. ) ;
#6070 = CARTESIAN_POINT ( 'NONE',  ( 10.10878330957787341, -4.500000000000274447, 4.337337893224578522 ) ) ;
#6071 = CARTESIAN_POINT ( 'NONE',  ( -8.964510930415764633, 0.8031873107960787461, -44.38770901195277929 ) ) ;
#6072 = EDGE_LOOP ( 'NONE', ( #3421, #7306 ) ) ;
#6073 = FACE_OUTER_BOUND ( 'NONE', #5361, .T. ) ;
#6074 = AXIS2_PLACEMENT_3D ( 'NONE', #3543, #4124, #7351 ) ;
#6075 = ORIENTED_EDGE ( 'NONE', *, *, #841, .T. ) ;
#6076 = CIRCLE ( 'NONE', #6355, 2.750000000000000000 ) ;
#6077 = CYLINDRICAL_SURFACE ( 'NONE', #992, 8.000000000000000000 ) ;
#6078 = CARTESIAN_POINT ( 'NONE',  ( -6.499999999999997335, -3.752776749732557704, 0.6847527127126922242 ) ) ;
#6079 =( NAMED_UNIT ( * ) SI_UNIT ( $, .STERADIAN. ) SOLID_ANGLE_UNIT ( ) );
#6080 = CYLINDRICAL_SURFACE ( 'NONE', #1615, 2.250000000000000000 ) ;
#6081 = EDGE_LOOP ( 'NONE', ( #2211, #4779 ) ) ;
#6082 = CARTESIAN_POINT ( 'NONE',  ( -5.852414213562370016, 8.185469736641520259E-16, 0.000000000000000000 ) ) ;
#6083 = AXIS2_PLACEMENT_3D ( 'NONE', #3442, #6319, #8199 ) ;
#6084 = ORIENTED_EDGE ( 'NONE', *, *, #6360, .T. ) ;
#6085 = CARTESIAN_POINT ( 'NONE',  ( 0.9472565907286226716, 9.957864273581453318, -39.93969452092727579 ) ) ;
#6086 = DIRECTION ( 'NONE',  ( -0.000000000000000000, -0.000000000000000000, 1.000000000000000000 ) ) ;
#6087 = CARTESIAN_POINT ( 'NONE',  ( 28.99999999999999645, 7.395570986446999128E-29, -6.240013019814657616E-29 ) ) ;
#6088 = VECTOR ( 'NONE', #7322, 1000.000000000000000 ) ;
#6089 = AXIS2_PLACEMENT_3D ( 'NONE', #4198, #333, #293 ) ;
#6090 = ORIENTED_EDGE ( 'NONE', *, *, #5830, .T. ) ;
#6091 = APPLICATION_CONTEXT ( 'automotive_design' ) ;
#6092 = CARTESIAN_POINT ( 'NONE',  ( 9.542893218813491174, 4.792893218813648382, -4.011318311110890988 ) ) ;
#6093 = DIRECTION ( 'NONE',  ( -0.000000000000000000, -0.000000000000000000, 1.000000000000000000 ) ) ;
#6094 = EDGE_CURVE ( 'NONE', #8234, #3802, #2832, .T. ) ;
#6095 = FACE_OUTER_BOUND ( 'NONE', #4850, .T. ) ;
#6096 = CARTESIAN_POINT ( 'NONE',  ( -9.992947538708628841, -0.4220761390956607184, -41.44267456081287548 ) ) ;
#6097 = AXIS2_PLACEMENT_3D ( 'NONE', #8391, #4612, #624 ) ;
#6098 = CARTESIAN_POINT ( 'NONE',  ( 28.99999999999999645, 7.395570986446999128E-29, -6.240013019814657616E-29 ) ) ;
#6099 = AXIS2_PLACEMENT_3D ( 'NONE', #1579, #2348, #833 ) ;
#6100 = VECTOR ( 'NONE', #1567, 1000.000000000000000 ) ;
#6101 = CARTESIAN_POINT ( 'NONE',  ( 9.250000000000008882, 3.447242491461116738E-14, 9.000000000000010658 ) ) ;
#6102 = B_SPLINE_CURVE_WITH_KNOTS ( 'NONE', 3,
 ( #4566, #2129, #7797, #7241 ),
 .UNSPECIFIED., .F., .F.,
 ( 4, 4 ),
 ( 0.01928053129079530109, 0.02067342722296680244 ),
 .UNSPECIFIED. ) ;
#6103 = CARTESIAN_POINT ( 'NONE',  ( 0.9999999999999995559, 0.5773502691896269523, -1.040577039435783391 ) ) ;
#6104 = CARTESIAN_POINT ( 'NONE',  ( 1.040949779275367483E-15, 2.076117056049138025E-14, -8.500000000000351719 ) ) ;
#6105 = CIRCLE ( 'NONE', #2451, 10.00000000000001421 ) ;
#6106 = CARTESIAN_POINT ( 'NONE',  ( 9.250000000000008882, -0.1656780581364762639, 5.500000000000005329 ) ) ;
#6107 = EDGE_CURVE ( 'NONE', #1445, #6824, #2151, .T. ) ;
#6108 = ORIENTED_EDGE ( 'NONE', *, *, #2577, .T. ) ;
#6109 = DIRECTION ( 'NONE',  ( 1.000000000000000000, -0.000000000000000000, -0.000000000000000000 ) ) ;
#6110 = AXIS2_PLACEMENT_3D ( 'NONE', #6142, #288, #893 ) ;
#6111 = ADVANCED_FACE ( 'NONE', ( #3575, #6781 ), #6737, .F. ) ;
#6112 = CARTESIAN_POINT ( 'NONE',  ( 35.50000000000000711, -6.500000000000472511, 5.080600358225637159 ) ) ;
#6113 = AXIS2_PLACEMENT_3D ( 'NONE', #1592, #2819, #4861 ) ;
#6114 = B_SPLINE_CURVE_WITH_KNOTS ( 'NONE', 3,
 ( #3070, #5651, #1, #2624, #7856, #4629 ),
 .UNSPECIFIED., .F., .F.,
 ( 4, 2, 4 ),
 ( 0.01034010481858352488, 0.01223423822829561650, 0.01412837163800770984 ),
 .UNSPECIFIED. ) ;
#6115 = CARTESIAN_POINT ( 'NONE',  ( 3.535533905932738197, 9.354143466934859319, 3.535533905932752852 ) ) ;
#6116 = CARTESIAN_POINT ( 'NONE',  ( 10.86284407968648580, -3.616067608420938218, -5.099625637134843181 ) ) ;
#6117 = EDGE_LOOP ( 'NONE', ( #1526, #6388 ) ) ;
#6118 = VECTOR ( 'NONE', #7415, 1000.000000000000000 ) ;
#6119 = VERTEX_POINT ( 'NONE', #4702 ) ;
#6120 = CONICAL_SURFACE ( 'NONE', #3556, 3.323417653124999926, 0.7853981633974499443 ) ;
#6121 = ORIENTED_EDGE ( 'NONE', *, *, #4968, .F. ) ;
#6122 = LINE ( 'NONE', #1534, #4327 ) ;
#6123 = ORIENTED_EDGE ( 'NONE', *, *, #8111, .F. ) ;
#6124 = CIRCLE ( 'NONE', #1226, 6.928203230275792102 ) ;
#6125 = EDGE_CURVE ( 'NONE', #7078, #4674, #929, .T. ) ;
#6126 = CARTESIAN_POINT ( 'NONE',  ( 10.82531754730547924, -3.500000000000194067, 5.178078794302143351 ) ) ;
#6127 = DIRECTION ( 'NONE',  ( -1.000000000000000000, -0.000000000000000000, -0.000000000000000000 ) ) ;
#6128 = ORIENTED_EDGE ( 'NONE', *, *, #3533, .T. ) ;
#6129 = VERTEX_POINT ( 'NONE', #8025 ) ;
#6130 = LINE ( 'NONE', #1677, #483 ) ;
#6131 = SHAPE_REPRESENTATION_RELATIONSHIP ( 'NONE' , 'NONE' ,  #2742, #196 ) ;
#6132 = DIRECTION ( 'NONE',  ( 0.4999999999999994449, -0.8660254037844390407, 0.000000000000000000 ) ) ;
#6133 = EDGE_LOOP ( 'NONE', ( #6609, #7629, #7479, #1308 ) ) ;
#6134 = CARTESIAN_POINT ( 'NONE',  ( 0.5999999999999894307, -3.469446951953614189E-15, -4.814824860968089633E-30 ) ) ;
#6135 = LINE ( 'NONE', #6385, #5315 ) ;
#6136 = EDGE_LOOP ( 'NONE', ( #7703, #4905, #2862, #4213 ) ) ;
#6137 = CARTESIAN_POINT ( 'NONE',  ( -2.099168659438524944E-29, -2.076117056049138025E-14, 8.500000000000351719 ) ) ;
#6138 = PRODUCT_RELATED_PRODUCT_CATEGORY ( 'part', '', ( #7893 ) ) ;
#6139 = DIRECTION ( 'NONE',  ( -0.000000000000000000, -1.000000000000000000, -0.000000000000000000 ) ) ;
#6140 = B_SPLINE_CURVE_WITH_KNOTS ( 'NONE', 3,
 ( #6683, #285, #4103, #6724, #7327, #2192, #749, #4824, #7959, #5463, #3427, #7370, #2138, #846, #5332, #1638, #802, #4733, #939, #888 ),
 .UNSPECIFIED., .F., .F.,
 ( 4, 2, 2, 2, 2, 2, 2, 2, 2, 4 ),
 ( 0.003912795951868936264, 0.004401776696175162262, 0.004890757440481388260, 0.005135247812634501259, 0.005379738184787614258, 0.005868718929093840256, 0.006357699673400066254, 0.006846680417706292252, 0.007335661162012518249, 0.007824641906318744247 ),
 .UNSPECIFIED. ) ;
#6141 = ORIENTED_EDGE ( 'NONE', *, *, #7099, .F. ) ;
#6142 = CARTESIAN_POINT ( 'NONE',  ( 20.00000000000000000, 0.000000000000000000, 0.000000000000000000 ) ) ;
#6143 = CARTESIAN_POINT ( 'NONE',  ( 8.629819698908219650, -1.092031815881791657, -5.390878096036082034 ) ) ;
#6144 = CARTESIAN_POINT ( 'NONE',  ( 8.628985389387906935, -1.092435156956792719, -8.933674440792357174 ) ) ;
#6145 = CARTESIAN_POINT ( 'NONE',  ( 8.000000000000000000, 0.000000000000000000, 35.99999999999999289 ) ) ;
#6146 = EDGE_CURVE ( 'NONE', #5574, #7540, #2469, .T. ) ;
#6147 = CARTESIAN_POINT ( 'NONE',  ( 2.105359703741798150, -9.982734612272835761, -0.6713310601063225969 ) ) ;
#6148 = CARTESIAN_POINT ( 'NONE',  ( 0.000000000000000000, 0.000000000000000000, 45.00000000000000000 ) ) ;
#6149 = APPLICATION_CONTEXT ( 'automotive_design' ) ;
#6150 = FILL_AREA_STYLE ('',( #3573 ) ) ;
#6151 = CARTESIAN_POINT ( 'NONE',  ( 9.250000000000007105, 0.1658069861224693853, 5.500000000000005329 ) ) ;
#6152 = CARTESIAN_POINT ( 'NONE',  ( 10.25875327144665761, -0.6312720235109458011, 6.225830107542049241 ) ) ;
#6153 = ORIENTED_EDGE ( 'NONE', *, *, #6270, .T. ) ;
#6154 = LINE ( 'NONE', #6740, #3541 ) ;
#6155 = DIRECTION ( 'NONE',  ( 2.469610187574633181E-30, 2.458739416553555747E-15, -1.000000000000000000 ) ) ;
#6156 = DIRECTION ( 'NONE',  ( 1.000000000000000000, 0.000000000000000000, 0.000000000000000000 ) ) ;
#6157 = DIRECTION ( 'NONE',  ( -1.000000000000000000, -0.000000000000000000, -0.000000000000000000 ) ) ;
#6158 = ORIENTED_EDGE ( 'NONE', *, *, #2430, .F. ) ;
#6159 = EDGE_CURVE ( 'NONE', #8097, #6451, #2888, .T. ) ;
#6160 = B_SPLINE_CURVE_WITH_KNOTS ( 'NONE', 3,
 ( #1652, #7416, #5425, #7460, #2829, #5472, #6050, #900 ),
 .UNSPECIFIED., .F., .F.,
 ( 4, 2, 2, 4 ),
 ( 0.000000000000000000, 0.001880003248616169201, 0.002820004872924252934, 0.003760006497232337534 ),
 .UNSPECIFIED. ) ;
#6161 = ORIENTED_EDGE ( 'NONE', *, *, #7562, .F. ) ;
#6162 = FACE_OUTER_BOUND ( 'NONE', #1041, .T. ) ;
#6163 = VERTEX_POINT ( 'NONE', #199 ) ;
#6164 = PRODUCT_CONTEXT ( 'NONE', #3771, 'mechanical' ) ;
#6165 = CARTESIAN_POINT ( 'NONE',  ( 10.86285431484809827, -3.616099265242293193, 5.099604239454511578 ) ) ;
#6166 = DIRECTION ( 'NONE',  ( -0.000000000000000000, -1.000000000000000000, -0.000000000000000000 ) ) ;
#6167 = ORIENTED_EDGE ( 'NONE', *, *, #4152, .F. ) ;
#6168 = AXIS2_PLACEMENT_3D ( 'NONE', #1304, #3107, #8369 ) ;
#6169 = ORIENTED_EDGE ( 'NONE', *, *, #1585, .F. ) ;
#6170 = EDGE_CURVE ( 'NONE', #6782, #6497, #4199, .T. ) ;
#6171 = DIRECTION ( 'NONE',  ( -0.000000000000000000, 0.000000000000000000, -1.000000000000000000 ) ) ;
#6172 = EDGE_CURVE ( 'NONE', #2397, #7832, #7726, .T. ) ;
#6173 = CARTESIAN_POINT ( 'NONE',  ( 0.000000000000000000, -3.500000000000202505, 8.548717289614166056E-15 ) ) ;
#6174 = EDGE_LOOP ( 'NONE', ( #7517, #5743, #4978, #1231 ) ) ;
#6175 = DIRECTION ( 'NONE',  ( -0.000000000000000000, 0.000000000000000000, 1.000000000000000000 ) ) ;
#6176 = LINE ( 'NONE', #2872, #6567 ) ;
#6177 = ORIENTED_EDGE ( 'NONE', *, *, #4500, .T. ) ;
#6178 = CARTESIAN_POINT ( 'NONE',  ( -13.50000000000000178, 0.000000000000000000, 1.649999999999997025 ) ) ;
#6179 = CARTESIAN_POINT ( 'NONE',  ( 0.3290076722161514033, -0.9647478702598043521, -1.129768394848849944 ) ) ;
#6180 = ORIENTED_EDGE ( 'NONE', *, *, #2272, .T. ) ;
#6181 = B_SPLINE_CURVE_WITH_KNOTS ( 'NONE', 3,
 ( #479, #4428, #3031, #4469, #5021, #5109 ),
 .UNSPECIFIED., .F., .F.,
 ( 4, 2, 4 ),
 ( 0.006552236449927899969, 0.008446170634255713294, 0.01034010481858352488 ),
 .UNSPECIFIED. ) ;
#6182 = CARTESIAN_POINT ( 'NONE',  ( 7.597208514119620837, -1.186154352051766558, -8.921548982752330659 ) ) ;
#6183 = DIRECTION ( 'NONE',  ( -0.000000000000000000, -1.000000000000000000, -0.000000000000000000 ) ) ;
#6184 = DIRECTION ( 'NONE',  ( 0.000000000000000000, 0.000000000000000000, 1.000000000000000000 ) ) ;
#6185 = DIRECTION ( 'NONE',  ( 1.000000000000000000, 0.000000000000000000, 0.000000000000000000 ) ) ;
#6186 = DIRECTION ( 'NONE',  ( -0.000000000000000000, -0.000000000000000000, 1.000000000000000000 ) ) ;
#6187 =( NAMED_UNIT ( * ) SI_UNIT ( $, .STERADIAN. ) SOLID_ANGLE_UNIT ( ) );
#6188 = DIRECTION ( 'NONE',  ( -1.000000000000000000, -2.536951011547150738E-31, -2.465190328815656637E-31 ) ) ;
#6189 = CARTESIAN_POINT ( 'NONE',  ( 2.049999999999998934, 9.000000000000001776, 2.549999999999999822 ) ) ;
#6190 = VERTEX_POINT ( 'NONE', #6653 ) ;
#6191 = MANIFOLD_SOLID_BREP ( 'Вырез-Вытянуть1', #5447 ) ;
#6192 = PLANE ( 'NONE',  #6657 ) ;
#6193 = EDGE_CURVE ( 'NONE', #1744, #7786, #1062, .T. ) ;
#6194 = CARTESIAN_POINT ( 'NONE',  ( 2.103399188268318731, -9.776511330280971634, 0.6575149818223740006 ) ) ;
#6195 = VERTEX_POINT ( 'NONE', #7593 ) ;
#6196 = ORIENTED_EDGE ( 'NONE', *, *, #258, .F. ) ;
#6197 = CARTESIAN_POINT ( 'NONE',  ( 35.50000000000000711, 9.244463733058828504E-29, -6.933347799794035619E-29 ) ) ;
#6198 = ORIENTED_EDGE ( 'NONE', *, *, #5957, .T. ) ;
#6199 = APPLICATION_PROTOCOL_DEFINITION ( 'draft international standard', 'automotive_design', 1998, #83 ) ;
#6200 = AXIS2_PLACEMENT_3D ( 'NONE', #3563, #4053, #6640 ) ;
#6201 = EDGE_CURVE ( 'NONE', #2912, #6421, #8233, .T. ) ;
#6202 = PLANE ( 'NONE',  #4534 ) ;
#6203 = CARTESIAN_POINT ( 'NONE',  ( -6.500000000000000888, -2.393736292519152358E-18, 3.731761184457489833 ) ) ;
#6204 = VERTEX_POINT ( 'NONE', #5727 ) ;
#6205 = EDGE_CURVE ( 'NONE', #6421, #5519, #6281, .T. ) ;
#6206 = ADVANCED_FACE ( 'NONE', ( #6957 ), #6229, .F. ) ;
#6207 = VERTEX_POINT ( 'NONE', #991 ) ;
#6208 = AXIS2_PLACEMENT_3D ( 'NONE', #8117, #4715, #7478 ) ;
#6209 = AXIS2_PLACEMENT_3D ( 'NONE', #600, #5261, #769 ) ;
#6210 = CARTESIAN_POINT ( 'NONE',  ( 0.000000000000000000, 6.900000000000000355, 0.000000000000000000 ) ) ;
#6211 = CARTESIAN_POINT ( 'NONE',  ( 5.417157287525398601, 2.490222492369065112E-14, 6.300000000000009592 ) ) ;
#6212 = ORIENTED_EDGE ( 'NONE', *, *, #6718, .T. ) ;
#6213 = LINE ( 'NONE', #2993, #7751 ) ;
#6214 = AXIS2_PLACEMENT_3D ( 'NONE', #7140, #7183, #7 ) ;
#6215 = DIRECTION ( 'NONE',  ( 2.168404344971012319E-16, -1.000000000000000000, -3.830269434956791642E-15 ) ) ;
#6216 = ORIENTED_EDGE ( 'NONE', *, *, #3011, .T. ) ;
#6217 = CARTESIAN_POINT ( 'NONE',  ( 6.999427809131213429, 7.141989287018505550, -32.50987310183076318 ) ) ;
#6218 = SHAPE_REPRESENTATION ( '\X2\042804300440043d04380440043d0430044f\X0\ \X2\0433043e043b043e0432043a0430\X0\ GISW8', ( #1795 ), #544 ) ;
#6219 = ORIENTED_EDGE ( 'NONE', *, *, #6205, .F. ) ;
#6220 = AXIS2_PLACEMENT_3D ( 'NONE', #7826, #1366, #6501 ) ;
#6221 = CARTESIAN_POINT ( 'NONE',  ( 4.000000000000003553, -2.760014439218142567E-14, -6.300000000000007816 ) ) ;
#6222 = LINE ( 'NONE', #982, #2986 ) ;
#6223 = CIRCLE ( 'NONE', #7308, 3.999999999999993339 ) ;
#6224 = CARTESIAN_POINT ( 'NONE',  ( -2.487145164873209191E-18, 1.154700538379252350, -1.040577039435782947 ) ) ;
#6225 = DIRECTION ( 'NONE',  ( 0.000000000000000000, -2.442490654175355433E-15, 1.000000000000000000 ) ) ;
#6226 = VECTOR ( 'NONE', #4532, 1000.000000000000000 ) ;
#6227 = CARTESIAN_POINT ( 'NONE',  ( 7.230798076133901020, -5.409835914525165990, 0.9986161139537357290 ) ) ;
#6228 = CARTESIAN_POINT ( 'NONE',  ( 9.250000000006670220, -7.535954574040065613E-13, -5.500000000001514344 ) ) ;
#6229 = CONICAL_SURFACE ( 'NONE', #5008, 4.400000000000182432, 0.7853981633974492782 ) ;
#6230 = CARTESIAN_POINT ( 'NONE',  ( -25.00000000000000000, 0.000000000000000000, 2.150000000000006128 ) ) ;
#6231 = CONICAL_SURFACE ( 'NONE', #3664, 1.155699999999999728, 1.047197551196600074 ) ;
#6232 = VERTEX_POINT ( 'NONE', #8278 ) ;
#6233 = AXIS2_PLACEMENT_3D ( 'NONE', #4111, #987, #3480 ) ;
#6234 = DIRECTION ( 'NONE',  ( -1.000000000000000000, 0.000000000000000000, 0.000000000000000000 ) ) ;
#6235 = MANIFOLD_SOLID_BREP ( 'Fillet1', #668 ) ;
#6236 = MECHANICAL_DESIGN_GEOMETRIC_PRESENTATION_REPRESENTATION (  '', ( #5688 ), #4742 ) ;
#6237 = CARTESIAN_POINT ( 'NONE',  ( 4.907477288111809166, 8.900000000000002132, -8.500000000000015987 ) ) ;
#6238 = CIRCLE ( 'NONE', #8408, 2.499999999999998224 ) ;
#6239 = DIRECTION ( 'NONE',  ( -0.000000000000000000, -1.000000000000000000, -0.000000000000000000 ) ) ;
#6240 = DIRECTION ( 'NONE',  ( 0.000000000000000000, 0.000000000000000000, 1.000000000000000000 ) ) ;
#6241 = VERTEX_POINT ( 'NONE', #1786 ) ;
#6242 = CIRCLE ( 'NONE', #512, 5.200000000000000178 ) ;
#6243 = VERTEX_POINT ( 'NONE', #6910 ) ;
#6244 = AXIS2_PLACEMENT_3D ( 'NONE', #5591, #551, #8188 ) ;
#6245 = VERTEX_POINT ( 'NONE', #1083 ) ;
#6246 = CARTESIAN_POINT ( 'NONE',  ( 0.9999999999999995559, -0.5773502691896262862, 0.000000000000000000 ) ) ;
#6247 = ORIENTED_EDGE ( 'NONE', *, *, #6471, .T. ) ;
#6248 = APPLICATION_PROTOCOL_DEFINITION ( 'draft international standard', 'automotive_design', 1998, #8433 ) ;
#6249 = CIRCLE ( 'NONE', #4490, 7.000000000000000000 ) ;
#6250 = AXIS2_PLACEMENT_3D ( 'NONE', #6588, #701, #3458 ) ;
#6251 = FACE_OUTER_BOUND ( 'NONE', #6946, .T. ) ;
#6252 = CARTESIAN_POINT ( 'NONE',  ( -5.282283036785501373, 8.498707828545168042, -37.61472053536612492 ) ) ;
#6253 = ORIENTED_EDGE ( 'NONE', *, *, #3777, .T. ) ;
#6254 = VECTOR ( 'NONE', #7443, 1000.000000000000000 ) ;
#6255 = ORIENTED_EDGE ( 'NONE', *, *, #1909, .F. ) ;
#6256 =( GEOMETRIC_REPRESENTATION_CONTEXT ( 3 ) GLOBAL_UNCERTAINTY_ASSIGNED_CONTEXT ( ( #7632 ) ) GLOBAL_UNIT_ASSIGNED_CONTEXT ( ( #229, #4816, #4684 ) ) REPRESENTATION_CONTEXT ( 'NONE', 'WORKASPACE' ) );
#6257 = PRODUCT_DEFINITION_SHAPE ( 'NONE', 'NONE',  #7432 ) ;
#6258 = CARTESIAN_POINT ( 'NONE',  ( 8.668662349154491409, -4.988963054052605095, 5.265486170426202150 ) ) ;
#6259 = EDGE_CURVE ( 'NONE', #2226, #3561, #2156, .T. ) ;
#6260 = DIRECTION ( 'NONE',  ( 2.958228394578779819E-31, 3.830269434956791642E-15, 1.000000000000000000 ) ) ;
#6261 = ORIENTED_EDGE ( 'NONE', *, *, #1165, .T. ) ;
#6262 = EDGE_CURVE ( 'NONE', #2873, #2813, #7317, .T. ) ;
#6263 = FACE_OUTER_BOUND ( 'NONE', #3753, .T. ) ;
#6264 =( REPRESENTATION_RELATIONSHIP ('NONE','NONE', #7951, #7088 ) REPRESENTATION_RELATIONSHIP_WITH_TRANSFORMATION ( #822 )SHAPE_REPRESENTATION_RELATIONSHIP( ) );
#6265 = VERTEX_POINT ( 'NONE', #2332 ) ;
#6266 = CARTESIAN_POINT ( 'NONE',  ( -1.500000000000000000, 1.836970198721029934E-16, -7.150000000000000355 ) ) ;
#6267 = ORIENTED_EDGE ( 'NONE', *, *, #6397, .T. ) ;
#6268 = DIRECTION ( 'NONE',  ( -1.000000000000000000, -2.536951011547150738E-31, -2.465190328815656637E-31 ) ) ;
#6269 = VECTOR ( 'NONE', #4838, 1000.000000000000000 ) ;
#6270 = EDGE_CURVE ( 'NONE', #3411, #5460, #5054, .T. ) ;
#6271 = VERTEX_POINT ( 'NONE', #6189 ) ;
#6272 = UNCERTAINTY_MEASURE_WITH_UNIT (LENGTH_MEASURE( 1.000000000000000082E-05 ), #1687, 'distance_accuracy_value', 'NONE');
#6273 = CARTESIAN_POINT ( 'NONE',  ( -4.907477288111824265, 8.900000000000002132, 8.500000000000008882 ) ) ;
#6274 = DIRECTION ( 'NONE',  ( 1.000000000000000000, 0.000000000000000000, 0.000000000000000000 ) ) ;
#6275 = ADVANCED_FACE ( 'NONE', ( #2967 ), #4919, .F. ) ;
#6276 = CARTESIAN_POINT ( 'NONE',  ( -9.991867883620601631, 0.4160954659793087984, -44.54849419617472250 ) ) ;
#6277 = CARTESIAN_POINT ( 'NONE',  ( -0.5000000000000056621, 3.061616997868381169E-16, 2.499999999999998224 ) ) ;
#6278 = CARTESIAN_POINT ( 'NONE',  ( 8.000000000000007105, -8.912771734987941841, -1.249999999999999334 ) ) ;
#6279 = PRODUCT_DEFINITION_FORMATION_WITH_SPECIFIED_SOURCE ( 'ANY', '', #3075, .NOT_KNOWN. ) ;
#6280 = CARTESIAN_POINT ( 'NONE',  ( 9.927116525152294813, 1.229539635090767025, 7.149220368883183241 ) ) ;
#6281 = LINE ( 'NONE', #6823, #5550 ) ;
#6282 = EDGE_LOOP ( 'NONE', ( #8297, #475 ) ) ;
#6283 = CARTESIAN_POINT ( 'NONE',  ( 3.993772892649457570E-16, 0.000000000000000000, 0.000000000000000000 ) ) ;
#6284 = LINE ( 'NONE', #7553, #4507 ) ;
#6285 = CARTESIAN_POINT ( 'NONE',  ( 4.343186652999813546, -4.998013516214892427, 0.3073015595634490671 ) ) ;
#6286 = CARTESIAN_POINT ( 'NONE',  ( 1.200652707320593038, 8.922666721024754111, -39.90035809042899473 ) ) ;
#6287 = ORIENTED_EDGE ( 'NONE', *, *, #6565, .F. ) ;
#6288 = FACE_BOUND ( 'NONE', #3599, .T. ) ;
#6289 = ADVANCED_FACE ( 'NONE', ( #587 ), #499, .F. ) ;
#6290 = ORIENTED_EDGE ( 'NONE', *, *, #3537, .F. ) ;
#6291 = CARTESIAN_POINT ( 'NONE',  ( 0.000000000000000000, 11.00000000000000178, 0.000000000000000000 ) ) ;
#6292 = ORIENTED_EDGE ( 'NONE', *, *, #1757, .F. ) ;
#6293 = APPLICATION_PROTOCOL_DEFINITION ( 'draft international standard', 'automotive_design', 1998, #7285 ) ;
#6294 = CARTESIAN_POINT ( 'NONE',  ( 8.768913393197415473, -8.945143797982945344, 0.9989003052974596564 ) ) ;
#6295 = DIRECTION ( 'NONE',  ( 5.002141340362817447E-31, -3.491481338843133750E-15, -1.000000000000000000 ) ) ;
#6296 = ORIENTED_EDGE ( 'NONE', *, *, #1855, .T. ) ;
#6297 = VERTEX_POINT ( 'NONE', #5211 ) ;
#6298 = ORIENTED_EDGE ( 'NONE', *, *, #906, .T. ) ;
#6299 = CARTESIAN_POINT ( 'NONE',  ( 6.887321159211296617, -7.250159122687564128, -0.2422792761454896637 ) ) ;
#6300 = EDGE_CURVE ( 'NONE', #3450, #4230, #4455, .T. ) ;
#6301 = CARTESIAN_POINT ( 'NONE',  ( 2.049999999999998934, 9.000000000000001776, -1.549999999999999822 ) ) ;
#6302 = ORIENTED_EDGE ( 'NONE', *, *, #3011, .F. ) ;
#6303 = DIRECTION ( 'NONE',  ( -1.898196553187925833E-30, -1.000000000000000000, -2.442490654175355433E-15 ) ) ;
#6304 = AXIS2_PLACEMENT_3D ( 'NONE', #4275, #1680, #3388 ) ;
#6305 = DIRECTION ( 'NONE',  ( -1.000000000000000000, -2.536951011547150738E-31, -2.465190328815656637E-31 ) ) ;
#6306 = ORIENTED_EDGE ( 'NONE', *, *, #2896, .F. ) ;
#6307 = FACE_OUTER_BOUND ( 'NONE', #2060, .T. ) ;
#6308 = ORIENTED_EDGE ( 'NONE', *, *, #4214, .F. ) ;
#6309 = CARTESIAN_POINT ( 'NONE',  ( 26.75735931288070191, -1.526556658859652090E-14, 6.250000000000259348 ) ) ;
#6310 = CARTESIAN_POINT ( 'NONE',  ( 0.000000000000000000, 0.000000000000000000, -2.774242424242424843 ) ) ;
#6311 = DIRECTION ( 'NONE',  ( 0.000000000000000000, 1.000000000000000000, 0.000000000000000000 ) ) ;
#6312 = CARTESIAN_POINT ( 'NONE',  ( 5.960486317375837118, 4.064265119627127554, 3.444269994619113984 ) ) ;
#6313 = CARTESIAN_POINT ( 'NONE',  ( -6.928203230275506108, 4.000000000000195399, -3.790230130554080159E-28 ) ) ;
#6314 = EDGE_CURVE ( 'NONE', #5655, #4032, #214, .T. ) ;
#6315 = FACE_OUTER_BOUND ( 'NONE', #2979, .T. ) ;
#6316 = ADVANCED_FACE ( 'NONE', ( #3890 ), #7033, .F. ) ;
#6317 = ADVANCED_FACE ( 'NONE', ( #3977 ), #1984, .F. ) ;
#6318 = CARTESIAN_POINT ( 'NONE',  ( 28.40273814614232251, -6.500000000000478728, -2.788718525956997762 ) ) ;
#6319 = DIRECTION ( 'NONE',  ( 1.898196553187937393E-30, 1.000000000000000000, -2.442490654175333739E-15 ) ) ;
#6320 = ORIENTED_EDGE ( 'NONE', *, *, #7927, .T. ) ;
#6321 = CARTESIAN_POINT ( 'NONE',  ( 5.417157287525398601, -2.413069744022781780E-14, -6.300000000000009592 ) ) ;
#6322 = DIRECTION ( 'NONE',  ( 0.000000000000000000, 0.000000000000000000, 1.000000000000000000 ) ) ;
#6323 = DIRECTION ( 'NONE',  ( -0.000000000000000000, -1.000000000000000000, -0.000000000000000000 ) ) ;
#6324 = FACE_OUTER_BOUND ( 'NONE', #7360, .T. ) ;
#6325 = PRODUCT ( '000401.20.11 \X2\041d0430043f044004300432043b044f044e04490430044f\X0\_0..20', '000401.20.11 \X2\041d0430043f044004300432043b044f044e04490430044f\X0\_0..20', '', ( #1620 ) ) ;
#6326 = DIRECTION ( 'NONE',  ( -1.000000000000000000, 0.000000000000000000, 1.767428939690774316E-16 ) ) ;
#6327 = ORIENTED_EDGE ( 'NONE', *, *, #1280, .T. ) ;
#6328 = CARTESIAN_POINT ( 'NONE',  ( 0.000000000000000000, 0.000000000000000000, 0.000000000000000000 ) ) ;
#6329 = ORIENTED_EDGE ( 'NONE', *, *, #2793, .F. ) ;
#6330 = APPLICATION_PROTOCOL_DEFINITION ( 'draft international standard', 'automotive_design', 1998, #2241 ) ;
#6331 = CARTESIAN_POINT ( 'NONE',  ( 10.74345582945722910, 3.246805974093029068, -5.349219312992244291 ) ) ;
#6332 = ADVANCED_FACE ( 'NONE', ( #6477 ), #6399, .F. ) ;
#6333 = CARTESIAN_POINT ( 'NONE',  ( 6.500000000000000888, -3.752776749732613215, 0.6847527127126333824 ) ) ;
#6334 = CARTESIAN_POINT ( 'NONE',  ( -3.571280898155824168, 9.349377247001191549, -26.96261791848917255 ) ) ;
#6335 = ORIENTED_EDGE ( 'NONE', *, *, #1319, .F. ) ;
#6336 = VERTEX_POINT ( 'NONE', #3180 ) ;
#6337 = ORIENTED_EDGE ( 'NONE', *, *, #1116, .T. ) ;
#6338 = CARTESIAN_POINT ( 'NONE',  ( 8.950245598909905453, -4.480139076423231614, -5.719184005554273753 ) ) ;
#6339 = CIRCLE ( 'NONE', #52, 0.5000000000000000000 ) ;
#6340 = SURFACE_SIDE_STYLE ('',( #7623 ) ) ;
#6341 = DIRECTION ( 'NONE',  ( 5.002141340362817447E-31, -3.491481338843133750E-15, -1.000000000000000000 ) ) ;
#6342 = ORIENTED_EDGE ( 'NONE', *, *, #1476, .T. ) ;
#6343 = DIRECTION ( 'NONE',  ( 0.000000000000000000, 1.000000000000000000, 0.000000000000000000 ) ) ;
#6344 = ORIENTED_EDGE ( 'NONE', *, *, #7452, .T. ) ;
#6345 = CARTESIAN_POINT ( 'NONE',  ( 0.000000000000000000, 0.000000000000000000, 0.000000000000000000 ) ) ;
#6346 = ORIENTED_EDGE ( 'NONE', *, *, #1160, .F. ) ;
#6347 = CARTESIAN_POINT ( 'NONE',  ( 36.00000000000000711, 6.500000000000324185, -1.587618925214052739E-14 ) ) ;
#6348 = DIRECTION ( 'NONE',  ( -1.000000000000000000, -2.536951011547150738E-31, -2.465190328815656637E-31 ) ) ;
#6349 = AXIS2_PLACEMENT_3D ( 'NONE', #1417, #3923, #6511 ) ;
#6350 = CONICAL_SURFACE ( 'NONE', #6209, 7.750000000000325073, 0.7853981633974466137 ) ;
#6351 = CARTESIAN_POINT ( 'NONE',  ( -9.871163763604981156, 1.600039360044320791, -43.10394103488204820 ) ) ;
#6352 = CARTESIAN_POINT ( 'NONE',  ( 1.040949779275332379E-15, 4.500000000000173195, -8.500000000000010658 ) ) ;
#6353 = DIRECTION ( 'NONE',  ( 0.000000000000000000, 3.830269434956792431E-15, 1.000000000000000000 ) ) ;
#6354 = CARTESIAN_POINT ( 'NONE',  ( 9.990906998540253880, 0.4922535883588639027, 7.237473524618345699 ) ) ;
#6355 = AXIS2_PLACEMENT_3D ( 'NONE', #4462, #5103, #6240 ) ;
#6356 = FACE_OUTER_BOUND ( 'NONE', #3197, .T. ) ;
#6357 = EDGE_LOOP ( 'NONE', ( #1753, #8067, #5689, #5716 ) ) ;
#6358 = CARTESIAN_POINT ( 'NONE',  ( 2.330446892045921370, 9.725535409715194035, 1.623053543327604320 ) ) ;
#6359 = VECTOR ( 'NONE', #5282, 999.9999999999998863 ) ;
#6360 = EDGE_CURVE ( 'NONE', #6616, #1960, #630, .T. ) ;
#6361 = CARTESIAN_POINT ( 'NONE',  ( 8.982227024498294909, -4.500000000000209610, -4.337337893224483487 ) ) ;
#6362 = DIRECTION ( 'NONE',  ( 0.000000000000000000, 0.000000000000000000, 1.000000000000000000 ) ) ;
#6363 = CARTESIAN_POINT ( 'NONE',  ( 6.528687389702216848, 6.196135592489199873, -35.53508660609740843 ) ) ;
#6364 = AXIS2_PLACEMENT_3D ( 'NONE', #708, #5242, #3969 ) ;
#6365 = ADVANCED_FACE ( 'NONE', ( #1291 ), #5762, .F. ) ;
#6366 = CARTESIAN_POINT ( 'NONE',  ( 30.10836185431352519, 6.500000000000335731, 5.051326137853235032 ) ) ;
#6367 = CARTESIAN_POINT ( 'NONE',  ( 10.39964103912949867, 4.470789974056844862, -4.368239331242524059 ) ) ;
#6368 = CONICAL_SURFACE ( 'NONE', #7047, 1.649999999999997691, 0.7853981633974562726 ) ;
#6369 = APPLICATION_CONTEXT ( 'automotive_design' ) ;
#6370 = VERTEX_POINT ( 'NONE', #1251 ) ;
#6371 = CONTEXT_DEPENDENT_SHAPE_REPRESENTATION ( #1029, #8035 ) ;
#6372 = CARTESIAN_POINT ( 'NONE',  ( -8.500000000000007105, -4.000000000000194511, 9.769962616701838250E-15 ) ) ;
#6373 = DIRECTION ( 'NONE',  ( 1.000000000000000000, 0.000000000000000000, 1.767428939690776041E-16 ) ) ;
#6374 = CARTESIAN_POINT ( 'NONE',  ( -4.317593744654977250, 9.029024665842511510, -27.47167168957948746 ) ) ;
#6375 = EDGE_LOOP ( 'NONE', ( #5377, #2467, #6849, #2044 ) ) ;
#6376 = AXIS2_PLACEMENT_3D ( 'NONE', #945, #290, #2276 ) ;
#6377 = ORIENTED_EDGE ( 'NONE', *, *, #792, .F. ) ;
#6378 = ADVANCED_FACE ( 'NONE', ( #7767 ), #2648, .F. ) ;
#6379 = ORIENTED_EDGE ( 'NONE', *, *, #39, .F. ) ;
#6380 = CARTESIAN_POINT ( 'NONE',  ( 9.518002649408353832, -3.075698046302458799, -6.569583938077437679 ) ) ;
#6381 = CARTESIAN_POINT ( 'NONE',  ( 9.542893218813491174, 4.792893218813648382, -4.011318311110890988 ) ) ;
#6382 = EDGE_CURVE ( 'NONE', #7405, #6685, #3262, .T. ) ;
#6383 = AXIS2_PLACEMENT_3D ( 'NONE', #7372, #4150, #4786 ) ;
#6384 = VERTEX_POINT ( 'NONE', #5600 ) ;
#6385 = CARTESIAN_POINT ( 'NONE',  ( 0.9999999999999995559, -0.5773502691896262862, 0.000000000000000000 ) ) ;
#6386 = ORIENTED_EDGE ( 'NONE', *, *, #3767, .T. ) ;
#6387 = CARTESIAN_POINT ( 'NONE',  ( 8.630877938301727781, 5.390993669064883420, 1.091475490620737565 ) ) ;
#6388 = ORIENTED_EDGE ( 'NONE', *, *, #3194, .T. ) ;
#6389 = CARTESIAN_POINT ( 'NONE',  ( 5.417157287525398601, 0.000000000000000000, -5.473822126268816683E-45 ) ) ;
#6390 = TOROIDAL_SURFACE ( 'NONE', #5582, 11.00000000000000000, 1.000000000000000444 ) ;
#6391 = CARTESIAN_POINT ( 'NONE',  ( 14.00000000000001243, 0.000000000000000000, 0.000000000000000000 ) ) ;
#6392 = CARTESIAN_POINT ( 'NONE',  ( -8.985684866928261627, 0.5166132817305096880, -41.48207216072164272 ) ) ;
#6393 = CARTESIAN_POINT ( 'NONE',  ( -9.884138333004734989, 1.518373651634471910, -43.51532187016227482 ) ) ;
#6394 = CIRCLE ( 'NONE', #1515, 5.291502622129400812 ) ;
#6395 = DIRECTION ( 'NONE',  ( 2.958228394578779381E-31, 3.830269434956791642E-15, 1.000000000000000000 ) ) ;
#6396 = DIRECTION ( 'NONE',  ( -2.469610187574633181E-30, -2.449021377849509018E-15, 1.000000000000000000 ) ) ;
#6397 = EDGE_CURVE ( 'NONE', #3900, #322, #3121, .T. ) ;
#6398 = FACE_OUTER_BOUND ( 'NONE', #2085, .T. ) ;
#6399 = PLANE ( 'NONE',  #3668 ) ;
#6400 = ORIENTED_EDGE ( 'NONE', *, *, #5028, .T. ) ;
#6401 = CARTESIAN_POINT ( 'NONE',  ( 3.102624004880633724, 9.508403338917593928, -3.058973458190934469 ) ) ;
#6402 = CONICAL_SURFACE ( 'NONE', #8180, 5.000000000000014211, 0.7853981633974461696 ) ;
#6403 = AXIS2_PLACEMENT_3D ( 'NONE', #1496, #1449, #4718 ) ;
#6404 = PLANE ( 'NONE',  #545 ) ;
#6405 = CARTESIAN_POINT ( 'NONE',  ( 14.00000000000001243, 1.848892746611772763E-29, -1.714077650504639909E-29 ) ) ;
#6406 =( GEOMETRIC_REPRESENTATION_CONTEXT ( 3 ) GLOBAL_UNCERTAINTY_ASSIGNED_CONTEXT ( ( #4318 ) ) GLOBAL_UNIT_ASSIGNED_CONTEXT ( ( #8105, #2281, #6187 ) ) REPRESENTATION_CONTEXT ( 'NONE', 'WORKASPACE' ) );
#6407 = CARTESIAN_POINT ( 'NONE',  ( 0.000000000000000000, -4.500000000000210498, 1.099120794378953096E-14 ) ) ;
#6408 = CARTESIAN_POINT ( 'NONE',  ( 6.999999999999999112, 0.000000000000000000, 0.000000000000000000 ) ) ;
#6409 = ADVANCED_FACE ( 'NONE', ( #3858 ), #7721, .F. ) ;
#6410 = CARTESIAN_POINT ( 'NONE',  ( 29.44989324151609011, 6.500000000000336620, 4.676504005456084023 ) ) ;
#6411 = CARTESIAN_POINT ( 'NONE',  ( 10.84042011216705426, 4.067354563500489739, -4.747304410713971023 ) ) ;
#6412 = VERTEX_POINT ( 'NONE', #678 ) ;
#6413 = DIRECTION ( 'NONE',  ( 0.000000000000000000, -2.442490654175355827E-15, 1.000000000000000000 ) ) ;
#6414 = EDGE_CURVE ( 'NONE', #6804, #1405, #5284, .T. ) ;
#6415 = CARTESIAN_POINT ( 'NONE',  ( 9.241875047703972612, -8.998861200601693255, -0.1641152216935588826 ) ) ;
#6416 = DIRECTION ( 'NONE',  ( 0.000000000000000000, 1.000000000000000000, -4.163336342344339393E-15 ) ) ;
#6417 = EDGE_LOOP ( 'NONE', ( #2599, #6075, #3111, #2259 ) ) ;
#6418 = ADVANCED_FACE ( 'NONE', ( #2613, #3342 ), #7842, .F. ) ;
#6419 = VERTEX_POINT ( 'NONE', #61 ) ;
#6420 = ADVANCED_FACE ( 'NONE', ( #7412 ), #1765, .F. ) ;
#6421 = VERTEX_POINT ( 'NONE', #6688 ) ;
#6422 = CARTESIAN_POINT ( 'NONE',  ( 9.713970339329653925, -2.418253888928222128, -6.851419888941193470 ) ) ;
#6423 = AXIS2_PLACEMENT_3D ( 'NONE', #539, #3168, #5780 ) ;
#6424 = CARTESIAN_POINT ( 'NONE',  ( 4.000000000000003553, 2.182805138322415096E-14, 6.299999999999998934 ) ) ;
#6425 = EDGE_LOOP ( 'NONE', ( #5040, #5350, #1406, #5518 ) ) ;
#6426 = CARTESIAN_POINT ( 'NONE',  ( 9.084407667732024905, 8.978385789656481819, -0.6270676126094101299 ) ) ;
#6427 = ORIENTED_EDGE ( 'NONE', *, *, #3358, .T. ) ;
#6428 = DIRECTION ( 'NONE',  ( -0.000000000000000000, -1.000000000000000000, -0.000000000000000000 ) ) ;
#6429 = EDGE_CURVE ( 'NONE', #5483, #2845, #6044, .T. ) ;
#6430 = ORIENTED_EDGE ( 'NONE', *, *, #830, .F. ) ;
#6431 = EDGE_CURVE ( 'NONE', #7619, #5430, #1514, .T. ) ;
#6432 = CARTESIAN_POINT ( 'NONE',  ( 9.542893218813491174, 4.792893218813648382, -4.011318311110890988 ) ) ;
#6433 = UNCERTAINTY_MEASURE_WITH_UNIT (LENGTH_MEASURE( 1.000000000000000082E-05 ), #1145, 'distance_accuracy_value', 'NONE');
#6434 = SHAPE_REPRESENTATION_RELATIONSHIP ( 'NONE' , 'NONE' ,  #702, #3704 ) ;
#6435 = AXIS2_PLACEMENT_3D ( 'NONE', #3193, #3233, #8409 ) ;
#6436 =( NAMED_UNIT ( * ) SI_UNIT ( $, .STERADIAN. ) SOLID_ANGLE_UNIT ( ) );
#6437 = CARTESIAN_POINT ( 'NONE',  ( -9.872873672165217940, 1.589589573837231651, -43.21015569963669378 ) ) ;
#6438 = EDGE_CURVE ( 'NONE', #4431, #88, #5417, .T. ) ;
#6439 = FACE_BOUND ( 'NONE', #1183, .T. ) ;
#6440 = AXIS2_PLACEMENT_3D ( 'NONE', #2811, #3658, #1743 ) ;
#6441 = CARTESIAN_POINT ( 'NONE',  ( 7.527280111697061571, 6.584448697210727453, 3.043326191978749762 ) ) ;
#6442 = DIRECTION ( 'NONE',  ( 1.000000000000000000, 0.000000000000000000, 0.000000000000000000 ) ) ;
#6443 = CARTESIAN_POINT ( 'NONE',  ( 2.136636612411462632, 9.769129788152632443, 0.8238157522916997877 ) ) ;
#6444 = DIRECTION ( 'NONE',  ( 0.000000000000000000, 3.830269434956790853E-15, 1.000000000000000000 ) ) ;
#6445 = DIRECTION ( 'NONE',  ( -1.224646799147438749E-16, -2.442490654175333739E-15, -1.000000000000000000 ) ) ;
#6446 = CARTESIAN_POINT ( 'NONE',  ( -8.000000000000000000, 9.797174393178823685E-16, 35.99999999999999289 ) ) ;
#6447 = FACE_OUTER_BOUND ( 'NONE', #1972, .T. ) ;
#6448 = CONICAL_SURFACE ( 'NONE', #2383, 2.499999999999997780, 1.029744258676653645 ) ;
#6449 = FACE_OUTER_BOUND ( 'NONE', #2681, .T. ) ;
#6450 = DIRECTION ( 'NONE',  ( 0.000000000000000000, 2.442490654175355433E-15, -1.000000000000000000 ) ) ;
#6451 = VERTEX_POINT ( 'NONE', #4655 ) ;
#6452 = DIRECTION ( 'NONE',  ( -1.000000000000000000, 0.000000000000000000, 0.000000000000000000 ) ) ;
#6453 = FACE_OUTER_BOUND ( 'NONE', #3250, .T. ) ;
#6454 = CARTESIAN_POINT ( 'NONE',  ( 28.83596335326835813, 6.500000000000316192, -3.751212561747132579 ) ) ;
#6455 = ORIENTED_EDGE ( 'NONE', *, *, #2325, .F. ) ;
#6456 = EDGE_LOOP ( 'NONE', ( #3056, #491, #425, #3949 ) ) ;
#6457 = ORIENTED_EDGE ( 'NONE', *, *, #1282, .T. ) ;
#6458 = CARTESIAN_POINT ( 'NONE',  ( 0.000000000000000000, -10.00099999999999767, -33.00000000000002842 ) ) ;
#6459 =( LENGTH_UNIT ( ) NAMED_UNIT ( * ) SI_UNIT ( .MILLI., .METRE. ) );
#6460 = EDGE_CURVE ( 'NONE', #3614, #3082, #5423, .T. ) ;
#6461 = ORIENTED_EDGE ( 'NONE', *, *, #829, .T. ) ;
#6462 = EDGE_CURVE ( 'NONE', #5300, #4317, #894, .T. ) ;
#6463 = CARTESIAN_POINT ( 'NONE',  ( 6.000000000000005329, 0.000000000000000000, 1.642146637880645005E-44 ) ) ;
#6464 = ORIENTED_EDGE ( 'NONE', *, *, #5083, .T. ) ;
#6465 = DIRECTION ( 'NONE',  ( -1.000000000000000000, -2.536951011547150738E-31, -2.465190328815656637E-31 ) ) ;
#6466 = ORIENTED_EDGE ( 'NONE', *, *, #4963, .T. ) ;
#6467 = CYLINDRICAL_SURFACE ( 'NONE', #5045, 5.000000000000007105 ) ;
#6468 = EDGE_CURVE ( 'NONE', #1362, #158, #5391, .T. ) ;
#6469 = CARTESIAN_POINT ( 'NONE',  ( 0.000000000000000000, 0.000000000000000000, 0.000000000000000000 ) ) ;
#6470 = PRESENTATION_STYLE_ASSIGNMENT (( #3927 ) ) ;
#6471 = EDGE_CURVE ( 'NONE', #3775, #570, #5017, .T. ) ;
#6472 = CARTESIAN_POINT ( 'NONE',  ( -4.326034189509552874, -5.007916495628259135, 3.694469876889743265 ) ) ;
#6473 = CONICAL_SURFACE ( 'NONE', #5127, 55.84999999999999432, 1.178097245096175305 ) ;
#6474 = FACE_OUTER_BOUND ( 'NONE', #7793, .T. ) ;
#6475 = FACE_OUTER_BOUND ( 'NONE', #5875, .T. ) ;
#6476 = AXIS2_PLACEMENT_3D ( 'NONE', #6197, #1491, #2937 ) ;
#6477 = FACE_OUTER_BOUND ( 'NONE', #532, .T. ) ;
#6478 = CARTESIAN_POINT ( 'NONE',  ( 9.797174393178823685E-16, 6.900000000000000355, 8.000000000000000000 ) ) ;
#6479 = CARTESIAN_POINT ( 'NONE',  ( 5.500000000000005329, 0.000000000000000000, -5.473822126268816683E-45 ) ) ;
#6480 = FACE_BOUND ( 'NONE', #2214, .T. ) ;
#6481 = AXIS2_PLACEMENT_3D ( 'NONE', #1045, #7046, #4341 ) ;
#6482 = CARTESIAN_POINT ( 'NONE',  ( 10.00000000000000888, -3.469446951953614189E-15, -1.733336949948495802E-30 ) ) ;
#6483 = FACE_OUTER_BOUND ( 'NONE', #173, .T. ) ;
#6484 = AXIS2_PLACEMENT_3D ( 'NONE', #5733, #8330, #7000 ) ;
#6485 = CARTESIAN_POINT ( 'NONE',  ( 29.15370127371555498, 6.500000000000336620, 4.325556644979464238 ) ) ;
#6486 = DIRECTION ( 'NONE',  ( 0.000000000000000000, 0.000000000000000000, 1.000000000000000000 ) ) ;
#6487 = ORIENTED_EDGE ( 'NONE', *, *, #146, .F. ) ;
#6488 = DIRECTION ( 'NONE',  ( 0.000000000000000000, 0.000000000000000000, 1.000000000000000000 ) ) ;
#6489 = CIRCLE ( 'NONE', #3244, 6.250000000000259348 ) ;
#6490 = AXIS2_PLACEMENT_3D ( 'NONE', #1865, #5290, #3303 ) ;
#6491 = CARTESIAN_POINT ( 'NONE',  ( 28.99999999999999645, -6.500000000000472511, 4.060808974781435765 ) ) ;
#6492 = COLOUR_RGB ( '',0.7921568627450980005, 0.8196078431372548767, 0.9333333333333333481 ) ;
#6493 = DIRECTION ( 'NONE',  ( 0.7071067811865667796, 0.7071067811865283659, -1.727101704552100446E-15 ) ) ;
#6494 = LINE ( 'NONE', #6613, #7581 ) ;
#6495 = ORIENTED_EDGE ( 'NONE', *, *, #5799, .F. ) ;
#6496 = VERTEX_POINT ( 'NONE', #7248 ) ;
#6497 = VERTEX_POINT ( 'NONE', #5334 ) ;
#6498 = CARTESIAN_POINT ( 'NONE',  ( 6.750065279010974528, 5.499985163862241677, -0.1654535344450815681 ) ) ;
#6499 = EDGE_CURVE ( 'NONE', #2770, #2162, #1333, .T. ) ;
#6500 = AXIS2_PLACEMENT_3D ( 'NONE', #8081, #7434, #4267 ) ;
#6501 = DIRECTION ( 'NONE',  ( 0.000000000000000000, 0.000000000000000000, 1.000000000000000000 ) ) ;
#6502 = VERTEX_POINT ( 'NONE', #2195 ) ;
#6503 = AXIS2_PLACEMENT_3D ( 'NONE', #5477, #6783, #956 ) ;
#6504 = CARTESIAN_POINT ( 'NONE',  ( 2.049999999999998934, 2.000000000000000000, -2.049999999999999822 ) ) ;
#6505 = CARTESIAN_POINT ( 'NONE',  ( 8.982230824827324156, -4.500000000000274447, 4.337337893224578522 ) ) ;
#6506 = ORIENTED_EDGE ( 'NONE', *, *, #7889, .F. ) ;
#6507 = CARTESIAN_POINT ( 'NONE',  ( 28.06395059257297575, 6.500000000000318856, -1.768466870081250919 ) ) ;
#6508 = B_SPLINE_CURVE_WITH_KNOTS ( 'NONE', 3,
 ( #8244, #5687, #1873, #474, #6411, #3102, #3783, #2420, #5064, #6367, #395, #2343 ),
 .UNSPECIFIED., .F., .F.,
 ( 4, 2, 2, 2, 2, 4 ),
 ( 2.458547074193475589E-07, 0.0004284018484748807615, 0.0008565578422423422537, 0.001070635839126073000, 0.001284713836009803529, 0.001712869829777262636 ),
 .UNSPECIFIED. ) ;
#6509 = ADVANCED_FACE ( 'NONE', ( #2103 ), #2701, .T. ) ;
#6510 = VERTEX_POINT ( 'NONE', #4692 ) ;
#6511 = DIRECTION ( 'NONE',  ( 0.000000000000000000, -0.000000000000000000, 1.000000000000000000 ) ) ;
#6512 = ADVANCED_FACE ( 'NONE', ( #7286 ), #7373, .F. ) ;
#6513 = CARTESIAN_POINT ( 'NONE',  ( -0.5000000000000056621, 0.000000000000000000, 0.000000000000000000 ) ) ;
#6514 = VECTOR ( 'NONE', #101, 1000.000000000000000 ) ;
#6515 = CARTESIAN_POINT ( 'NONE',  ( 28.17157287525381903, 6.500000000000385469, 2.116122921959936232 ) ) ;
#6516 = CIRCLE ( 'NONE', #3399, 10.00000000000000000 ) ;
#6517 = DIRECTION ( 'NONE',  ( -1.000000000000000000, -2.536951011547150738E-31, -2.465190328815656637E-31 ) ) ;
#6518 = AXIS2_PLACEMENT_3D ( 'NONE', #4483, #1193, #4405 ) ;
#6519 = DIRECTION ( 'NONE',  ( -1.000000000000000000, -2.536951011547150738E-31, -2.465190328815656637E-31 ) ) ;
#6520 = EDGE_CURVE ( 'NONE', #5300, #700, #6645, .T. ) ;
#6521 = DIRECTION ( 'NONE',  ( 2.465190328815666271E-31, -3.830269434956791642E-15, -1.000000000000000000 ) ) ;
#6522 = CIRCLE ( 'NONE', #6383, 6.928203230275794766 ) ;
#6523 =( GEOMETRIC_REPRESENTATION_CONTEXT ( 3 ) GLOBAL_UNCERTAINTY_ASSIGNED_CONTEXT ( ( #3046 ) ) GLOBAL_UNIT_ASSIGNED_CONTEXT ( ( #930, #1456, #7400 ) ) REPRESENTATION_CONTEXT ( 'NONE', 'WORKASPACE' ) );
#6524 = DIRECTION ( 'NONE',  ( 0.000000000000000000, 0.000000000000000000, -1.000000000000000000 ) ) ;
#6525 = EDGE_CURVE ( 'NONE', #5385, #5403, #2164, .T. ) ;
#6526 = CARTESIAN_POINT ( 'NONE',  ( 7.670005479953366567, 1.216599307293672716, -5.364138384542205706 ) ) ;
#6527 = MANIFOLD_SOLID_BREP ( 'Фаска2', #6528 ) ;
#6528 = CLOSED_SHELL ( 'NONE', ( #7936, #5697, #5881, #476, #2991, #4663, #517, #5440, #7782, #7474, #891, #5937, #8414, #6534, #1647, #6621 ) ) ;
#6529 = B_SPLINE_CURVE_WITH_KNOTS ( 'NONE', 3,
 ( #1074, #498, #4993, #8099, #1023, #2274, #2362, #3688, #3640, #5505 ),
 .UNSPECIFIED., .F., .F.,
 ( 4, 2, 2, 2, 4 ),
 ( 2.325950922367366185E-07, 0.001877518990025926586, 0.003754805384959616216, 0.005632091779893306713, 0.007509378174826996342 ),
 .UNSPECIFIED. ) ;
#6530 = CARTESIAN_POINT ( 'NONE',  ( 30.26083045403555261, 6.500000000000312639, -5.080600358225173530 ) ) ;
#6531 = DIRECTION ( 'NONE',  ( 1.000000000000000000, 0.000000000000000000, 0.000000000000000000 ) ) ;
#6532 =( REPRESENTATION_RELATIONSHIP ('NONE','NONE', #7951, #1042 ) REPRESENTATION_RELATIONSHIP_WITH_TRANSFORMATION ( #5221 )SHAPE_REPRESENTATION_RELATIONSHIP( ) );
#6533 = CARTESIAN_POINT ( 'NONE',  ( 7.000787452999193583, 8.967875750390296830, 0.7685075875213276397 ) ) ;
#6534 = ADVANCED_FACE ( 'NONE', ( #4410 ), #1070, .F. ) ;
#6535 = CARTESIAN_POINT ( 'NONE',  ( 30.41421356237311713, 6.500000000000324185, 5.080600358225590085 ) ) ;
#6536 = ADVANCED_FACE ( 'NONE', ( #4949 ), #1158, .T. ) ;
#6537 = CARTESIAN_POINT ( 'NONE',  ( 8.000000000000007105, 5.356071321407137376, 1.249999999999999334 ) ) ;
#6538 = ORIENTED_EDGE ( 'NONE', *, *, #789, .F. ) ;
#6539 = LINE ( 'NONE', #3353, #3259 ) ;
#6540 = DIRECTION ( 'NONE',  ( 0.000000000000000000, -3.830269434956791642E-15, -1.000000000000000000 ) ) ;
#6541 = FACE_OUTER_BOUND ( 'NONE', #2511, .T. ) ;
#6542 = ORIENTED_EDGE ( 'NONE', *, *, #1268, .T. ) ;
#6543 =( GEOMETRIC_REPRESENTATION_CONTEXT ( 3 ) GLOBAL_UNCERTAINTY_ASSIGNED_CONTEXT ( ( #1326 ) ) GLOBAL_UNIT_ASSIGNED_CONTEXT ( ( #7310, #4084, #7268 ) ) REPRESENTATION_CONTEXT ( 'NONE', 'WORKASPACE' ) );
#6544 = VERTEX_POINT ( 'NONE', #417 ) ;
#6545 = ORIENTED_EDGE ( 'NONE', *, *, #2404, .T. ) ;
#6546 = CARTESIAN_POINT ( 'NONE',  ( 7.370598862665362461, 5.390841717334165395, -1.092200484842764885 ) ) ;
#6547 = CARTESIAN_POINT ( 'NONE',  ( -2.050000000000000711, 2.000000000000000000, 1.549999999999999822 ) ) ;
#6548 = ORIENTED_EDGE ( 'NONE', *, *, #6837, .T. ) ;
#6549 = CARTESIAN_POINT ( 'NONE',  ( 14.00000000000001243, 3.217426325363708829E-14, 8.400000000000009237 ) ) ;
#6550 = DIRECTION ( 'NONE',  ( 1.000000000000000000, 0.000000000000000000, 0.000000000000000000 ) ) ;
#6551 = VERTEX_POINT ( 'NONE', #3084 ) ;
#6552 = CYLINDRICAL_SURFACE ( 'NONE', #2999, 0.5000000000000000000 ) ;
#6553 = ORIENTED_EDGE ( 'NONE', *, *, #843, .F. ) ;
#6554 = DIRECTION ( 'NONE',  ( 1.000000000000000000, -2.527244646315869742E-18, -2.304943161835241629E-30 ) ) ;
#6555 =( NAMED_UNIT ( * ) SI_UNIT ( $, .STERADIAN. ) SOLID_ANGLE_UNIT ( ) );
#6556 = FACE_OUTER_BOUND ( 'NONE', #1169, .T. ) ;
#6557 = VERTEX_POINT ( 'NONE', #4370 ) ;
#6558 = CARTESIAN_POINT ( 'NONE',  ( 35.50000000000000711, 6.500000000000365041, -5.080600358225620283 ) ) ;
#6559 = EDGE_CURVE ( 'NONE', #7606, #2509, #6529, .T. ) ;
#6560 = DIRECTION ( 'NONE',  ( 2.958228394578779819E-31, 3.830269434956790853E-15, 1.000000000000000000 ) ) ;
#6561 = DIRECTION ( 'NONE',  ( -0.000000000000000000, 1.000000000000000000, -0.000000000000000000 ) ) ;
#6562 = CARTESIAN_POINT ( 'NONE',  ( 2.049999999999998934, 2.000000000000000000, 2.049999999999999822 ) ) ;
#6563 = FACE_OUTER_BOUND ( 'NONE', #2800, .T. ) ;
#6564 = B_SPLINE_CURVE_WITH_KNOTS ( 'NONE', 3,
 ( #3393, #6151, #156, #761, #2704, #3441, #1475, #7257, #2150, #6736 ),
 .UNSPECIFIED., .F., .F.,
 ( 4, 2, 2, 2, 4 ),
 ( 0.000000000000000000, 0.0004902407151237440442, 0.0009804814302474880883, 0.001470722145371232241, 0.001960962860494976610 ),
 .UNSPECIFIED. ) ;
#6565 = EDGE_CURVE ( 'NONE', #5979, #3449, #3047, .T. ) ;
#6566 = LINE ( 'NONE', #5965, #451 ) ;
#6567 = VECTOR ( 'NONE', #757, 999.9999999999998863 ) ;
#6568 = PLANE ( 'NONE',  #7201 ) ;
#6569 = DIRECTION ( 'NONE',  ( 1.000000000000000000, 0.000000000000000000, 0.000000000000000000 ) ) ;
#6570 = CARTESIAN_POINT ( 'NONE',  ( -1.660263214401136000, 8.848690341102305013, -39.80443065662489488 ) ) ;
#6571 = CARTESIAN_POINT ( 'NONE',  ( -4.374999999999999112, 0.000000000000000000, 0.000000000000000000 ) ) ;
#6572 = ORIENTED_EDGE ( 'NONE', *, *, #4698, .T. ) ;
#6573 = CARTESIAN_POINT ( 'NONE',  ( 14.00000000000001243, 8.304468224196557149E-15, -3.400000000000134914 ) ) ;
#6574 =( REPRESENTATION_RELATIONSHIP ('NONE','NONE', #7686, #5983 ) REPRESENTATION_RELATIONSHIP_WITH_TRANSFORMATION ( #5107 )SHAPE_REPRESENTATION_RELATIONSHIP( ) );
#6575 = CYLINDRICAL_SURFACE ( 'NONE', #4954, 10.00000000000001421 ) ;
#6576 = DIRECTION ( 'NONE',  ( 1.000000000000000000, 0.000000000000000000, 0.000000000000000000 ) ) ;
#6577 = DIRECTION ( 'NONE',  ( 0.000000000000000000, 0.000000000000000000, 1.000000000000000000 ) ) ;
#6578 = VERTEX_POINT ( 'NONE', #2401 ) ;
#6579 = ORIENTED_EDGE ( 'NONE', *, *, #1719, .F. ) ;
#6580 = ORIENTED_EDGE ( 'NONE', *, *, #6431, .T. ) ;
#6581 = CARTESIAN_POINT ( 'NONE',  ( 9.091834420766524261, 0.6299760815286166160, 8.979185240097303122 ) ) ;
#6582 = SHAPE_REPRESENTATION ( '000401.20.11 \X2\041d0430043f044004300432043b044f044e04490430044f\X0\_0..20', ( #1795 ), #2058 ) ;
#6583 = LINE ( 'NONE', #4637, #6978 ) ;
#6584 = ORIENTED_EDGE ( 'NONE', *, *, #4820, .T. ) ;
#6585 = FACE_OUTER_BOUND ( 'NONE', #5712, .T. ) ;
#6586 = CARTESIAN_POINT ( 'NONE',  ( -1.000000000000000666, 0.3894029122062713788, -1.089977330698539415 ) ) ;
#6587 = ORIENTED_EDGE ( 'NONE', *, *, #6845, .F. ) ;
#6588 = CARTESIAN_POINT ( 'NONE',  ( 0.000000000000000000, 0.000000000000000000, 0.000000000000000000 ) ) ;
#6589 = ORIENTED_EDGE ( 'NONE', *, *, #7503, .F. ) ;
#6590 = CARTESIAN_POINT ( 'NONE',  ( -2.050000000000000711, 9.000000000000001776, -1.549999999999999822 ) ) ;
#6591 = PRODUCT_DEFINITION_CONTEXT ( 'detailed design', #582, 'design' ) ;
#6592 = VERTEX_POINT ( 'NONE', #6813 ) ;
#6593 = CARTESIAN_POINT ( 'NONE',  ( 4.907477288111819824, 8.900000000000002132, 8.500000000000007105 ) ) ;
#6594 = PRODUCT_DEFINITION_SHAPE ( 'NONE', 'NONE',  #1355 ) ;
#6595 = EDGE_CURVE ( 'NONE', #4184, #1874, #1488, .T. ) ;
#6596 = CARTESIAN_POINT ( 'NONE',  ( 6.810500286563450523, 7.322655419112946262, -34.63471862619726949 ) ) ;
#6597 = DIRECTION ( 'NONE',  ( -1.000000000000000000, -2.536951011547150738E-31, -2.465190328815656637E-31 ) ) ;
#6598 = CARTESIAN_POINT ( 'NONE',  ( 9.185944125112943226, -0.4034551885979426045, -5.485710224198974139 ) ) ;
#6599 = CIRCLE ( 'NONE', #7417, 7.000000000000000000 ) ;
#6600 = CARTESIAN_POINT ( 'NONE',  ( 6.758079122627826507, 0.1637474976940331284, -5.498147484173011357 ) ) ;
#6601 = DIRECTION ( 'NONE',  ( 2.958228394578779819E-31, 3.830269434956791642E-15, 1.000000000000000000 ) ) ;
#6602 = CARTESIAN_POINT ( 'NONE',  ( 4.000000000000003553, -3.469446951953614189E-15, -1.733336949948512268E-30 ) ) ;
#6603 = DIRECTION ( 'NONE',  ( 1.000000000000000000, 0.000000000000000000, -1.767428939690774316E-16 ) ) ;
#6604 = CARTESIAN_POINT ( 'NONE',  ( 7.672319798154753734, 8.917512903221274101, 1.217362772021055806 ) ) ;
#6605 = CARTESIAN_POINT ( 'NONE',  ( 29.68767331623782013, -6.500000000000484945, -4.864013473723765912 ) ) ;
#6606 = CARTESIAN_POINT ( 'NONE',  ( 7.987545785298915140E-16, 0.000000000000000000, 0.000000000000000000 ) ) ;
#6607 = CARTESIAN_POINT ( 'NONE',  ( 10.52517763796516626, -2.431631414690087922, 5.765685233816864042 ) ) ;
#6608 = EDGE_CURVE ( 'NONE', #4440, #5300, #7454, .T. ) ;
#6609 = ORIENTED_EDGE ( 'NONE', *, *, #3218, .F. ) ;
#6610 = CARTESIAN_POINT ( 'NONE',  ( 28.17157287525379061, -6.500000000000452971, -2.116122921959997072 ) ) ;
#6611 = CIRCLE ( 'NONE', #901, 5.200000000000000178 ) ;
#6612 = CARTESIAN_POINT ( 'NONE',  ( -2.159818032750559202E-16, -7.505553499465125178, 3.315247287287312439 ) ) ;
#6613 = CARTESIAN_POINT ( 'NONE',  ( 0.000000000000000000, 2.000000000000000000, -5.200000000000000178 ) ) ;
#6614 = VERTEX_POINT ( 'NONE', #1119 ) ;
#6615 = ORIENTED_EDGE ( 'NONE', *, *, #1704, .F. ) ;
#6616 = VERTEX_POINT ( 'NONE', #3727 ) ;
#6617 = CARTESIAN_POINT ( 'NONE',  ( 7.369222742255729486, 5.391006875353411942, 1.091395096906153439 ) ) ;
#6618 = AXIS2_PLACEMENT_3D ( 'NONE', #2425, #6295, #6416 ) ;
#6619 = EDGE_CURVE ( 'NONE', #6297, #3015, #5047, .T. ) ;
#6620 = CARTESIAN_POINT ( 'NONE',  ( -2.168404344971008868E-16, 22.00000000000000355, -33.00000000000000000 ) ) ;
#6621 = ADVANCED_FACE ( 'NONE', ( #8267 ), #6368, .F. ) ;
#6622 =( GEOMETRIC_REPRESENTATION_CONTEXT ( 3 ) GLOBAL_UNCERTAINTY_ASSIGNED_CONTEXT ( ( #2016 ) ) GLOBAL_UNIT_ASSIGNED_CONTEXT ( ( #1146, #7573, #1013 ) ) REPRESENTATION_CONTEXT ( 'NONE', 'WORKASPACE' ) );
#6623 = ORIENTED_EDGE ( 'NONE', *, *, #6668, .T. ) ;
#6624 = CARTESIAN_POINT ( 'NONE',  ( -8.919186859399657052, -1.205653244745750863, -41.94300960157838176 ) ) ;
#6625 = CARTESIAN_POINT ( 'NONE',  ( -1.000000000000000444, 6.489106670333761581E-13, -1.129893436919176208 ) ) ;
#6626 = ORIENTED_EDGE ( 'NONE', *, *, #3058, .T. ) ;
#6627 = COLOUR_RGB ( '',0.7921568627450980005, 0.8196078431372548767, 0.9333333333333333481 ) ;
#6628 = ORIENTED_EDGE ( 'NONE', *, *, #2318, .T. ) ;
#6629 = MECHANICAL_DESIGN_GEOMETRIC_PRESENTATION_REPRESENTATION (  '', ( #2696 ), #646 ) ;
#6630 = CARTESIAN_POINT ( 'NONE',  ( 4.907477288111819824, 6.900000000000000355, 8.500000000000007105 ) ) ;
#6631 = AXIS2_PLACEMENT_3D ( 'NONE', #1344, #8400, #3269 ) ;
#6632 = DIRECTION ( 'NONE',  ( 0.000000000000000000, 0.000000000000000000, 1.000000000000000000 ) ) ;
#6633 = DIRECTION ( 'NONE',  ( 1.000000000000000000, -3.614007241618317709E-17, -2.204355216680804521E-30 ) ) ;
#6634 = ORIENTED_EDGE ( 'NONE', *, *, #6414, .T. ) ;
#6635 = AXIS2_PLACEMENT_3D ( 'NONE', #3566, #2743, #8015 ) ;
#6636 = CARTESIAN_POINT ( 'NONE',  ( 2.697858172461675696, 5.947944357358966982, 0.2686961928208871919 ) ) ;
#6637 = CIRCLE ( 'NONE', #235, 3.999999999999984457 ) ;
#6638 = CARTESIAN_POINT ( 'NONE',  ( -1.000000000000000444, 6.489106670333761581E-13, -1.129893436919176208 ) ) ;
#6639 = CYLINDRICAL_SURFACE ( 'NONE', #1213, 5.200000000000000178 ) ;
#6640 = DIRECTION ( 'NONE',  ( 2.958228394578779381E-31, 3.830269434956790853E-15, 1.000000000000000000 ) ) ;
#6641 = CIRCLE ( 'NONE', #7742, 3.999999999999996447 ) ;
#6642 = AXIS2_PLACEMENT_3D ( 'NONE', #1459, #4570, #746 ) ;
#6643 = VECTOR ( 'NONE', #2400, 1000.000000000000000 ) ;
#6644 = CARTESIAN_POINT ( 'NONE',  ( 6.999685600159769372, -0.7674806321143411436, -8.967980828989313480 ) ) ;
#6645 = LINE ( 'NONE', #4192, #5157 ) ;
#6646 = LINE ( 'NONE', #3938, #5699 ) ;
#6647 = AXIS2_PLACEMENT_3D ( 'NONE', #7108, #6465, #579 ) ;
#6648 = CARTESIAN_POINT ( 'NONE',  ( 30.10841247531908138, 6.500000000000311751, -5.051418627546519602 ) ) ;
#6649 = CARTESIAN_POINT ( 'NONE',  ( -1.084564872665012114, 6.879379678278392696, 3.550306184718724722 ) ) ;
#6650 = LINE ( 'NONE', #4831, #922 ) ;
#6651 = CARTESIAN_POINT ( 'NONE',  ( -1.663245133784587493, 8.848120736658426466, -26.19630996102185350 ) ) ;
#6652 = FACE_OUTER_BOUND ( 'NONE', #8310, .T. ) ;
#6653 = CARTESIAN_POINT ( 'NONE',  ( -9.000000000000000000, 1.102182119232617714E-15, 45.00000000000000000 ) ) ;
#6654 = ORIENTED_EDGE ( 'NONE', *, *, #2262, .F. ) ;
#6655 = DIRECTION ( 'NONE',  ( 1.000000000000000000, -0.000000000000000000, -0.000000000000000000 ) ) ;
#6656 = DIRECTION ( 'NONE',  ( 1.719470254348910857E-30, -1.000000000000000000, -2.442490654175355433E-15 ) ) ;
#6657 = AXIS2_PLACEMENT_3D ( 'NONE', #4797, #2286, #427 ) ;
#6658 = CARTESIAN_POINT ( 'NONE',  ( 3.535533905932737309, -9.354143466934864648, -3.535533905932725318 ) ) ;
#6659 = CARTESIAN_POINT ( 'NONE',  ( 0.000000000000000000, 0.000000000000000000, 0.000000000000000000 ) ) ;
#6660 = ORIENTED_EDGE ( 'NONE', *, *, #2418, .F. ) ;
#6661 = ORIENTED_EDGE ( 'NONE', *, *, #253, .F. ) ;
#6662 = ORIENTED_EDGE ( 'NONE', *, *, #1264, .F. ) ;
#6663 = PRODUCT_DEFINITION_SHAPE ( 'NONE', 'NONE',  #8451 ) ;
#6664 = DIRECTION ( 'NONE',  ( -2.469610187574633181E-30, -2.449021377849508624E-15, 1.000000000000000000 ) ) ;
#6665 = DIRECTION ( 'NONE',  ( 1.000000000000000000, 0.000000000000000000, 0.000000000000000000 ) ) ;
#6667 = AXIS2_PLACEMENT_3D ( 'NONE', #5180, #7772, #7683 ) ;
#6666 = PRODUCT_DEFINITION_FORMATION_WITH_SPECIFIED_SOURCE ( 'ANY', '', #4154, .NOT_KNOWN. ) ;
#6668 = EDGE_CURVE ( 'NONE', #697, #1708, #3799, .T. ) ;
#6669 = CIRCLE ( 'NONE', #4911, 9.500000000000012434 ) ;
#6670 = CYLINDRICAL_SURFACE ( 'NONE', #7083, 4.000000000000165201 ) ;
#6671 = CARTESIAN_POINT ( 'NONE',  ( 9.091015373541795341, -5.465711560996331819, -0.6318518186160688721 ) ) ;
#6672 = ORIENTED_EDGE ( 'NONE', *, *, #5888, .T. ) ;
#6673 = DIRECTION ( 'NONE',  ( -1.000000000000000000, 2.527244646312397676E-18, 2.284402040327631027E-30 ) ) ;
#6674 = EDGE_CURVE ( 'NONE', #7436, #7109, #6222, .T. ) ;
#6675 = CARTESIAN_POINT ( 'NONE',  ( 28.17157287525381903, 6.500000000000385469, 2.116122921959936232 ) ) ;
#6676 = DIRECTION ( 'NONE',  ( -1.000000000000000000, -0.000000000000000000, -0.000000000000000000 ) ) ;
#6677 = CARTESIAN_POINT ( 'NONE',  ( -1.754347681397912428E-16, -1.154700538379251240, -1.040000000000000036 ) ) ;
#6678 = EDGE_LOOP ( 'NONE', ( #7813, #4479, #6579, #2260 ) ) ;
#6679 = CARTESIAN_POINT ( 'NONE',  ( 8.000000000000007105, -10.00000000000001776, 0.000000000000000000 ) ) ;
#6680 = CARTESIAN_POINT ( 'NONE',  ( 4.000000000000003553, -1.934563620409338112E-14, -4.000000000000014211 ) ) ;
#6681 = CARTESIAN_POINT ( 'NONE',  ( 0.000000000000000000, 0.000000000000000000, 0.000000000000000000 ) ) ;
#6682 = EDGE_CURVE ( 'NONE', #1238, #4710, #4801, .T. ) ;
#6683 = CARTESIAN_POINT ( 'NONE',  ( 8.000000000000007105, -8.912771734987941841, -1.249999999999999334 ) ) ;
#6684 = EDGE_CURVE ( 'NONE', #3542, #4004, #8140, .T. ) ;
#6685 = VERTEX_POINT ( 'NONE', #6203 ) ;
#6686 = APPLICATION_CONTEXT ( 'automotive_design' ) ;
#6687 = CARTESIAN_POINT ( 'NONE',  ( 0.5999999999999894307, -4.177214130152157794E-14, -10.00000000000001421 ) ) ;
#6688 = CARTESIAN_POINT ( 'NONE',  ( 102.0000000000000142, 0.000000000000000000, 3.999999999999993339 ) ) ;
#6689 = CARTESIAN_POINT ( 'NONE',  ( 6.749999999999998224, 0.000000000000000000, 0.000000000000000000 ) ) ;
#6690 = CONICAL_SURFACE ( 'NONE', #5336, 8.400000000000009237, 0.7853981633974497223 ) ;
#6691 = CARTESIAN_POINT ( 'NONE',  ( 28.99999999999999645, 7.395570986446999128E-29, -6.240013019814657616E-29 ) ) ;
#6692 = CYLINDRICAL_SURFACE ( 'NONE', #8428, 3.323417653124999926 ) ;
#6693 = DIRECTION ( 'NONE',  ( 0.000000000000000000, 0.000000000000000000, 1.000000000000000000 ) ) ;
#6694 = CARTESIAN_POINT ( 'NONE',  ( 6.928203230275508773, -4.000000000000210498, -8.484601909794850517E-16 ) ) ;
#6695 = CARTESIAN_POINT ( 'NONE',  ( 9.814954576223639648, 8.900000000000002132, -3.622444160865513523E-15 ) ) ;
#6696 = SURFACE_STYLE_FILL_AREA ( #1524 ) ;
#6697 = EDGE_LOOP ( 'NONE', ( #1940, #3315, #80, #693 ) ) ;
#6698 = DIRECTION ( 'NONE',  ( 0.000000000000000000, 0.000000000000000000, 1.000000000000000000 ) ) ;
#6699 = AXIS2_PLACEMENT_3D ( 'NONE', #4899, #2996, #5498 ) ;
#6700 =( NAMED_UNIT ( * ) SI_UNIT ( $, .STERADIAN. ) SOLID_ANGLE_UNIT ( ) );
#6701 = PLANE ( 'NONE',  #5796 ) ;
#6702 = FACE_OUTER_BOUND ( 'NONE', #6, .T. ) ;
#6703 = ORIENTED_EDGE ( 'NONE', *, *, #4915, .F. ) ;
#6704 = ORIENTED_EDGE ( 'NONE', *, *, #7410, .F. ) ;
#6705 = ORIENTED_EDGE ( 'NONE', *, *, #6259, .T. ) ;
#6706 = DIRECTION ( 'NONE',  ( 0.7071067811865474617, 0.000000000000000000, -0.7071067811865474617 ) ) ;
#6707 = ORIENTED_EDGE ( 'NONE', *, *, #4761, .F. ) ;
#6708 = EDGE_CURVE ( 'NONE', #3985, #2551, #1674, .T. ) ;
#6709 = DIRECTION ( 'NONE',  ( 0.9995627684940849855, 0.000000000000000000, -0.02956808821078314720 ) ) ;
#6710 = CARTESIAN_POINT ( 'NONE',  ( 8.672895236914868585E-16, 7.505553499465147382, 4.000000000000000000 ) ) ;
#6711 = DIRECTION ( 'NONE',  ( -1.000000000000000000, -2.536951011547150738E-31, -2.465190328815656637E-31 ) ) ;
#6712 = ORIENTED_EDGE ( 'NONE', *, *, #3853, .T. ) ;
#6713 = CARTESIAN_POINT ( 'NONE',  ( 36.00000000000000711, 9.860761315262661020E-29, -6.894829200906304354E-29 ) ) ;
#6714 = B_SPLINE_CURVE_WITH_KNOTS ( 'NONE', 3,
 ( #5639, #8282, #4503, #5101, #590, #5802, #6361, #8398 ),
 .UNSPECIFIED., .F., .F.,
 ( 4, 2, 2, 4 ),
 ( 1.226634733346699349E-18, 0.0002161441065812592900, 0.0004322882131625173873, 0.0008645764263250344493 ),
 .UNSPECIFIED. ) ;
#6715 = VERTEX_POINT ( 'NONE', #4810 ) ;
#6716 = CARTESIAN_POINT ( 'NONE',  ( 1.071108963213949839E-15, 9.000000000000001776, -40.00000000000004263 ) ) ;
#6717 = CARTESIAN_POINT ( 'NONE',  ( 82.99999999999998579, 8.572527594031473190E-16, -7.000000000000000000 ) ) ;
#6718 = EDGE_CURVE ( 'NONE', #3802, #1134, #3455, .T. ) ;
#6719 = VERTEX_POINT ( 'NONE', #1007 ) ;
#6720 = CARTESIAN_POINT ( 'NONE',  ( 14.00000000000001243, 1.848892746611772763E-29, -1.714077650504639909E-29 ) ) ;
#6721 = ORIENTED_EDGE ( 'NONE', *, *, #7133, .T. ) ;
#6722 = CARTESIAN_POINT ( 'NONE',  ( 0.2368473339933016841, 9.999999999999998224, -40.00000000000004263 ) ) ;
#6723 = CARTESIAN_POINT ( 'NONE',  ( 8.835786437626946821, 4.500000000000189182, -4.337337893224564311 ) ) ;
#6724 = CARTESIAN_POINT ( 'NONE',  ( 7.371262412071964754, -8.933657903276813528, -1.092567377224694436 ) ) ;
#6725 = ADVANCED_FACE ( 'NONE', ( #2258 ), #224, .T. ) ;
#6726 = ORIENTED_EDGE ( 'NONE', *, *, #609, .F. ) ;
#6727 = CARTESIAN_POINT ( 'NONE',  ( 8.000000000000007105, -1.250000000000030642, -8.912771734987938288 ) ) ;
#6728 = DIRECTION ( 'NONE',  ( 1.000000000000000000, 0.000000000000000000, 0.000000000000000000 ) ) ;
#6729 = DIRECTION ( 'NONE',  ( 0.000000000000000000, -0.000000000000000000, 1.000000000000000000 ) ) ;
#6730 = CARTESIAN_POINT ( 'NONE',  ( -9.878216427922913212, -1.558036014125159907, -43.42022786037487947 ) ) ;
#6731 = CARTESIAN_POINT ( 'NONE',  ( 0.000000000000000000, 6.900000000000000355, 0.000000000000000000 ) ) ;
#6732 = DIRECTION ( 'NONE',  ( -1.000000000000000000, -0.000000000000000000, -0.000000000000000000 ) ) ;
#6733 = PRODUCT_DEFINITION_SHAPE ( 'NONE', 'NONE',  #2139 ) ;
#6734 = EDGE_CURVE ( 'NONE', #440, #8031, #3928, .T. ) ;
#6735 = CARTESIAN_POINT ( 'NONE',  ( -6.528915963669612132, 6.195898024108630331, -30.46547498206932758 ) ) ;
#6736 = CARTESIAN_POINT ( 'NONE',  ( 8.000000000000007105, 1.250000000000017986, 5.356071321407132935 ) ) ;
#6737 = PLANE ( 'NONE',  #5149 ) ;
#6738 = ORIENTED_EDGE ( 'NONE', *, *, #5823, .T. ) ;
#6739 = ADVANCED_FACE ( 'NONE', ( #7483 ), #6841, .T. ) ;
#6740 = CARTESIAN_POINT ( 'NONE',  ( 0.000000000000000000, 0.000000000000000000, -2.499999999999998224 ) ) ;
#6741 = CARTESIAN_POINT ( 'NONE',  ( 0.9999999999999995559, 0.5773502691896269523, -1.040577039435783391 ) ) ;
#6742 = LINE ( 'NONE', #5436, #7720 ) ;
#6743 = ORIENTED_EDGE ( 'NONE', *, *, #2165, .F. ) ;
#6744 = ORIENTED_EDGE ( 'NONE', *, *, #8352, .F. ) ;
#6745 = ORIENTED_EDGE ( 'NONE', *, *, #5392, .F. ) ;
#6746 = CARTESIAN_POINT ( 'NONE',  ( 0.000000000000000000, 6.900000000000000355, 0.000000000000000000 ) ) ;
#6747 = VECTOR ( 'NONE', #3627, 1000.000000000000000 ) ;
#6748 = ORIENTED_EDGE ( 'NONE', *, *, #6998, .T. ) ;
#6749 = DIRECTION ( 'NONE',  ( -1.000000000000000000, 6.933172715181069721E-15, -8.265314061072020195E-30 ) ) ;
#6750 = PRODUCT_RELATED_PRODUCT_CATEGORY ( 'part', '', ( #7280 ) ) ;
#6751 = LINE ( 'NONE', #6710, #3044 ) ;
#6752 = CARTESIAN_POINT ( 'NONE',  ( 6.500000000000000000, -0.6263465452542216205, 3.731761184457489833 ) ) ;
#6753 = VERTEX_POINT ( 'NONE', #8121 ) ;
#6754 = EDGE_LOOP ( 'NONE', ( #5119, #8083 ) ) ;
#6755 = VECTOR ( 'NONE', #1099, 1000.000000000000000 ) ;
#6756 = DIRECTION ( 'NONE',  ( 2.469610187574633181E-30, 2.442490654175355433E-15, -1.000000000000000000 ) ) ;
#6757 = CARTESIAN_POINT ( 'NONE',  ( 0.000000000000000000, 0.000000000000000000, 0.000000000000000000 ) ) ;
#6758 = ORIENTED_EDGE ( 'NONE', *, *, #1220, .F. ) ;
#6759 = FACE_BOUND ( 'NONE', #1008, .T. ) ;
#6760 = VECTOR ( 'NONE', #8152, 1000.000000000000000 ) ;
#6761 = LINE ( 'NONE', #7494, #4942 ) ;
#6762 = ORIENTED_EDGE ( 'NONE', *, *, #2528, .T. ) ;
#6763 = CARTESIAN_POINT ( 'NONE',  ( 5.273689396165741172, 8.503943671969897977, -28.37577769732715538 ) ) ;
#6764 = EDGE_CURVE ( 'NONE', #7451, #1416, #5817, .T. ) ;
#6765 = LINE ( 'NONE', #2778, #334 ) ;
#6766 =( GEOMETRIC_REPRESENTATION_CONTEXT ( 3 ) GLOBAL_UNCERTAINTY_ASSIGNED_CONTEXT ( ( #5834 ) ) GLOBAL_UNIT_ASSIGNED_CONTEXT ( ( #8266, #5046, #6436 ) ) REPRESENTATION_CONTEXT ( 'NONE', 'WORKASPACE' ) );
#6767 = VERTEX_POINT ( 'NONE', #2220 ) ;
#6768 = VECTOR ( 'NONE', #3475, 1000.000000000000000 ) ;
#6769 = DIRECTION ( 'NONE',  ( -2.958228394578779381E-31, -3.830269434956791642E-15, -1.000000000000000000 ) ) ;
#6770 = DIRECTION ( 'NONE',  ( -0.000000000000000000, -0.000000000000000000, 1.000000000000000000 ) ) ;
#6771 = FACE_OUTER_BOUND ( 'NONE', #1152, .T. ) ;
#6772 = EDGE_CURVE ( 'NONE', #5098, #4762, #2857, .T. ) ;
#6773 = DIRECTION ( 'NONE',  ( 2.290883888735606295E-30, -2.442490654175355433E-15, 1.000000000000000000 ) ) ;
#6774 = AXIS2_PLACEMENT_3D ( 'NONE', #4571, #7155, #3856 ) ;
#6775 = FACE_OUTER_BOUND ( 'NONE', #3497, .T. ) ;
#6776 = CIRCLE ( 'NONE', #5289, 1.649999999999997691 ) ;
#6777 = CARTESIAN_POINT ( 'NONE',  ( -6.500000000000000888, 3.752776749732670947, 3.315247287287404809 ) ) ;
#6778 = CARTESIAN_POINT ( 'NONE',  ( 4.898587196589564684E-16, 6.000000000000397016, 3.999999999999986233 ) ) ;
#6779 = DIRECTION ( 'NONE',  ( 1.000000000000000000, -0.000000000000000000, -0.000000000000000000 ) ) ;
#6780 = CONICAL_SURFACE ( 'NONE', #97, 2.250000000000000000, 0.7853981633974497223 ) ;
#6781 = FACE_OUTER_BOUND ( 'NONE', #5399, .T. ) ;
#6782 = VERTEX_POINT ( 'NONE', #2984 ) ;
#6783 = DIRECTION ( 'NONE',  ( -1.000000000000000000, -0.000000000000000000, -0.000000000000000000 ) ) ;
#6784 = FACE_BOUND ( 'NONE', #2380, .T. ) ;
#6785 = AXIS2_PLACEMENT_3D ( 'NONE', #6405, #8399, #5765 ) ;
#6786 = EDGE_CURVE ( 'NONE', #42, #2728, #3933, .T. ) ;
#6787 = DIRECTION ( 'NONE',  ( 2.958228394578779381E-31, 3.830269434956791642E-15, 1.000000000000000000 ) ) ;
#6788 = LINE ( 'NONE', #998, #6895 ) ;
#6789 = ORIENTED_EDGE ( 'NONE', *, *, #7660, .T. ) ;
#6790 = PRODUCT_DEFINITION_SHAPE ( 'NONE', 'NONE',  #8374 ) ;
#6791 = AXIS2_PLACEMENT_3D ( 'NONE', #581, #4444, #4872 ) ;
#6792 = EDGE_LOOP ( 'NONE', ( #4835, #6808, #8379, #7048, #4168, #7577 ) ) ;
#6793 = CARTESIAN_POINT ( 'NONE',  ( 6.750000000000007994, 0.1634264043666563970, 5.499999999999998224 ) ) ;
#6794 = ORIENTED_EDGE ( 'NONE', *, *, #714, .T. ) ;
#6795 = SHAPE_DEFINITION_REPRESENTATION ( #4967, #7088 ) ;
#6796 = CARTESIAN_POINT ( 'NONE',  ( 6.928203230275506108, 4.000000000000195399, -8.484601909803401769E-16 ) ) ;
#6797 = CARTESIAN_POINT ( 'NONE',  ( -8.856628703042670026, 1.600040005157110423, -43.10397626119265624 ) ) ;
#6798 = ORIENTED_EDGE ( 'NONE', *, *, #3253, .F. ) ;
#6799 = APPLICATION_CONTEXT ( 'automotive_design' ) ;
#6800 = ORIENTED_EDGE ( 'NONE', *, *, #4924, .T. ) ;
#6801 = FACE_OUTER_BOUND ( 'NONE', #3817, .T. ) ;
#6802 =( NAMED_UNIT ( * ) PLANE_ANGLE_UNIT ( ) SI_UNIT ( $, .RADIAN. ) );
#6803 = DIRECTION ( 'NONE',  ( -1.000000000000000000, -2.536951011547150738E-31, -2.465190328815656637E-31 ) ) ;
#6804 = VERTEX_POINT ( 'NONE', #8040 ) ;
#6805 = VECTOR ( 'NONE', #1868, 999.9999999999998863 ) ;
#6806 = FACE_OUTER_BOUND ( 'NONE', #7019, .T. ) ;
#6807 = CARTESIAN_POINT ( 'NONE',  ( 6.500000000000000888, -3.752776749732612327, 3.315247287287366618 ) ) ;
#6808 = ORIENTED_EDGE ( 'NONE', *, *, #7123, .T. ) ;
#6809 = CARTESIAN_POINT ( 'NONE',  ( 0.4807969081117846044, 9.999999999999998224, -26.00000000000002132 ) ) ;
#6810 = FACE_OUTER_BOUND ( 'NONE', #6934, .T. ) ;
#6811 = DIRECTION ( 'NONE',  ( 0.000000000000000000, -1.224646799147353454E-16, 1.000000000000000000 ) ) ;
#6812 = ORIENTED_EDGE ( 'NONE', *, *, #3686, .F. ) ;
#6813 = CARTESIAN_POINT ( 'NONE',  ( -25.00000000000000000, 4.898587196589408884E-16, 3.999999999999996447 ) ) ;
#6814 = EDGE_CURVE ( 'NONE', #6551, #3584, #7596, .T. ) ;
#6815 = CARTESIAN_POINT ( 'NONE',  ( 9.250000000000007105, -3.337024279537924524E-14, -9.000000000000000000 ) ) ;
#6816 = EDGE_CURVE ( 'NONE', #3411, #2808, #1350, .T. ) ;
#6817 = DIRECTION ( 'NONE',  ( 0.000000000000000000, 0.000000000000000000, 1.000000000000000000 ) ) ;
#6818 = CARTESIAN_POINT ( 'NONE',  ( 6.813927900400066129, -5.485737980115954038, -0.4030824808312351015 ) ) ;
#6819 = DIRECTION ( 'NONE',  ( 5.002141340362817447E-31, -3.491481338843133750E-15, -1.000000000000000000 ) ) ;
#6820 = EDGE_CURVE ( 'NONE', #4140, #5483, #2445, .T. ) ;
#6821 = DIRECTION ( 'NONE',  ( 0.000000000000000000, -0.000000000000000000, 1.000000000000000000 ) ) ;
#6822 = CYLINDRICAL_SURFACE ( 'NONE', #529, 4.200000000000000178 ) ;
#6823 = CARTESIAN_POINT ( 'NONE',  ( 0.000000000000000000, 0.000000000000000000, 3.999999999999993339 ) ) ;
#6824 = VERTEX_POINT ( 'NONE', #438 ) ;
#6825 = EDGE_CURVE ( 'NONE', #5824, #729, #6878, .T. ) ;
#6826 = CARTESIAN_POINT ( 'NONE',  ( 0.000000000000000000, 0.000000000000000000, 4.000000000000000000 ) ) ;
#6827 = ADVANCED_FACE ( 'NONE', ( #8248 ), #5110, .F. ) ;
#6828 = DIRECTION ( 'NONE',  ( -0.000000000000000000, -1.000000000000000000, -0.000000000000000000 ) ) ;
#6829 = ADVANCED_FACE ( 'NONE', ( #1808 ), #8337, .F. ) ;
#6830 = DIRECTION ( 'NONE',  ( 1.000000000000000000, 0.000000000000000000, 0.000000000000000000 ) ) ;
#6831 = FACE_OUTER_BOUND ( 'NONE', #4686, .T. ) ;
#6832 = ORIENTED_EDGE ( 'NONE', *, *, #51, .T. ) ;
#6833 = EDGE_CURVE ( 'NONE', #2162, #6265, #5412, .T. ) ;
#6834 = ORIENTED_EDGE ( 'NONE', *, *, #4284, .F. ) ;
#6835 = DIRECTION ( 'NONE',  ( -1.000000000000000000, -0.000000000000000000, -0.000000000000000000 ) ) ;
#6836 = ORIENTED_EDGE ( 'NONE', *, *, #714, .F. ) ;
#6837 = EDGE_CURVE ( 'NONE', #5709, #1446, #421, .T. ) ;
#6838 = APPLICATION_PROTOCOL_DEFINITION ( 'draft international standard', 'automotive_design', 1998, #863 ) ;
#6839 = CLOSED_SHELL ( 'NONE', ( #71, #3979, #3182, #5372, #3051, #6512 ) ) ;
#6840 = CARTESIAN_POINT ( 'NONE',  ( 10.86884452077979546, -3.957591431941261284, 4.839487782590365939 ) ) ;
#6841 = CYLINDRICAL_SURFACE ( 'NONE', #233, 0.5000000000000000000 ) ;
#6842 = ORIENTED_EDGE ( 'NONE', *, *, #6734, .F. ) ;
#6843 = ORIENTED_EDGE ( 'NONE', *, *, #6300, .T. ) ;
#6844 = DIRECTION ( 'NONE',  ( 0.000000000000000000, 0.000000000000000000, 1.000000000000000000 ) ) ;
#6845 = EDGE_CURVE ( 'NONE', #6129, #576, #3320, .T. ) ;
#6846 = CARTESIAN_POINT ( 'NONE',  ( 0.000000000000000000, 0.000000000000000000, 0.000000000000000000 ) ) ;
#6847 = ORIENTED_EDGE ( 'NONE', *, *, #2789, .F. ) ;
#6848 = CARTESIAN_POINT ( 'NONE',  ( 11.57508462988473141, 6.825084629884985432, -1.583169837708477523 ) ) ;
#6849 = ORIENTED_EDGE ( 'NONE', *, *, #3883, .T. ) ;
#6850 = FACE_OUTER_BOUND ( 'NONE', #5343, .T. ) ;
#6851 = VERTEX_POINT ( 'NONE', #5934 ) ;
#6852 = CARTESIAN_POINT ( 'NONE',  ( 2.536388918100097367, 9.675488818793544610, -26.47163297966177709 ) ) ;
#6853 = ORIENTED_EDGE ( 'NONE', *, *, #6674, .F. ) ;
#6854 = DIRECTION ( 'NONE',  ( 0.000000000000000000, 0.000000000000000000, 1.000000000000000000 ) ) ;
#6855 = DIRECTION ( 'NONE',  ( 0.000000000000000000, 0.000000000000000000, 1.000000000000000000 ) ) ;
#6856 = FACE_OUTER_BOUND ( 'NONE', #8333, .T. ) ;
#6857 = LINE ( 'NONE', #7414, #4333 ) ;
#6858 = CARTESIAN_POINT ( 'NONE',  ( 2.071275251570730003, -9.999896280162452911, -0.3343160342741671731 ) ) ;
#6859 = FACE_OUTER_BOUND ( 'NONE', #4591, .T. ) ;
#6860 = PRODUCT_RELATED_PRODUCT_CATEGORY ( 'part', '', ( #8084 ) ) ;
#6861 = FACE_BOUND ( 'NONE', #5, .T. ) ;
#6862 = CARTESIAN_POINT ( 'NONE',  ( 0.000000000000000000, 11.00000000000000178, 0.000000000000000000 ) ) ;
#6863 = DIRECTION ( 'NONE',  ( 0.000000000000000000, 1.000000000000000000, 0.000000000000000000 ) ) ;
#6864 = EDGE_LOOP ( 'NONE', ( #2510, #3747, #4362, #1721 ) ) ;
#6865 = DIRECTION ( 'NONE',  ( 0.000000000000000000, 1.000000000000000000, 0.000000000000000000 ) ) ;
#6866 = CARTESIAN_POINT ( 'NONE',  ( -2.050000000000000711, 9.000000000000001776, -2.049999999999999822 ) ) ;
#6867 = CARTESIAN_POINT ( 'NONE',  ( 7.012297690666878580, 5.641535451992520933, -33.00137333427053932 ) ) ;
#6868 = ORIENTED_EDGE ( 'NONE', *, *, #1009, .F. ) ;
#6869 = EDGE_CURVE ( 'NONE', #2976, #6421, #6223, .T. ) ;
#6870 = LINE ( 'NONE', #6034, #8211 ) ;
#6871 = ORIENTED_EDGE ( 'NONE', *, *, #1009, .T. ) ;
#6872 = FACE_OUTER_BOUND ( 'NONE', #5736, .T. ) ;
#6873 = ORIENTED_EDGE ( 'NONE', *, *, #2935, .T. ) ;
#6874 = APPLICATION_PROTOCOL_DEFINITION ( 'draft international standard', 'automotive_design', 1998, #5503 ) ;
#6875 = AXIS2_PLACEMENT_3D ( 'NONE', #4744, #6732, #6693 ) ;
#6876 = ADVANCED_FACE ( 'NONE', ( #5895, #3356 ), #7942, .F. ) ;
#6877 = DIRECTION ( 'NONE',  ( 0.000000000000000000, 3.830269434956791642E-15, 1.000000000000000000 ) ) ;
#6878 = LINE ( 'NONE', #400, #6755 ) ;
#6879 = ORIENTED_EDGE ( 'NONE', *, *, #403, .F. ) ;
#6880 = EDGE_CURVE ( 'NONE', #3792, #7348, #2824, .T. ) ;
#6881 = ORIENTED_EDGE ( 'NONE', *, *, #7438, .F. ) ;
#6882 = VECTOR ( 'NONE', #3295, 1000.000000000000000 ) ;
#6883 = CIRCLE ( 'NONE', #4036, 9.000000000000010658 ) ;
#6884 = EDGE_CURVE ( 'NONE', #4759, #4818, #3652, .T. ) ;
#6885 = DIRECTION ( 'NONE',  ( 0.000000000000000000, -2.442490654175355827E-15, 1.000000000000000000 ) ) ;
#6886 = SHAPE_REPRESENTATION_RELATIONSHIP ( 'NONE' , 'NONE' ,  #6582, #1797 ) ;
#6887 = CARTESIAN_POINT ( 'NONE',  ( 4.199999999999981526, -3.469446951953614189E-15, -1.733336949948512268E-30 ) ) ;
#6888 = ORIENTED_EDGE ( 'NONE', *, *, #3389, .T. ) ;
#6889 = CARTESIAN_POINT ( 'NONE',  ( -10.00000000000000000, 1.224646799147353059E-15, 45.00000000000000000 ) ) ;
#6890 = AXIS2_PLACEMENT_3D ( 'NONE', #2080, #2620, #1991 ) ;
#6891 = ORIENTED_EDGE ( 'NONE', *, *, #6438, .F. ) ;
#6892 = PLANE ( 'NONE',  #8206 ) ;
#6893 = ORIENTED_EDGE ( 'NONE', *, *, #3158, .F. ) ;
#6894 = CARTESIAN_POINT ( 'NONE',  ( 5.926078000082598329, 8.056358060451358938, -29.26757634880644332 ) ) ;
#6895 = VECTOR ( 'NONE', #3619, 1000.000000000000000 ) ;
#6896 = ORIENTED_EDGE ( 'NONE', *, *, #5777, .T. ) ;
#6897 = EDGE_CURVE ( 'NONE', #3784, #322, #6494, .T. ) ;
#6898 = CIRCLE ( 'NONE', #7985, 2.750000000000000000 ) ;
#6899 = DIRECTION ( 'NONE',  ( -0.8660254037844385966, 0.4999999999999999445, 0.000000000000000000 ) ) ;
#6900 = DIRECTION ( 'NONE',  ( -1.000000000000000000, 0.000000000000000000, 0.000000000000000000 ) ) ;
#6901 = VECTOR ( 'NONE', #2972, 1000.000000000000000 ) ;
#6902 = CARTESIAN_POINT ( 'NONE',  ( -9.871182958457287882, 1.599920937752542960, -42.79030554934694663 ) ) ;
#6903 = CARTESIAN_POINT ( 'NONE',  ( 2.103235982236922208, 9.983790377532423932, -0.6575033800165440701 ) ) ;
#6904 =( GEOMETRIC_REPRESENTATION_CONTEXT ( 3 ) GLOBAL_UNCERTAINTY_ASSIGNED_CONTEXT ( ( #618 ) ) GLOBAL_UNIT_ASSIGNED_CONTEXT ( ( #7277, #3595, #4853 ) ) REPRESENTATION_CONTEXT ( 'NONE', 'WORKASPACE' ) );
#6905 = CARTESIAN_POINT ( 'NONE',  ( 3.535533905932743970, -9.354143466934859319, 3.535533905932752852 ) ) ;
#6906 = CYLINDRICAL_SURFACE ( 'NONE', #4989, 10.00000000000001421 ) ;
#6907 = COLOUR_RGB ( '',0.7921568627450980005, 0.8196078431372548767, 0.9333333333333333481 ) ;
#6908 = CARTESIAN_POINT ( 'NONE',  ( 0.000000000000000000, 6.000000000000388134, -1.465494392505291515E-14 ) ) ;
#6909 = AXIS2_PLACEMENT_3D ( 'NONE', #6887, #2659, #3987 ) ;
#6910 = CARTESIAN_POINT ( 'NONE',  ( 3.993772892649457570E-16, 0.000000000000000000, -3.000000000000006217 ) ) ;
#6911 = ORIENTED_EDGE ( 'NONE', *, *, #6884, .T. ) ;
#6912 = CARTESIAN_POINT ( 'NONE',  ( 6.368163355566236381E-16, 0.000000000000000000, 5.200000000000000178 ) ) ;
#6913 = VECTOR ( 'NONE', #6987, 999.9999999999998863 ) ;
#6914 = FACE_OUTER_BOUND ( 'NONE', #7054, .T. ) ;
#6915 = CIRCLE ( 'NONE', #5955, 6.000000000000000000 ) ;
#6916 = CARTESIAN_POINT ( 'NONE',  ( 0.000000000000000000, 0.000000000000000000, 10.00100000000001010 ) ) ;
#6917 = DIRECTION ( 'NONE',  ( 1.000000000000000000, 0.000000000000000000, 0.000000000000000000 ) ) ;
#6918 = ORIENTED_EDGE ( 'NONE', *, *, #7447, .T. ) ;
#6919 = AXIS2_PLACEMENT_3D ( 'NONE', #5593, #8146, #2324 ) ;
#6920 = FACE_OUTER_BOUND ( 'NONE', #5863, .T. ) ;
#6921 = CIRCLE ( 'NONE', #7605, 6.928203230275794766 ) ;
#6922 = ORIENTED_EDGE ( 'NONE', *, *, #680, .T. ) ;
#6923 = CARTESIAN_POINT ( 'NONE',  ( 0.000000000000000000, 0.000000000000000000, 0.000000000000000000 ) ) ;
#6924 = ORIENTED_EDGE ( 'NONE', *, *, #7634, .F. ) ;
#6925 = APPLICATION_PROTOCOL_DEFINITION ( 'draft international standard', 'automotive_design', 1998, #6686 ) ;
#6926 = CIRCLE ( 'NONE', #2314, 4.374999999999999112 ) ;
#6927 = EDGE_CURVE ( 'NONE', #6384, #8214, #7031, .T. ) ;
#6928 = CARTESIAN_POINT ( 'NONE',  ( 8.000000000000007105, -8.912771734987943617, 1.249999999999999334 ) ) ;
#6929 = CARTESIAN_POINT ( 'NONE',  ( -1.872933838790289629, 9.834047061028451608, -26.23884884627802805 ) ) ;
#6930 = ORIENTED_EDGE ( 'NONE', *, *, #4284, .T. ) ;
#6931 = AXIS2_PLACEMENT_3D ( 'NONE', #187, #2822, #2194 ) ;
#6932 = B_SPLINE_CURVE_WITH_KNOTS ( 'NONE', 3,
 ( #8196, #3012, #1655, #4251, #1082, #6103 ),
 .UNSPECIFIED., .F., .F.,
 ( 4, 2, 4 ),
 ( 0.001574028198292435092, 0.001866014659486734360, 0.002158001120681033412 ),
 .UNSPECIFIED. ) ;
#6933 = AXIS2_PLACEMENT_3D ( 'NONE', #5062, #1990, #7649 ) ;
#6934 = EDGE_LOOP ( 'NONE', ( #8279, #5978, #1315, #3587 ) ) ;
#6935 = AXIS2_PLACEMENT_3D ( 'NONE', #4721, #6032, #6673 ) ;
#6936 = ORIENTED_EDGE ( 'NONE', *, *, #2531, .F. ) ;
#6937 = CARTESIAN_POINT ( 'NONE',  ( 6.368163355566236381E-16, 11.00000000000000178, 5.200000000000000178 ) ) ;
#6938 = CARTESIAN_POINT ( 'NONE',  ( 9.999999999999998224, -4.298348979092942557, 10.00000000000000711 ) ) ;
#6939 = ORIENTED_EDGE ( 'NONE', *, *, #2002, .F. ) ;
#6940 = EDGE_CURVE ( 'NONE', #5615, #6824, #4730, .T. ) ;
#6941 = DIRECTION ( 'NONE',  ( -0.7071067811865465735, 8.659560562354946417E-17, -0.7071067811865485719 ) ) ;
#6942 = EDGE_LOOP ( 'NONE', ( #1581, #6743, #3001, #2293 ) ) ;
#6943 = CARTESIAN_POINT ( 'NONE',  ( 9.249887202391281704, 8.999984333669015513, -0.1661037837289330854 ) ) ;
#6944 = VERTEX_POINT ( 'NONE', #2084 ) ;
#6945 = CARTESIAN_POINT ( 'NONE',  ( 4.650373212660224631, 8.860185483737920364, -27.74935615997998539 ) ) ;
#6946 = EDGE_LOOP ( 'NONE', ( #281, #523, #265, #1975 ) ) ;
#6947 = EDGE_CURVE ( 'NONE', #4757, #5907, #2561, .T. ) ;
#6948 = UNCERTAINTY_MEASURE_WITH_UNIT (LENGTH_MEASURE( 1.000000000000000082E-05 ), #7979, 'distance_accuracy_value', 'NONE');
#6949 = CARTESIAN_POINT ( 'NONE',  ( 7.500000000000000000, 0.000000000000000000, 2.750000000000000000 ) ) ;
#6950 = CARTESIAN_POINT ( 'NONE',  ( 4.907477288111819824, 8.900000000000002132, 8.500000000000007105 ) ) ;
#6951 = CARTESIAN_POINT ( 'NONE',  ( -9.944276592730222575, 1.056876631104431752, -44.20586840291450414 ) ) ;
#6952 = DIRECTION ( 'NONE',  ( -0.000000000000000000, -0.000000000000000000, -1.000000000000000000 ) ) ;
#6953 = CARTESIAN_POINT ( 'NONE',  ( 6.907999262351879111, -5.465916384030323094, 0.6297053860837523720 ) ) ;
#6954 = B_SPLINE_CURVE_WITH_KNOTS ( 'NONE', 3,
 ( #6515, #8432, #1420, #7073, #5837, #7878 ),
 .UNSPECIFIED., .F., .F.,
 ( 4, 2, 4 ),
 ( 0.01531249414991319932, 0.01636646921343627020, 0.01742044427695934108 ),
 .UNSPECIFIED. ) ;
#6955 = CARTESIAN_POINT ( 'NONE',  ( 6.000000000000005329, -3.337024279537850687E-14, -9.000000000000000000 ) ) ;
#6956 = CARTESIAN_POINT ( 'NONE',  ( -0.5000000000000056621, 0.000000000000000000, 0.000000000000000000 ) ) ;
#6957 = FACE_OUTER_BOUND ( 'NONE', #1240, .T. ) ;
#6958 = ORIENTED_EDGE ( 'NONE', *, *, #776, .T. ) ;
#6959 = DIRECTION ( 'NONE',  ( 0.000000000000000000, 0.000000000000000000, -1.000000000000000000 ) ) ;
#6960 = DIRECTION ( 'NONE',  ( 1.000000000000000000, 1.719470254348916462E-30, -2.290883888735602091E-30 ) ) ;
#6961 = CARTESIAN_POINT ( 'NONE',  ( 2.717532093718058928, -5.936585613625560143, 0.2677896601459476278 ) ) ;
#6962 = CARTESIAN_POINT ( 'NONE',  ( 1.071108963213949839E-15, 9.000000000000001776, -40.00000000000004263 ) ) ;
#6963 = DIRECTION ( 'NONE',  ( 0.000000000000000000, -0.000000000000000000, 1.000000000000000000 ) ) ;
#6964 = ORIENTED_EDGE ( 'NONE', *, *, #3271, .T. ) ;
#6965 = DIRECTION ( 'NONE',  ( 0.000000000000000000, 0.000000000000000000, 1.000000000000000000 ) ) ;
#6966 = APPLICATION_CONTEXT ( 'automotive_design' ) ;
#6967 = VERTEX_POINT ( 'NONE', #7097 ) ;
#6968 = CARTESIAN_POINT ( 'NONE',  ( 10.66597969529813028, 2.982715186989428169, -5.500851540049427335 ) ) ;
#6969 = CARTESIAN_POINT ( 'NONE',  ( 28.99999999999999645, 1.871976999770114107E-14, -7.664213562373412891 ) ) ;
#6970 = CARTESIAN_POINT ( 'NONE',  ( 7.671522974658103067, -1.217030753791496167, -5.364039188337382136 ) ) ;
#6971 = VERTEX_POINT ( 'NONE', #1356 ) ;
#6972 = B_SPLINE_CURVE_WITH_KNOTS ( 'NONE', 3,
 ( #6610, #1993, #7344, #7172, #818, #7261, #4584, #7221, #4627, #1399, #120, #5222, #5929, #1440 ),
 .UNSPECIFIED., .F., .F.,
 ( 4, 2, 2, 2, 2, 2, 4 ),
 ( 0.03368878689436703711, 0.03476164128687263266, 0.03529806848312543044, 0.03556628208125182933, 0.03583449567937823516, 0.03690735007188383071, 0.03798020446438942627 ),
 .UNSPECIFIED. ) ;
#6973 = ORIENTED_EDGE ( 'NONE', *, *, #823, .F. ) ;
#6974 = ORIENTED_EDGE ( 'NONE', *, *, #6668, .F. ) ;
#6975 = CARTESIAN_POINT ( 'NONE',  ( 9.990873874607668625, -0.4941810285834224437, 7.237428480902329930 ) ) ;
#6976 = DIRECTION ( 'NONE',  ( 0.000000000000000000, 0.3683609257740505516, 0.9296828644020953547 ) ) ;
#6977 = LINE ( 'NONE', #1848, #7880 ) ;
#6978 = VECTOR ( 'NONE', #7233, 1000.000000000000000 ) ;
#6979 = EDGE_LOOP ( 'NONE', ( #2759, #5902, #4306, #3849 ) ) ;
#6980 = CARTESIAN_POINT ( 'NONE',  ( -8.919349679343978821, -1.204463418708949130, -44.05836748184430007 ) ) ;
#6981 = EDGE_LOOP ( 'NONE', ( #5082, #2596, #3166, #6290 ) ) ;
#6982 = CARTESIAN_POINT ( 'NONE',  ( 9.249934604015503936, 5.499985137277368707, 0.1641659921386909859 ) ) ;
#6983 = EDGE_CURVE ( 'NONE', #3584, #6614, #7818, .T. ) ;
#6984 = ORIENTED_EDGE ( 'NONE', *, *, #447, .T. ) ;
#6985 = ADVANCED_FACE ( 'NONE', ( #6541 ), #5815, .F. ) ;
#6986 = SURFACE_STYLE_FILL_AREA ( #8354 ) ;
#6987 = DIRECTION ( 'NONE',  ( 0.7071067811865321406, 1.727101704552199251E-15, -0.7071067811865628938 ) ) ;
#6988 = CARTESIAN_POINT ( 'NONE',  ( -10.00000000000000178, 0.1058989031603481262, -41.39999999999993463 ) ) ;
#6989 = CARTESIAN_POINT ( 'NONE',  ( -2.156813347000168690, -6.260316732982798449, 0.3073015595634509545 ) ) ;
#6990 = CARTESIAN_POINT ( 'NONE',  ( 2.333128873038050166, -9.870947060154165342, -1.630665926960132461 ) ) ;
#6991 = EDGE_CURVE ( 'NONE', #3842, #3622, #1253, .T. ) ;
#6992 = CARTESIAN_POINT ( 'NONE',  ( 0.000000000000000000, 0.000000000000000000, 36.00000000000000000 ) ) ;
#6993 = CARTESIAN_POINT ( 'NONE',  ( 10.00000000000000888, -3.337024279537851318E-14, -9.000000000000000000 ) ) ;
#6994 = ORIENTED_EDGE ( 'NONE', *, *, #4298, .F. ) ;
#6995 = LINE ( 'NONE', #3435, #7049 ) ;
#6996 = DIRECTION ( 'NONE',  ( -1.000000000000000000, -1.719470254348916462E-30, 2.290883888735602091E-30 ) ) ;
#6997 = EDGE_CURVE ( 'NONE', #7735, #5326, #4328, .T. ) ;
#6998 = EDGE_CURVE ( 'NONE', #5457, #5121, #5262, .T. ) ;
#6999 = CARTESIAN_POINT ( 'NONE',  ( 0.5395136826241626604, -7.194065129570580197, 0.5557300053808797990 ) ) ;
#7000 = DIRECTION ( 'NONE',  ( 0.000000000000000000, 0.000000000000000000, 1.000000000000000000 ) ) ;
#7001 = DIRECTION ( 'NONE',  ( -0.000000000000000000, -1.000000000000000000, -0.000000000000000000 ) ) ;
#7002 = DIRECTION ( 'NONE',  ( 0.000000000000000000, -0.000000000000000000, 1.000000000000000000 ) ) ;
#7003 = ORIENTED_EDGE ( 'NONE', *, *, #1512, .F. ) ;
#7004 = CONTEXT_DEPENDENT_SHAPE_REPRESENTATION ( #2660, #2654 ) ;
#7005 = CARTESIAN_POINT ( 'NONE',  ( 0.000000000000000000, 0.000000000000000000, -1.949999999999999067 ) ) ;
#7006 = CARTESIAN_POINT ( 'NONE',  ( 9.249939398591161321, -8.999991583138227114, 0.1637429294626205623 ) ) ;
#7007 = CARTESIAN_POINT ( 'NONE',  ( -2.326309258653759038, 9.735585976469916858, -26.38187213491680438 ) ) ;
#7008 = VERTEX_POINT ( 'NONE', #1997 ) ;
#7009 = ORIENTED_EDGE ( 'NONE', *, *, #8092, .T. ) ;
#7010 = VERTEX_POINT ( 'NONE', #4589 ) ;
#7011 = DIRECTION ( 'NONE',  ( 0.000000000000000000, 0.000000000000000000, 1.000000000000000000 ) ) ;
#7012 = VECTOR ( 'NONE', #239, 1000.000000000000000 ) ;
#7013 =( NAMED_UNIT ( * ) SI_UNIT ( $, .STERADIAN. ) SOLID_ANGLE_UNIT ( ) );
#7014 = FACE_OUTER_BOUND ( 'NONE', #8340, .T. ) ;
#7015 = DIRECTION ( 'NONE',  ( -0.000000000000000000, 1.000000000000000000, -0.000000000000000000 ) ) ;
#7016 = B_SPLINE_CURVE_WITH_KNOTS ( 'NONE', 3,
 ( #2238, #2923, #4996, #2450, #3133, #419, #501, #9, #6312, #459 ),
 .UNSPECIFIED., .F., .F.,
 ( 4, 2, 2, 2, 4 ),
 ( 2.325950921912735280E-07, 0.001877518990025891675, 0.003754805384959593231, 0.005632091779893294570, 0.007509378174826996342 ),
 .UNSPECIFIED. ) ;
#7017 = ORIENTED_EDGE ( 'NONE', *, *, #8392, .T. ) ;
#7018 = CARTESIAN_POINT ( 'NONE',  ( 8.940940884507302400, 8.962119114811041953, -0.8269023514361442118 ) ) ;
#7019 = EDGE_LOOP ( 'NONE', ( #5229, #7658, #7532, #6219 ) ) ;
#7020 = CARTESIAN_POINT ( 'NONE',  ( 27.95657358888078292, 6.500000000000328626, 1.427993982908323467 ) ) ;
#7021 = B_SPLINE_CURVE_WITH_KNOTS ( 'NONE', 3,
 ( #44, #7788, #5198, #6546, #3911, #7748, #1933, #1970, #6498, #7907, #4675, #5230, #2088, #1273, #5310, #657, #6617, #781, #5939, #3407 ),
 .UNSPECIFIED., .F., .F.,
 ( 4, 2, 2, 2, 2, 2, 2, 2, 2, 4 ),
 ( 0.003920891487174439811, 0.004410872159994489589, 0.004900852832814538498, 0.005390833505634588275, 0.005880814178454638053, 0.006125804514864661640, 0.006370794851274686962, 0.006860775524094735872, 0.007350756196914783915, 0.007840736869734831957 ),
 .UNSPECIFIED. ) ;
#7022 = ORIENTED_EDGE ( 'NONE', *, *, #2341, .F. ) ;
#7023 = CARTESIAN_POINT ( 'NONE',  ( 9.360795848123167673, 4.646763878952820725, -4.180051065447821124 ) ) ;
#7024 = DIRECTION ( 'NONE',  ( 3.469446951953609258E-16, 1.000000000000000000, 3.830269434956790853E-15 ) ) ;
#7025 = CARTESIAN_POINT ( 'NONE',  ( -8.891124610267681305, 1.398018291287759229, -42.19441906653813845 ) ) ;
#7026 = AXIS2_PLACEMENT_3D ( 'NONE', #4217, #4886, #1575 ) ;
#7027 = CARTESIAN_POINT ( 'NONE',  ( -9.998308514146271975, 0.2106800808988905926, -44.58952307812995031 ) ) ;
#7028 = CARTESIAN_POINT ( 'NONE',  ( 2.333128873038043949, 9.870947060154168895, 1.630665926960116252 ) ) ;
#7029 = PLANE ( 'NONE',  #5165 ) ;
#7030 = CYLINDRICAL_SURFACE ( 'NONE', #4846, 0.5000000000000000000 ) ;
#7031 = CIRCLE ( 'NONE', #8124, 0.5000000000000000000 ) ;
#7032 = DIRECTION ( 'NONE',  ( -0.000000000000000000, 0.000000000000000000, 1.000000000000000000 ) ) ;
#7033 = PLANE ( 'NONE',  #2840 ) ;
#7034 = ADVANCED_FACE ( 'NONE', ( #7178 ), #3953, .T. ) ;
#7035 = ORIENTED_EDGE ( 'NONE', *, *, #1424, .F. ) ;
#7036 = CARTESIAN_POINT ( 'NONE',  ( 2.079195108334232600, 9.781473649016776406, 0.3294552131681354190 ) ) ;
#7037 = EDGE_CURVE ( 'NONE', #4140, #960, #4799, .T. ) ;
#7038 = CARTESIAN_POINT ( 'NONE',  ( 13.00000000000001066, -2.106648189226238006E-14, -5.500000000000006217 ) ) ;
#7039 = AXIS2_PLACEMENT_3D ( 'NONE', #2587, #7128, #6450 ) ;
#7040 = EDGE_CURVE ( 'NONE', #3406, #7521, #3518, .T. ) ;
#7041 = DIRECTION ( 'NONE',  ( 0.000000000000000000, 1.000000000000000000, 0.000000000000000000 ) ) ;
#7042 = ADVANCED_FACE ( 'NONE', ( #6702 ), #4840, .T. ) ;
#7043 = TOROIDAL_SURFACE ( 'NONE', #6909, 6.300000000000000711, 0.1999999999999996503 ) ;
#7044 = DIRECTION ( 'NONE',  ( 1.000000000000000000, 2.536951011547150738E-31, 2.465190328815656637E-31 ) ) ;
#7045 = CIRCLE ( 'NONE', #8138, 4.000000000000005329 ) ;
#7046 = DIRECTION ( 'NONE',  ( 0.000000000000000000, 1.000000000000000000, 0.000000000000000000 ) ) ;
#7047 = AXIS2_PLACEMENT_3D ( 'NONE', #8142, #4240, #2448 ) ;
#7048 = ORIENTED_EDGE ( 'NONE', *, *, #4298, .T. ) ;
#7049 = VECTOR ( 'NONE', #715, 1000.000000000000000 ) ;
#7050 = CYLINDRICAL_SURFACE ( 'NONE', #848, 7.000000000000000000 ) ;
#7051 = EDGE_CURVE ( 'NONE', #3721, #6384, #6742, .T. ) ;
#7052 = CARTESIAN_POINT ( 'NONE',  ( 8.999212547000825069, -8.967875750390296830, 0.7685075875213271956 ) ) ;
#7053 = CARTESIAN_POINT ( 'NONE',  ( 6.908816695784845585, -0.6315744775026622682, -5.465745376730146710 ) ) ;
#7054 = EDGE_LOOP ( 'NONE', ( #1100, #4430, #2503, #4353 ) ) ;
#7055 = VECTOR ( 'NONE', #1257, 1000.000000000000000 ) ;
#7056 = CIRCLE ( 'NONE', #6642, 5.200000000000000178 ) ;
#7057 = ORIENTED_EDGE ( 'NONE', *, *, #6825, .T. ) ;
#7058 = CONICAL_SURFACE ( 'NONE', #6785, 3.400000000000134914, 1.047197551196595411 ) ;
#7059 = ORIENTED_EDGE ( 'NONE', *, *, #3533, .F. ) ;
#7060 = CYLINDRICAL_SURFACE ( 'NONE', #4321, 1.249999999999999334 ) ;
#7061 =( NAMED_UNIT ( * ) PLANE_ANGLE_UNIT ( ) SI_UNIT ( $, .RADIAN. ) );
#7062 = AXIS2_PLACEMENT_3D ( 'NONE', #1722, #6268, #2311 ) ;
#7063 = DIRECTION ( 'NONE',  ( -1.000000000000000000, -1.719470254348916462E-30, 2.290883888735602091E-30 ) ) ;
#7064 = AXIS2_PLACEMENT_3D ( 'NONE', #5367, #5541, #7331 ) ;
#7065 = EDGE_LOOP ( 'NONE', ( #6306, #6580, #5973, #2837 ) ) ;
#7066 = DIRECTION ( 'NONE',  ( -1.000000000000000000, -2.536951011547150738E-31, -2.465190328815656637E-31 ) ) ;
#7067 = ORIENTED_EDGE ( 'NONE', *, *, #2826, .F. ) ;
#7068 = CARTESIAN_POINT ( 'NONE',  ( 27.74155545567343140, 6.500000000000324185, -0.3524600380985021264 ) ) ;
#7069 = EDGE_LOOP ( 'NONE', ( #2382, #3714, #3041, #7526, #1236, #7745 ) ) ;
#7070 = CARTESIAN_POINT ( 'NONE',  ( 36.00000000000000711, -6.500000000000472511, 1.587618925214073565E-14 ) ) ;
#7071 = AXIS2_PLACEMENT_3D ( 'NONE', #952, #1436, #2749 ) ;
#7072 = CARTESIAN_POINT ( 'NONE',  ( -3.323417653124999926, 0.000000000000000000, 4.000000000000000000 ) ) ;
#7073 = CARTESIAN_POINT ( 'NONE',  ( 28.68165661297826574, 6.500000000000334843, 3.434800326665722103 ) ) ;
#7074 = CARTESIAN_POINT ( 'NONE',  ( 0.000000000000000000, -4.000000000000210498, 9.769962616701863494E-15 ) ) ;
#7075 = CIRCLE ( 'NONE', #815, 9.000000000000000000 ) ;
#7076 = EDGE_CURVE ( 'NONE', #1134, #3080, #356, .T. ) ;
#7077 = CARTESIAN_POINT ( 'NONE',  ( 13.00000000000001066, 0.000000000000000000, 0.000000000000000000 ) ) ;
#7078 = VERTEX_POINT ( 'NONE', #2210 ) ;
#7079 = CARTESIAN_POINT ( 'NONE',  ( 9.646620106783037940, 2.644812533696889734, -6.754581256146916068 ) ) ;
#7080 = DIRECTION ( 'NONE',  ( 0.000000000000000000, -0.000000000000000000, 1.000000000000000000 ) ) ;
#7081 = CARTESIAN_POINT ( 'NONE',  ( -0.3290076722161520140, 0.9647478702598051292, -1.129768394848849056 ) ) ;
#7082 = VECTOR ( 'NONE', #6996, 1000.000000000000000 ) ;
#7083 = AXIS2_PLACEMENT_3D ( 'NONE', #3365, #1316, #832 ) ;
#7084 = LINE ( 'NONE', #7724, #1666 ) ;
#7085 = FACE_OUTER_BOUND ( 'NONE', #3998, .T. ) ;
#7086 = CARTESIAN_POINT ( 'NONE',  ( 7.918368437196813936, 8.912771734987947170, -1.249999999999999556 ) ) ;
#7087 = LINE ( 'NONE', #6002, #7055 ) ;
#7088 = SHAPE_REPRESENTATION ( '\X2\0413041e04210422\X0\ ISO 7380-1-2014_\X2\04120438043d0442\X0\ \X2\0441\X0\ \X2\043f043e043b0443043a044004430433043b043e0439\X0\ \X2\0433043e043b043e0432043a043e0439\X0\ \X2\0438\X0\ \X2\04480435044104420438043304400430043d043d044b043c\X0\ \X2\04430433043b04430431043b0435043d04380435043c\X0\ \X2\0413041e04210422\X0\ ISO 7380-1 - M3x6', ( #1795 ), #6543 ) ;
#7089 = CARTESIAN_POINT ( 'NONE',  ( 36.00000000000000711, -1.020811428674705332E-14, 4.400000000000182432 ) ) ;
#7090 = EDGE_CURVE ( 'NONE', #4296, #4041, #7347, .T. ) ;
#7091 =( NAMED_UNIT ( * ) SI_UNIT ( $, .STERADIAN. ) SOLID_ANGLE_UNIT ( ) );
#7092 = EDGE_CURVE ( 'NONE', #7785, #578, #3892, .T. ) ;
#7093 = EDGE_LOOP ( 'NONE', ( #8289, #2895, #6466, #210, #7694, #7652, #7147, #1543, #5861, #3670, #5414, #4966 ) ) ;
#7094 = ITEM_DEFINED_TRANSFORMATION ( 'NONE', 'NONE', #5730,  #4235 ) ;
#7095 = CARTESIAN_POINT ( 'NONE',  ( -9.000000000000000000, 0.000000000000000000, -41.39999999999992752 ) ) ;
#7096 = CARTESIAN_POINT ( 'NONE',  ( 8.767395460688467423, -8.944995524654624219, -1.000386996925840544 ) ) ;
#7097 = CARTESIAN_POINT ( 'NONE',  ( 4.500000000000000888, 0.000000000000000000, -88.99999999999997158 ) ) ;
#7098 = EDGE_LOOP ( 'NONE', ( #1882, #7695, #7519, #1836 ) ) ;
#7099 = EDGE_CURVE ( 'NONE', #3402, #824, #5306, .T. ) ;
#7100 = ORIENTED_EDGE ( 'NONE', *, *, #4915, .T. ) ;
#7101 = ORIENTED_EDGE ( 'NONE', *, *, #5588, .F. ) ;
#7102 = LINE ( 'NONE', #3325, #3902 ) ;
#7103 = DIRECTION ( 'NONE',  ( 0.000000000000000000, 0.000000000000000000, 1.000000000000000444 ) ) ;
#7104 = CIRCLE ( 'NONE', #7490, 8.000000000000000000 ) ;
#7105 = ORIENTED_EDGE ( 'NONE', *, *, #3453, .F. ) ;
#7106 = CARTESIAN_POINT ( 'NONE',  ( 8.628737587928052122, 8.933657903276811751, -1.092567377224694214 ) ) ;
#7107 = ORIENTED_EDGE ( 'NONE', *, *, #4453, .T. ) ;
#7108 = CARTESIAN_POINT ( 'NONE',  ( 0.000000000000000000, 0.000000000000000000, 0.000000000000000000 ) ) ;
#7109 = VERTEX_POINT ( 'NONE', #1663 ) ;
#7110 = CARTESIAN_POINT ( 'NONE',  ( 9.305009835822522390, 4.614446482040407638, -4.215562761399803016 ) ) ;
#7111 = UNCERTAINTY_MEASURE_WITH_UNIT (LENGTH_MEASURE( 1.000000000000000082E-05 ), #386, 'distance_accuracy_value', 'NONE');
#7112 = EDGE_CURVE ( 'NONE', #1960, #6336, #7848, .T. ) ;
#7113 = CIRCLE ( 'NONE', #5214, 7.500000000000009770 ) ;
#7114 = FILL_AREA_STYLE ('',( #7760 ) ) ;
#7115 = DIRECTION ( 'NONE',  ( -0.4999999999999998335, 0.000000000000000000, -0.8660254037844387076 ) ) ;
#7116 = DIRECTION ( 'NONE',  ( 0.000000000000000000, 0.000000000000000000, 1.000000000000000000 ) ) ;
#7117 = CLOSED_SHELL ( 'NONE', ( #1325, #5879, #2029, #1651, #4463, #2427 ) ) ;
#7118 = CARTESIAN_POINT ( 'NONE',  ( 7.092311235614528364, 7.050108686614056097, -1.708138845118978955 ) ) ;
#7119 = CARTESIAN_POINT ( 'NONE',  ( 0.000000000000000000, 0.000000000000000000, 0.000000000000000000 ) ) ;
#7120 = FACE_OUTER_BOUND ( 'NONE', #722, .T. ) ;
#7121 = CARTESIAN_POINT ( 'NONE',  ( -2.050000000000000711, 2.000000000000000000, 2.049999999999999822 ) ) ;
#7122 = CARTESIAN_POINT ( 'NONE',  ( -2.099168659438524944E-29, 4.500000000000173195, 8.500000000000341061 ) ) ;
#7123 = EDGE_CURVE ( 'NONE', #728, #7785, #959, .T. ) ;
#7124 = DIRECTION ( 'NONE',  ( 1.000000000000000000, 0.000000000000000000, 0.000000000000000000 ) ) ;
#7125 = CARTESIAN_POINT ( 'NONE',  ( 8.769156716617260372, 0.9986884523698916771, -8.945166274219513269 ) ) ;
#7126 = AXIS2_PLACEMENT_3D ( 'NONE', #4576, #716, #6601 ) ;
#7127 = PLANE ( 'NONE',  #3408 ) ;
#7128 = DIRECTION ( 'NONE',  ( 1.000000000000000000, 1.719470254348916462E-30, -2.290883888735602091E-30 ) ) ;
#7129 = ORIENTED_EDGE ( 'NONE', *, *, #5783, .F. ) ;
#7130 = PRODUCT_CONTEXT ( 'NONE', #6091, 'mechanical' ) ;
#7131 = DIRECTION ( 'NONE',  ( 0.000000000000000000, 0.000000000000000000, 1.000000000000000000 ) ) ;
#7132 = ADVANCED_BREP_SHAPE_REPRESENTATION ( '', ( #6031, #1795 ), #4085 ) ;
#7133 = EDGE_CURVE ( 'NONE', #3970, #5567, #1332, .T. ) ;
#7134 = CARTESIAN_POINT ( 'NONE',  ( 6.500000000000000888, -3.752776749732612327, 3.315247287287366618 ) ) ;
#7135 = CARTESIAN_POINT ( 'NONE',  ( 36.00000000000000711, 9.860761315262661020E-29, -6.894829200906304354E-29 ) ) ;
#7136 = ORIENTED_EDGE ( 'NONE', *, *, #2519, .T. ) ;
#7137 = ORIENTED_EDGE ( 'NONE', *, *, #747, .T. ) ;
#7138 = ORIENTED_EDGE ( 'NONE', *, *, #5547, .F. ) ;
#7139 = PRODUCT_DEFINITION_SHAPE ( 'NONE', 'NONE',  #8443 ) ;
#7140 = CARTESIAN_POINT ( 'NONE',  ( -2.050000000000000711, 9.000000000000001776, -2.049999999999999822 ) ) ;
#7141 = DIRECTION ( 'NONE',  ( 0.000000000000000000, 0.000000000000000000, 1.000000000000000000 ) ) ;
#7142 = ADVANCED_FACE ( 'NONE', ( #6831 ), #7302, .F. ) ;
#7143 = ORIENTED_EDGE ( 'NONE', *, *, #831, .F. ) ;
#7144 = EDGE_CURVE ( 'NONE', #3678, #3402, #6788, .T. ) ;
#7145 = DIRECTION ( 'NONE',  ( 2.290883888735597887E-30, 2.442490654175333739E-15, 1.000000000000000000 ) ) ;
#7146 = CARTESIAN_POINT ( 'NONE',  ( 8.000000000000007105, -5.356071321407137376, -1.249999999999999334 ) ) ;
#7147 = ORIENTED_EDGE ( 'NONE', *, *, #7506, .T. ) ;
#7148 = CARTESIAN_POINT ( 'NONE',  ( 8.998958286088898362, 5.447253498759963897, 0.7687574945206819832 ) ) ;
#7149 = ORIENTED_EDGE ( 'NONE', *, *, #2430, .T. ) ;
#7150 = DIRECTION ( 'NONE',  ( 1.898196553187937393E-30, 1.000000000000000000, -2.442490654175333739E-15 ) ) ;
#7151 = FACE_OUTER_BOUND ( 'NONE', #4844, .T. ) ;
#7152 = SURFACE_STYLE_FILL_AREA ( #7114 ) ;
#7153 = CARTESIAN_POINT ( 'NONE',  ( -2.156813347000170022, -6.260316732982798449, 3.692698440436551710 ) ) ;
#7154 = ADVANCED_FACE ( 'NONE', ( #1483 ), #4073, .F. ) ;
#7155 = DIRECTION ( 'NONE',  ( -1.000000000000000000, -0.000000000000000000, -0.000000000000000000 ) ) ;
#7156 = ADVANCED_FACE ( 'NONE', ( #165 ), #2799, .F. ) ;
#7157 = CARTESIAN_POINT ( 'NONE',  ( 6.942125823466714252, 7.199061161689231270, 0.9869265551024282157 ) ) ;
#7158 = CONICAL_SURFACE ( 'NONE', #3507, 9.500000000000012434, 0.7853981633974482790 ) ;
#7159 = DIRECTION ( 'NONE',  ( -2.469610187574633181E-30, -2.442490654175355433E-15, 1.000000000000000000 ) ) ;
#7160 = DIRECTION ( 'NONE',  ( 1.000000000000000000, 0.000000000000000000, 0.000000000000000000 ) ) ;
#7161 = EDGE_CURVE ( 'NONE', #5326, #7735, #1194, .T. ) ;
#7162 = LINE ( 'NONE', #7335, #5357 ) ;
#7163 = B_SPLINE_CURVE_WITH_KNOTS ( 'NONE', 3,
 ( #3383, #7804, #5963, #631 ),
 .UNSPECIFIED., .F., .F.,
 ( 4, 4 ),
 ( 0.02895711446831349123, 0.03035785362582675562 ),
 .UNSPECIFIED. ) ;
#7164 = CARTESIAN_POINT ( 'NONE',  ( 0.000000000000000000, 4.500000000000000888, -88.99999999999997158 ) ) ;
#7165 = AXIS2_PLACEMENT_3D ( 'NONE', #6025, #2803, #7987 ) ;
#7166 = CARTESIAN_POINT ( 'NONE',  ( -2.050000000000000711, 9.000000000000001776, 1.549999999999999822 ) ) ;
#7167 = CIRCLE ( 'NONE', #7437, 2.850000000000000089 ) ;
#7168 = PRODUCT_RELATED_PRODUCT_CATEGORY ( 'part', '', ( #7216 ) ) ;
#7169 = CARTESIAN_POINT ( 'NONE',  ( -4.000000000000003553, -6.000000000000392575, 1.465494392505297195E-14 ) ) ;
#7170 = CARTESIAN_POINT ( 'NONE',  ( -4.000000000000003553, -8.500000000000087041, -17.00000000000006395 ) ) ;
#7171 = ORIENTED_EDGE ( 'NONE', *, *, #8111, .T. ) ;
#7172 = CARTESIAN_POINT ( 'NONE',  ( 27.82594117906706543, -6.500000000000474287, -0.8920364522108978900 ) ) ;
#7173 = AXIS2_PLACEMENT_3D ( 'NONE', #5475, #7342, #5376 ) ;
#7174 = APPLICATION_CONTEXT ( 'automotive_design' ) ;
#7175 = PRESENTATION_STYLE_ASSIGNMENT (( #6057 ) ) ;
#7176 = AXIS2_PLACEMENT_3D ( 'NONE', #3298, #2685, #2063 ) ;
#7177 = CARTESIAN_POINT ( 'NONE',  ( 0.5395136826241607730, -7.194065129570580197, 3.444269994619118425 ) ) ;
#7178 = FACE_OUTER_BOUND ( 'NONE', #2290, .T. ) ;
#7179 = EDGE_LOOP ( 'NONE', ( #4900, #6296 ) ) ;
#7180 = AXIS2_PLACEMENT_3D ( 'NONE', #3570, #7932, #2107 ) ;
#7181 = ORIENTED_EDGE ( 'NONE', *, *, #2528, .F. ) ;
#7182 = ORIENTED_EDGE ( 'NONE', *, *, #3513, .F. ) ;
#7183 = DIRECTION ( 'NONE',  ( -0.000000000000000000, -1.000000000000000000, -0.000000000000000000 ) ) ;
#7184 = EDGE_CURVE ( 'NONE', #1458, #2252, #8164, .T. ) ;
#7185 = AXIS2_PLACEMENT_3D ( 'NONE', #2529, #674, #1287 ) ;
#7186 = VECTOR ( 'NONE', #6711, 1000.000000000000000 ) ;
#7187 = CARTESIAN_POINT ( 'NONE',  ( 2.740925260994797164, 9.681097457264522532, -2.520816398081613841 ) ) ;
#7188 = ORIENTED_EDGE ( 'NONE', *, *, #3785, .F. ) ;
#7189 = AXIS2_PLACEMENT_3D ( 'NONE', #3343, #2744, #6006 ) ;
#7190 = LINE ( 'NONE', #1368, #1944 ) ;
#7191 = CARTESIAN_POINT ( 'NONE',  ( 8.998698363029912883, -5.447197246222761358, -0.7691931133095817330 ) ) ;
#7192 = EDGE_LOOP ( 'NONE', ( #3954, #7511, #4938, #6847 ) ) ;
#7193 = DIRECTION ( 'NONE',  ( -0.000000000000000000, -1.000000000000000000, -0.000000000000000000 ) ) ;
#7194 = EDGE_CURVE ( 'NONE', #970, #2494, #1891, .T. ) ;
#7195 = EDGE_LOOP ( 'NONE', ( #4772, #671, #6298, #1018 ) ) ;
#7196 = LINE ( 'NONE', #742, #6882 ) ;
#7197 = EDGE_CURVE ( 'NONE', #2549, #6195, #3912, .T. ) ;
#7198 = DIRECTION ( 'NONE',  ( -0.000000000000000000, -0.000000000000000000, -1.000000000000000000 ) ) ;
#7199 = EDGE_LOOP ( 'NONE', ( #5938, #6430, #7269, #3418 ) ) ;
#7200 = CIRCLE ( 'NONE', #8291, 3.999999999999984457 ) ;
#7201 = AXIS2_PLACEMENT_3D ( 'NONE', #7164, #5293, #717 ) ;
#7202 = EDGE_CURVE ( 'NONE', #3126, #6119, #6076, .T. ) ;
#7203 = CARTESIAN_POINT ( 'NONE',  ( -6.500000000000001776, -2.505056633915269337, 3.549513190593623246 ) ) ;
#7204 = ADVANCED_FACE ( 'NONE', ( #2377 ), #8285, .T. ) ;
#7205 = AXIS2_PLACEMENT_3D ( 'NONE', #547, #3174, #3254 ) ;
#7206 = PLANE ( 'NONE',  #5964 ) ;
#7207 = DIRECTION ( 'NONE',  ( 1.000000000000000000, 2.536951011547150738E-31, 2.465190328815656637E-31 ) ) ;
#7208 = CIRCLE ( 'NONE', #2720, 6.500000000000008882 ) ;
#7209 = EDGE_CURVE ( 'NONE', #4184, #4947, #7167, .T. ) ;
#7210 = AXIS2_PLACEMENT_3D ( 'NONE', #4399, #6976, #3756 ) ;
#7211 = DIRECTION ( 'NONE',  ( 1.000000000000000000, 2.536951011547129719E-31, -2.958228394578789015E-31 ) ) ;
#7212 = CARTESIAN_POINT ( 'NONE',  ( 6.750000000000007994, -2.039367854082312820E-14, -5.500000000000000000 ) ) ;
#7213 = DIRECTION ( 'NONE',  ( 1.000000000000000000, 1.719470254348916462E-30, -2.290883888735602091E-30 ) ) ;
#7214 = CARTESIAN_POINT ( 'NONE',  ( 0.000000000000000000, 0.000000000000000000, 0.000000000000000000 ) ) ;
#7215 = CARTESIAN_POINT ( 'NONE',  ( 6.000000000000000000, 0.000000000000000000, 3.000000000000000000 ) ) ;
#7216 = PRODUCT ( '000401.30.11 \X2\041e0431043c043e0442043a0430\X0\_0..20', '000401.30.11 \X2\041e0431043c043e0442043a0430\X0\_0..20', '', ( #6164 ) ) ;
#7217 = CARTESIAN_POINT ( 'NONE',  ( 0.000000000000000000, 9.000000000000000000, -26.00000000000002132 ) ) ;
#7218 = DIRECTION ( 'NONE',  ( 0.000000000000000000, -0.000000000000000000, 1.000000000000000000 ) ) ;
#7219 = AXIS2_PLACEMENT_3D ( 'NONE', #3913, #7749, #4522 ) ;
#7220 = EDGE_LOOP ( 'NONE', ( #5948, #2013, #1667, #3367 ) ) ;
#7221 = CARTESIAN_POINT ( 'NONE',  ( 27.72843607819891076, -6.500000000000473399, -0.1690767753876953050 ) ) ;
#7222 = AXIS2_PLACEMENT_3D ( 'NONE', #1166, #3772, #5761 ) ;
#7223 = CARTESIAN_POINT ( 'NONE',  ( 3.802141827538310093, -5.310385891838749650, 3.731303807179124021 ) ) ;
#7224 = DIRECTION ( 'NONE',  ( 0.000000000000000000, 0.000000000000000000, 1.000000000000000000 ) ) ;
#7225 = ORIENTED_EDGE ( 'NONE', *, *, #2341, .T. ) ;
#7226 = LINE ( 'NONE', #5209, #3127 ) ;
#7227 = ORIENTED_EDGE ( 'NONE', *, *, #621, .F. ) ;
#7228 = EDGE_LOOP ( 'NONE', ( #2392, #3206, #4842, #7260, #2232, #8041 ) ) ;
#7229 = DIRECTION ( 'NONE',  ( -1.000000000000000000, -1.719470254348916462E-30, 2.290883888735602091E-30 ) ) ;
#7230 = B_SPLINE_CURVE_WITH_KNOTS ( 'NONE', 3,
 ( #7134, #5303, #3400, #7783, #7223, #7301, #3355, #690, #7177, #6612 ),
 .UNSPECIFIED., .F., .F.,
 ( 4, 2, 2, 2, 4 ),
 ( 2.325950922188713172E-07, 0.001877518990025913576, 0.003754805384959607976, 0.005632091779893302376, 0.007509378174826997210 ),
 .UNSPECIFIED. ) ;
#7231 = DIRECTION ( 'NONE',  ( 0.000000000000000000, 0.000000000000000000, 0.9999999999999997780 ) ) ;
#7232 = ADVANCED_FACE ( 'NONE', ( #6324 ), #4596, .F. ) ;
#7233 = DIRECTION ( 'NONE',  ( -1.000000000000000000, -2.536951011547150738E-31, -2.465190328815656637E-31 ) ) ;
#7234 = EDGE_LOOP ( 'NONE', ( #3159, #4484 ) ) ;
#7235 = CARTESIAN_POINT ( 'NONE',  ( 35.50000000000000711, 9.244463733058828504E-29, -6.933347799794035619E-29 ) ) ;
#7236 = DIRECTION ( 'NONE',  ( -0.000000000000000000, 1.000000000000000000, -0.000000000000000000 ) ) ;
#7237 = EDGE_LOOP ( 'NONE', ( #5642, #222, #6342, #6745, #7477 ) ) ;
#7238 = CYLINDRICAL_SURFACE ( 'NONE', #5172, 3.000000000000000000 ) ;
#7239 = PRODUCT_DEFINITION ( 'UNKNOWN', '', #1390, #5665 ) ;
#7240 = VERTEX_POINT ( 'NONE', #7600 ) ;
#7241 = CARTESIAN_POINT ( 'NONE',  ( 0.000000000000000000, 8.500000000000024869, 4.013726448077931330 ) ) ;
#7242 = SURFACE_SIDE_STYLE ('',( #1896 ) ) ;
#7243 = ORIENTED_EDGE ( 'NONE', *, *, #7311, .F. ) ;
#7244 = DIRECTION ( 'NONE',  ( 2.469610187574633181E-30, 2.442490654175355433E-15, -1.000000000000000000 ) ) ;
#7245 = CARTESIAN_POINT ( 'NONE',  ( 0.3838247288606628782, -8.500000000000135003, -4.857457902254440185 ) ) ;
#7246 = FACE_OUTER_BOUND ( 'NONE', #2992, .T. ) ;
#7247 = EDGE_CURVE ( 'NONE', #40, #4529, #4, .T. ) ;
#7248 = CARTESIAN_POINT ( 'NONE',  ( -1.500000000000000000, 1.836970198721029934E-16, -1.949999999999999067 ) ) ;
#7249 = LINE ( 'NONE', #5882, #3669 ) ;
#7250 = EDGE_CURVE ( 'NONE', #1416, #212, #2889, .T. ) ;
#7251 = PLANE ( 'NONE',  #4287 ) ;
#7252 = VECTOR ( 'NONE', #5858, 1000.000000000000000 ) ;
#7253 = DIRECTION ( 'NONE',  ( 0.000000000000000000, 0.000000000000000000, 1.000000000000000000 ) ) ;
#7254 = CARTESIAN_POINT ( 'NONE',  ( 6.000000000000000000, 0.000000000000000000, 0.000000000000000000 ) ) ;
#7255 = DIRECTION ( 'NONE',  ( 1.000000000000000000, -3.614007241618317709E-17, -2.204355216680804521E-30 ) ) ;
#7256 = CARTESIAN_POINT ( 'NONE',  ( 30.10841247531915243, -6.500000000000485834, -5.051418627546315321 ) ) ;
#7257 = CARTESIAN_POINT ( 'NONE',  ( 8.328641001735013205, 1.216962214409104348, 5.364053887456512015 ) ) ;
#7258 = ADVANCED_BREP_SHAPE_REPRESENTATION ( '', ( #3335, #1795 ), #4245 ) ;
#7259 = CARTESIAN_POINT ( 'NONE',  ( 1.627025617018330893E-30, 2.106648189226238006E-14, 5.500000000000006217 ) ) ;
#7260 = ORIENTED_EDGE ( 'NONE', *, *, #3317, .F. ) ;
#7261 = CARTESIAN_POINT ( 'NONE',  ( 27.75143945926068767, -6.500000000000473399, -0.4433710547776641975 ) ) ;
#7262 = DIRECTION ( 'NONE',  ( 0.000000000000000000, 0.000000000000000000, 1.000000000000000000 ) ) ;
#7263 = CARTESIAN_POINT ( 'NONE',  ( 0.000000000000000000, 0.000000000000000000, 1.051582346875002294 ) ) ;
#7264 = ORIENTED_EDGE ( 'NONE', *, *, #8253, .T. ) ;
#7265 = ORIENTED_EDGE ( 'NONE', *, *, #5883, .T. ) ;
#7266 = ORIENTED_EDGE ( 'NONE', *, *, #1288, .F. ) ;
#7267 = CARTESIAN_POINT ( 'NONE',  ( 8.327513500750459485, 1.217382155429731050, 8.917509435411430374 ) ) ;
#7268 =( NAMED_UNIT ( * ) SI_UNIT ( $, .STERADIAN. ) SOLID_ANGLE_UNIT ( ) );
#7269 = ORIENTED_EDGE ( 'NONE', *, *, #1052, .T. ) ;
#7270 = DIRECTION ( 'NONE',  ( -2.290574811757063663E-30, -2.442490654175333345E-15, -1.000000000000000000 ) ) ;
#7271 = CARTESIAN_POINT ( 'NONE',  ( 0.5000000000000000000, 3.673940397442059868E-16, -3.000000000000000000 ) ) ;
#7272 = ORIENTED_EDGE ( 'NONE', *, *, #403, .T. ) ;
#7273 = LINE ( 'NONE', #1371, #3945 ) ;
#7274 = ORIENTED_EDGE ( 'NONE', *, *, #2887, .F. ) ;
#7275 = CARTESIAN_POINT ( 'NONE',  ( -12.00000000000000000, 0.000000000000000000, 0.000000000000000000 ) ) ;
#7276 = CARTESIAN_POINT ( 'NONE',  ( 0.000000000000000000, 0.000000000000000000, 0.000000000000000000 ) ) ;
#7277 =( LENGTH_UNIT ( ) NAMED_UNIT ( * ) SI_UNIT ( .MILLI., .METRE. ) );
#7278 = ORIENTED_EDGE ( 'NONE', *, *, #7463, .T. ) ;
#7279 = CARTESIAN_POINT ( 'NONE',  ( -0.5380700331289273164, -7.194898620995267891, 3.443924751166891784 ) ) ;
#7280 = PRODUCT ( '000401.30.10 \X2\041204420443043b043a0430\X0\_0..20', '000401.30.10 \X2\041204420443043b043a0430\X0\_0..20', '', ( #4933 ) ) ;
#7281 = CARTESIAN_POINT ( 'NONE',  ( 102.0000000000000142, 0.000000000000000000, 0.000000000000000000 ) ) ;
#7282 = CARTESIAN_POINT ( 'NONE',  ( 2.567708720541887590, 8.628810347913429268, -26.48386406709063934 ) ) ;
#7283 = DIRECTION ( 'NONE',  ( -0.7071067811865465735, 0.000000000000000000, 0.7071067811865485719 ) ) ;
#7284 = ADVANCED_FACE ( 'NONE', ( #845 ), #4145, .F. ) ;
#7285 = APPLICATION_CONTEXT ( 'automotive_design' ) ;
#7286 = FACE_OUTER_BOUND ( 'NONE', #5490, .T. ) ;
#7287 = CIRCLE ( 'NONE', #740, 6.300000000000007816 ) ;
#7288 = CARTESIAN_POINT ( 'NONE',  ( 7.834318922608305868, 1.249999999999980904, -5.356071321407141816 ) ) ;
#7289 = CARTESIAN_POINT ( 'NONE',  ( 30.41421356237311713, 6.500000000000384581, -5.080600358225544788 ) ) ;
#7290 = DIRECTION ( 'NONE',  ( 3.838060185729725088E-16, 1.000000000000000000, 3.830269434956791642E-15 ) ) ;
#7291 = CARTESIAN_POINT ( 'NONE',  ( 6.749999999999998224, 0.000000000000000000, 2.250000000000000000 ) ) ;
#7292 = AXIS2_PLACEMENT_3D ( 'NONE', #7941, #36, #6540 ) ;
#7293 = CARTESIAN_POINT ( 'NONE',  ( -5.285938920912402139, 7.286208218621607280, -28.40580495523067484 ) ) ;
#7294 = CARTESIAN_POINT ( 'NONE',  ( 7.370043471025690351, -1.092025268213758116, 8.933727327608611546 ) ) ;
#7295 = CARTESIAN_POINT ( 'NONE',  ( -2.037428404749157503E-29, -2.015054789694752522E-14, 8.250000000000344613 ) ) ;
#7296 = ORIENTED_EDGE ( 'NONE', *, *, #4510, .T. ) ;
#7297 = DIRECTION ( 'NONE',  ( 1.000000000000000000, 0.000000000000000000, 0.000000000000000000 ) ) ;
#7298 = CIRCLE ( 'NONE', #5673, 10.00000000000000000 ) ;
#7299 = FILL_AREA_STYLE ('',( #4706 ) ) ;
#7300 = EDGE_CURVE ( 'NONE', #322, #3900, #6242, .T. ) ;
#7301 = CARTESIAN_POINT ( 'NONE',  ( 2.717532093718058928, -5.936585613625558366, 3.732210339854054482 ) ) ;
#7302 = PLANE ( 'NONE',  #495 ) ;
#7303 = ORIENTED_EDGE ( 'NONE', *, *, #7051, .T. ) ;
#7304 = EDGE_LOOP ( 'NONE', ( #4970, #3649 ) ) ;
#7305 = VECTOR ( 'NONE', #6952, 1000.000000000000000 ) ;
#7306 = ORIENTED_EDGE ( 'NONE', *, *, #1110, .F. ) ;
#7307 = LINE ( 'NONE', #2215, #5387 ) ;
#7308 = AXIS2_PLACEMENT_3D ( 'NONE', #37, #3236, #79 ) ;
#7309 = ADVANCED_FACE ( 'NONE', ( #6040 ), #6639, .T. ) ;
#7310 =( LENGTH_UNIT ( ) NAMED_UNIT ( * ) SI_UNIT ( .MILLI., .METRE. ) );
#7311 = EDGE_CURVE ( 'NONE', #700, #1800, #7087, .T. ) ;
#7312 = VECTOR ( 'NONE', #6633, 1000.000000000000000 ) ;
#7313 = FACE_OUTER_BOUND ( 'NONE', #2093, .T. ) ;
#7314 = CARTESIAN_POINT ( 'NONE',  ( -5.852414213562370904, 0.000000000000000000, 4.000000000000000000 ) ) ;
#7315 = ORIENTED_EDGE ( 'NONE', *, *, #3472, .F. ) ;
#7316 = DIRECTION ( 'NONE',  ( 0.000000000000000000, 0.000000000000000000, -1.000000000000000000 ) ) ;
#7317 = CIRCLE ( 'NONE', #4334, 7.750000000000325073 ) ;
#7318 = ORIENTED_EDGE ( 'NONE', *, *, #6997, .F. ) ;
#7319 = COLOUR_RGB ( '',0.7921568627450980005, 0.8196078431372548767, 0.9333333333333333481 ) ;
#7320 = FACE_OUTER_BOUND ( 'NONE', #1323, .T. ) ;
#7321 = CARTESIAN_POINT ( 'NONE',  ( 0.000000000000000000, 0.000000000000000000, 0.000000000000000000 ) ) ;
#7322 = DIRECTION ( 'NONE',  ( 1.000000000000000000, 0.000000000000000000, -1.767428939690774316E-16 ) ) ;
#7323 = VERTEX_POINT ( 'NONE', #144 ) ;
#7324 = CARTESIAN_POINT ( 'NONE',  ( 0.000000000000000000, 0.000000000000000000, 0.000000000000000000 ) ) ;
#7325 = LINE ( 'NONE', #4144, #5840 ) ;
#7326 = CARTESIAN_POINT ( 'NONE',  ( 3.594325477682827064, 8.253911245354821347, -26.98895443691914764 ) ) ;
#7327 = CARTESIAN_POINT ( 'NONE',  ( 7.231996573705385956, -8.945063799800239579, -0.9996097863624970881 ) ) ;
#7328 = AXIS2_PLACEMENT_3D ( 'NONE', #5272, #7871, #12 ) ;
#7329 = CIRCLE ( 'NONE', #8415, 9.000000000000010658 ) ;
#7330 = CONICAL_SURFACE ( 'NONE', #4364, 7.664213562373412891, 0.7853981633974479459 ) ;
#7331 = DIRECTION ( 'NONE',  ( 2.469610187574633181E-30, 2.442490654175355433E-15, -1.000000000000000000 ) ) ;
#7332 = CARTESIAN_POINT ( 'NONE',  ( 9.209668256796010866, -0.3254213069919279500, -5.490951874537055133 ) ) ;
#7333 = FACE_OUTER_BOUND ( 'NONE', #969, .T. ) ;
#7334 = VECTOR ( 'NONE', #4314, 1000.000000000000000 ) ;
#7335 = CARTESIAN_POINT ( 'NONE',  ( -1.000000000000000444, 0.5773502691896266192, -1.040000000000000036 ) ) ;
#7336 = CARTESIAN_POINT ( 'NONE',  ( -2.173965810490433803, 6.250413753569452169, 3.694469876889733939 ) ) ;
#7337 = CIRCLE ( 'NONE', #3685, 9.000000000000010658 ) ;
#7338 = DIRECTION ( 'NONE',  ( 0.000000000000000000, 0.000000000000000000, 1.000000000000000000 ) ) ;
#7339 = EDGE_CURVE ( 'NONE', #664, #3077, #3896, .T. ) ;
#7340 = CARTESIAN_POINT ( 'NONE',  ( -6.263875141612148312, 6.467389761387918767, -36.15669673798952033 ) ) ;
#7341 = CARTESIAN_POINT ( 'NONE',  ( 2.662405555120905034E-30, 3.447242491461116738E-14, 9.000000000000010658 ) ) ;
#7342 = DIRECTION ( 'NONE',  ( 1.898196553187937393E-30, 1.000000000000000000, -2.442490654175333739E-15 ) ) ;
#7343 = VERTEX_POINT ( 'NONE', #6723 ) ;
#7344 = CARTESIAN_POINT ( 'NONE',  ( 27.95437040116722471, -6.500000000000475175, -1.421270574394061237 ) ) ;
#7345 = DIRECTION ( 'NONE',  ( -1.000000000000000000, -2.536951011547150738E-31, -2.465190328815656637E-31 ) ) ;
#7346 = CARTESIAN_POINT ( 'NONE',  ( 0.5999999999999894307, -3.469446951953614189E-15, -4.814824860968089633E-30 ) ) ;
#7347 = LINE ( 'NONE', #2933, #6901 ) ;
#7348 = VERTEX_POINT ( 'NONE', #2137 ) ;
#7349 = EDGE_LOOP ( 'NONE', ( #3667, #4188, #3074, #1809 ) ) ;
#7350 = VERTEX_POINT ( 'NONE', #3864 ) ;
#7351 = DIRECTION ( 'NONE',  ( 1.000000000000000000, 0.000000000000000000, 0.000000000000000000 ) ) ;
#7352 = EDGE_LOOP ( 'NONE', ( #3110, #4259, #7243, #3872 ) ) ;
#7353 = CARTESIAN_POINT ( 'NONE',  ( 0.000000000000000000, 0.000000000000000000, 0.000000000000000000 ) ) ;
#7354 = ADVANCED_FACE ( 'NONE', ( #6483, #2583 ), #4732, .F. ) ;
#7355 = CARTESIAN_POINT ( 'NONE',  ( 30.41421356237311713, 8.628166150854834558E-29, -6.240013019814657616E-29 ) ) ;
#7356 = DIRECTION ( 'NONE',  ( 0.000000000000000000, 0.000000000000000000, 1.000000000000000000 ) ) ;
#7357 = ORIENTED_EDGE ( 'NONE', *, *, #3428, .T. ) ;
#7358 = CARTESIAN_POINT ( 'NONE',  ( -4.500000000000000888, 5.510910596163089556E-16, -88.99999999999997158 ) ) ;
#7359 = ADVANCED_FACE ( 'NONE', ( #6447 ), #4357, .F. ) ;
#7360 = EDGE_LOOP ( 'NONE', ( #7912, #7426, #1931, #2007 ) ) ;
#7361 = FACE_OUTER_BOUND ( 'NONE', #8133, .T. ) ;
#7362 = CARTESIAN_POINT ( 'NONE',  ( 4.000000000000003553, -8.500000000000042633, -5.267826876426413563 ) ) ;
#7363 = CARTESIAN_POINT ( 'NONE',  ( -4.907477288111824265, 6.900000000000000355, 8.500000000000008882 ) ) ;
#7364 = ADVANCED_BREP_SHAPE_REPRESENTATION ( '', ( #3657, #1795 ), #5194 ) ;
#7365 = ORIENTED_EDGE ( 'NONE', *, *, #8189, .T. ) ;
#7366 = CARTESIAN_POINT ( 'NONE',  ( 0.5380700331289277605, 7.194898620995290983, 0.5560752488331179855 ) ) ;
#7367 = VERTEX_POINT ( 'NONE', #593 ) ;
#7368 = CARTESIAN_POINT ( 'NONE',  ( 8.623859864943685290E-16, 10.00000000000000000, -40.00000000000003553 ) ) ;
#7369 = DIRECTION ( 'NONE',  ( -0.000000000000000000, -0.000000000000000000, 1.000000000000000000 ) ) ;
#7370 = CARTESIAN_POINT ( 'NONE',  ( 6.749887781791360730, -9.000015585858765377, 0.1644017261345191161 ) ) ;
#7371 = VERTEX_POINT ( 'NONE', #5184 ) ;
#7372 = CARTESIAN_POINT ( 'NONE',  ( 0.000000000000000000, -4.000000000000210498, 9.769962616701863494E-15 ) ) ;
#7373 = CYLINDRICAL_SURFACE ( 'NONE', #2438, 4.500000000000000888 ) ;
#7374 = CARTESIAN_POINT ( 'NONE',  ( -25.00000000000000000, 0.000000000000000000, -3.999999999999996447 ) ) ;
#7375 = DIRECTION ( 'NONE',  ( 0.000000000000000000, 0.000000000000000000, 1.000000000000000000 ) ) ;
#7376 = CARTESIAN_POINT ( 'NONE',  ( 29.82292711902868731, -6.500000000000460076, 4.943548216222144909 ) ) ;
#7377 = LINE ( 'NONE', #1561, #2662 ) ;
#7378 = EDGE_CURVE ( 'NONE', #1828, #4230, #1154, .T. ) ;
#7379 = CARTESIAN_POINT ( 'NONE',  ( -2.343758318706735011, 8.692560463216112865, -39.60020836139669598 ) ) ;
#7380 = CARTESIAN_POINT ( 'NONE',  ( 6.758179136714747237, -0.1645182458638816680, 8.998853683571427453 ) ) ;
#7381 = ORIENTED_EDGE ( 'NONE', *, *, #6201, .T. ) ;
#7382 = DIRECTION ( 'NONE',  ( -0.000000000000000000, 0.000000000000000000, -1.000000000000000000 ) ) ;
#7383 = AXIS2_PLACEMENT_3D ( 'NONE', #4943, #2228, #7536 ) ;
#7384 = FACE_OUTER_BOUND ( 'NONE', #402, .T. ) ;
#7385 = CARTESIAN_POINT ( 'NONE',  ( 2.111862608674570652, -9.774472638818567205, -0.6584964528288963503 ) ) ;
#7386 = DIRECTION ( 'NONE',  ( 1.898196553187937393E-30, 1.000000000000000000, -2.442490654175333739E-15 ) ) ;
#7387 = ORIENTED_EDGE ( 'NONE', *, *, #3416, .T. ) ;
#7388 = ORIENTED_EDGE ( 'NONE', *, *, #1654, .T. ) ;
#7389 = ORIENTED_EDGE ( 'NONE', *, *, #1373, .T. ) ;
#7390 = CARTESIAN_POINT ( 'NONE',  ( 0.000000000000000000, 10.00000000000000000, -26.00000000000002132 ) ) ;
#7391 = EDGE_LOOP ( 'NONE', ( #7421, #6672, #5023, #6495 ) ) ;
#7392 = DIRECTION ( 'NONE',  ( 2.220446049250313081E-16, 1.000000000000000000, 2.290883888735616454E-30 ) ) ;
#7393 = VECTOR ( 'NONE', #6018, 1000.000000000000000 ) ;
#7394 = DIRECTION ( 'NONE',  ( -1.000000000000000000, -0.000000000000000000, -0.000000000000000000 ) ) ;
#7395 = DIRECTION ( 'NONE',  ( 0.000000000000000000, 3.830269434956791642E-15, 1.000000000000000000 ) ) ;
#7396 = ORIENTED_EDGE ( 'NONE', *, *, #8137, .T. ) ;
#7397 = ORIENTED_EDGE ( 'NONE', *, *, #4152, .T. ) ;
#7398 = DIRECTION ( 'NONE',  ( 1.000000000000000000, 2.536951011547150738E-31, 2.465190328815656637E-31 ) ) ;
#7399 = EDGE_CURVE ( 'NONE', #6971, #5348, #2036, .T. ) ;
#7400 =( NAMED_UNIT ( * ) SI_UNIT ( $, .STERADIAN. ) SOLID_ANGLE_UNIT ( ) );
#7401 = CARTESIAN_POINT ( 'NONE',  ( 9.814954576223639648, 6.900000000000000355, -3.622444160865513523E-15 ) ) ;
#7402 = ORIENTED_EDGE ( 'NONE', *, *, #1429, .F. ) ;
#7403 = DIRECTION ( 'NONE',  ( 0.000000000000000000, 0.000000000000000000, 1.000000000000000000 ) ) ;
#7404 = CARTESIAN_POINT ( 'NONE',  ( 6.000000000000000000, 0.000000000000000000, 0.000000000000000000 ) ) ;
#7405 = VERTEX_POINT ( 'NONE', #7314 ) ;
#7406 = DIRECTION ( 'NONE',  ( -1.000000000000000000, 0.000000000000000000, 0.000000000000000000 ) ) ;
#7407 = SHAPE_REPRESENTATION ( '\X2\042004300437044a0435043c\X0\', ( #1242, #116, #7219 ), #4516 ) ;
#7408 = FACE_OUTER_BOUND ( 'NONE', #3228, .T. ) ;
#7409 = ORIENTED_EDGE ( 'NONE', *, *, #6869, .F. ) ;
#7410 = EDGE_CURVE ( 'NONE', #580, #4762, #3413, .T. ) ;
#7411 = CARTESIAN_POINT ( 'NONE',  ( 8.000000000000007105, -10.00000000000001776, -1.249999999999999334 ) ) ;
#7412 = FACE_OUTER_BOUND ( 'NONE', #791, .T. ) ;
#7413 = FACE_OUTER_BOUND ( 'NONE', #1794, .T. ) ;
#7414 = CARTESIAN_POINT ( 'NONE',  ( 4.000000000000003553, 8.499999999999918288, -16.99999999999999289 ) ) ;
#7415 = DIRECTION ( 'NONE',  ( -1.000000000000000000, -2.536951011547150738E-31, -2.465190328815656637E-31 ) ) ;
#7416 = CARTESIAN_POINT ( 'NONE',  ( 10.66113659117984724, -2.992196861348792591, -5.521316326190584434 ) ) ;
#7417 = AXIS2_PLACEMENT_3D ( 'NONE', #3052, #7547, #3136 ) ;
#7418 = CARTESIAN_POINT ( 'NONE',  ( 14.00000000000001243, -3.114555994235331683E-14, -8.400000000000009237 ) ) ;
#7419 = DIRECTION ( 'NONE',  ( 0.7071067811865463515, 8.659560562354948882E-17, 0.7071067811865487940 ) ) ;
#7420 = CARTESIAN_POINT ( 'NONE',  ( 8.403794155395411636, -1.185797380212930685, 5.370745688765591552 ) ) ;
#7421 = ORIENTED_EDGE ( 'NONE', *, *, #5698, .T. ) ;
#7422 = EDGE_CURVE ( 'NONE', #4644, #3919, #8424, .T. ) ;
#7423 = DIRECTION ( 'NONE',  ( -1.000000000000000000, 1.224646799147353207E-16, 0.000000000000000000 ) ) ;
#7424 = DIRECTION ( 'NONE',  ( -0.000000000000000000, -0.000000000000000000, 1.000000000000000000 ) ) ;
#7425 = DIRECTION ( 'NONE',  ( -1.000000000000000000, 0.000000000000000000, 0.000000000000000000 ) ) ;
#7426 = ORIENTED_EDGE ( 'NONE', *, *, #1010, .F. ) ;
#7427 = ORIENTED_EDGE ( 'NONE', *, *, #684, .T. ) ;
#7428 = CYLINDRICAL_SURFACE ( 'NONE', #6208, 1.649999999999997691 ) ;
#7429 = AXIS2_PLACEMENT_3D ( 'NONE', #2670, #3361, #7863 ) ;
#7430 = VERTEX_POINT ( 'NONE', #1369 ) ;
#7431 = APPLICATION_PROTOCOL_DEFINITION ( 'draft international standard', 'automotive_design', 1998, #5924 ) ;
#7432 = PRODUCT_DEFINITION ( 'UNKNOWN', '', #6666, #17 ) ;
#7433 = FACE_OUTER_BOUND ( 'NONE', #1016, .T. ) ;
#7434 = DIRECTION ( 'NONE',  ( -1.000000000000000000, -2.536951011547150738E-31, -2.465190328815656637E-31 ) ) ;
#7435 = EDGE_LOOP ( 'NONE', ( #4269, #6930, #1261, #493, #4378, #2229, #4885 ) ) ;
#7436 = VERTEX_POINT ( 'NONE', #4678 ) ;
#7437 = AXIS2_PLACEMENT_3D ( 'NONE', #8239, #3654, #6917 ) ;
#7438 = EDGE_CURVE ( 'NONE', #7240, #7785, #3612, .T. ) ;
#7439 = FACE_OUTER_BOUND ( 'NONE', #6979, .T. ) ;
#7440 = AXIS2_PLACEMENT_3D ( 'NONE', #1630, #8000, #8047 ) ;
#7441 = LINE ( 'NONE', #8087, #7312 ) ;
#7442 = EDGE_LOOP ( 'NONE', ( #5562, #3629, #3703, #355 ) ) ;
#7443 = DIRECTION ( 'NONE',  ( -1.000000000000000000, -2.536951011547150738E-31, -2.465190328815656637E-31 ) ) ;
#7444 = DIRECTION ( 'NONE',  ( 0.7071067811865464625, 8.659560562354919300E-17, -0.7071067811865486830 ) ) ;
#7445 = ORIENTED_EDGE ( 'NONE', *, *, #642, .F. ) ;
#7446 = DIRECTION ( 'NONE',  ( -0.000000000000000000, -0.000000000000000000, 1.000000000000000000 ) ) ;
#7447 = EDGE_CURVE ( 'NONE', #8200, #1445, #652, .T. ) ;
#7448 = CARTESIAN_POINT ( 'NONE',  ( 6.000000000000000000, 8.572527594031473190E-16, -7.000000000000000000 ) ) ;
#7449 = PRESENTATION_LAYER_ASSIGNMENT (  '', '', ( #2696 ) ) ;
#7450 = AXIS2_PLACEMENT_3D ( 'NONE', #3740, #6323, #559 ) ;
#7451 = VERTEX_POINT ( 'NONE', #2676 ) ;
#7452 = EDGE_CURVE ( 'NONE', #2125, #7705, #7948, .T. ) ;
#7453 = LINE ( 'NONE', #7960, #7608 ) ;
#7454 = LINE ( 'NONE', #6950, #1626 ) ;
#7455 = CARTESIAN_POINT ( 'NONE',  ( -4.907477288111826041, 8.900000000000002132, -8.500000000000017764 ) ) ;
#7456 = LINE ( 'NONE', #1648, #2830 ) ;
#7457 = AXIS2_PLACEMENT_3D ( 'NONE', #3214, #5173, #8356 ) ;
#7458 = CARTESIAN_POINT ( 'NONE',  ( 6.758168383133926760, -5.498127106495679151, -0.1644820474383808517 ) ) ;
#7459 = VECTOR ( 'NONE', #6183, 1000.000000000000000 ) ;
#7460 = CARTESIAN_POINT ( 'NONE',  ( 10.35613234710946173, -1.548591495401804519, -6.063153811720865427 ) ) ;
#7461 = FACE_OUTER_BOUND ( 'NONE', #8348, .T. ) ;
#7462 = DIRECTION ( 'NONE',  ( 2.469610187574633181E-30, 2.442490654175355433E-15, -1.000000000000000000 ) ) ;
#7463 = EDGE_CURVE ( 'NONE', #441, #5519, #1077, .T. ) ;
#7464 = AXIS2_PLACEMENT_3D ( 'NONE', #1890, #3125, #1852 ) ;
#7465 = DIRECTION ( 'NONE',  ( -1.000000000000000000, -1.719470254348916462E-30, 2.290883888735602091E-30 ) ) ;
#7466 = ORIENTED_EDGE ( 'NONE', *, *, #3594, .F. ) ;
#7467 = DIRECTION ( 'NONE',  ( 0.000000000000000000, 1.000000000000000000, 0.000000000000000000 ) ) ;
#7468 = VECTOR ( 'NONE', #3516, 1000.000000000000000 ) ;
#7469 = FACE_BOUND ( 'NONE', #774, .T. ) ;
#7470 = CARTESIAN_POINT ( 'NONE',  ( 8.982227024498302015, 4.500000000000125233, 4.337337893224499474 ) ) ;
#7471 = CARTESIAN_POINT ( 'NONE',  ( 10.88006212304327924, -3.732265589235955972, -5.015308883366055959 ) ) ;
#7472 = VERTEX_POINT ( 'NONE', #4088 ) ;
#7473 = AXIS2_PLACEMENT_3D ( 'NONE', #6469, #619, #1285 ) ;
#7474 = ADVANCED_FACE ( 'NONE', ( #7829 ), #3330, .T. ) ;
#7475 = CIRCLE ( 'NONE', #7071, 0.5000000000000000000 ) ;
#7476 = EDGE_CURVE ( 'NONE', #7779, #8026, #8413, .T. ) ;
#7477 = ORIENTED_EDGE ( 'NONE', *, *, #377, .F. ) ;
#7478 = DIRECTION ( 'NONE',  ( 0.000000000000000000, 0.000000000000000000, 1.000000000000000000 ) ) ;
#7479 = ORIENTED_EDGE ( 'NONE', *, *, #3690, .T. ) ;
#7480 = APPLICATION_PROTOCOL_DEFINITION ( 'draft international standard', 'automotive_design', 1998, #2617 ) ;
#7481 = AXIS2_PLACEMENT_3D ( 'NONE', #4256, #6828, #1036 ) ;
#7482 = FACE_OUTER_BOUND ( 'NONE', #2395, .T. ) ;
#7483 = FACE_OUTER_BOUND ( 'NONE', #1155, .T. ) ;
#7484 = ORIENTED_EDGE ( 'NONE', *, *, #3194, .F. ) ;
#7485 = ORIENTED_EDGE ( 'NONE', *, *, #1060, .F. ) ;
#7486 = CARTESIAN_POINT ( 'NONE',  ( 3.535533905932737309, -9.354143466934864648, -3.535533905932725318 ) ) ;
#7487 =( NAMED_UNIT ( * ) PLANE_ANGLE_UNIT ( ) SI_UNIT ( $, .RADIAN. ) );
#7488 = VERTEX_POINT ( 'NONE', #2724 ) ;
#7489 = AXIS2_PLACEMENT_3D ( 'NONE', #1610, #4210, #2969 ) ;
#7490 = AXIS2_PLACEMENT_3D ( 'NONE', #3454, #7145, #5271 ) ;
#7491 = LINE ( 'NONE', #934, #6254 ) ;
#7492 = CIRCLE ( 'NONE', #7222, 3.999999999999996447 ) ;
#7493 = VERTEX_POINT ( 'NONE', #7271 ) ;
#7494 = CARTESIAN_POINT ( 'NONE',  ( 0.000000000000000000, 1.224646799147354834E-15, -10.00000000000001421 ) ) ;
#7495 = ORIENTED_EDGE ( 'NONE', *, *, #7247, .T. ) ;
#7496 = DIRECTION ( 'NONE',  ( 0.000000000000000000, 0.000000000000000000, 1.000000000000000000 ) ) ;
#7497 = CARTESIAN_POINT ( 'NONE',  ( -1.754347681397912428E-16, -1.154700538379251240, -1.040577039435783835 ) ) ;
#7498 = ORIENTED_EDGE ( 'NONE', *, *, #2817, .T. ) ;
#7499 = PLANE ( 'NONE',  #1913 ) ;
#7500 = CARTESIAN_POINT ( 'NONE',  ( 1.183291357831513329E-30, 1.532107773982718550E-14, 4.000000000000005329 ) ) ;
#7501 = DIRECTION ( 'NONE',  ( -1.000000000000000000, -0.000000000000000000, -0.000000000000000000 ) ) ;
#7502 = CARTESIAN_POINT ( 'NONE',  ( -9.993047467321254373, -0.4197949155256250897, -44.55795472457855766 ) ) ;
#7503 = EDGE_CURVE ( 'NONE', #6592, #1589, #2006, .T. ) ;
#7504 = DIRECTION ( 'NONE',  ( -1.898196553187937393E-30, -1.000000000000000000, 2.442490654175333739E-15 ) ) ;
#7505 = EDGE_CURVE ( 'NONE', #5430, #7705, #4611, .T. ) ;
#7506 = EDGE_CURVE ( 'NONE', #4893, #3037, #108, .T. ) ;
#7507 = DIRECTION ( 'NONE',  ( 0.000000000000000000, 0.000000000000000000, 1.000000000000000000 ) ) ;
#7508 = CARTESIAN_POINT ( 'NONE',  ( 0.000000000000000000, 2.000000000000000000, 0.000000000000000000 ) ) ;
#7509 = CARTESIAN_POINT ( 'NONE',  ( 6.907531571189512221, 0.6289131937406337025, -8.979263106466229161 ) ) ;
#7510 = CARTESIAN_POINT ( 'NONE',  ( 0.000000000000000000, 0.000000000000000000, 0.000000000000000000 ) ) ;
#7511 = ORIENTED_EDGE ( 'NONE', *, *, #3105, .T. ) ;
#7512 = SURFACE_STYLE_USAGE ( .BOTH. , #4207 ) ;
#7513 = LINE ( 'NONE', #8110, #4902 ) ;
#7514 = CARTESIAN_POINT ( 'NONE',  ( 2.079195108334233488, -9.781473649016772853, -0.3294552131681521834 ) ) ;
#7515 = CARTESIAN_POINT ( 'NONE',  ( 0.9648005489709461369, 8.951353624292917033, -39.93736108139543006 ) ) ;
#7516 = ORIENTED_EDGE ( 'NONE', *, *, #1276, .F. ) ;
#7517 = ORIENTED_EDGE ( 'NONE', *, *, #1404, .F. ) ;
#7518 = CIRCLE ( 'NONE', #1419, 1.649999999999997691 ) ;
#7519 = ORIENTED_EDGE ( 'NONE', *, *, #183, .T. ) ;
#7520 = DIRECTION ( 'NONE',  ( 0.000000000000000000, 0.000000000000000000, 1.000000000000000000 ) ) ;
#7521 = VERTEX_POINT ( 'NONE', #3009 ) ;
#7522 = SHAPE_DEFINITION_REPRESENTATION ( #43, #143 ) ;
#7523 = CLOSED_SHELL ( 'NONE', ( #7780, #1640, #4094, #8136, #3373, #5276, #4572, #3043, #1411, #3774, #772, #7232, #7204, #4079, #8194, #7616, #2522 ) ) ;
#7524 = DIRECTION ( 'NONE',  ( 0.000000000000000000, 0.000000000000000000, 1.000000000000000000 ) ) ;
#7525 = CARTESIAN_POINT ( 'NONE',  ( -8.985719756043653916, 0.5159910788744764831, -44.51813212339392578 ) ) ;
#7526 = ORIENTED_EDGE ( 'NONE', *, *, #4578, .T. ) ;
#7527 = VERTEX_POINT ( 'NONE', #3730 ) ;
#7528 = B_SPLINE_CURVE_WITH_KNOTS ( 'NONE', 3,
 ( #6658, #4880, #8029, #5516, #865, #1662, #3582, #4798, #7385, #7514, #3487, #1569, #6194, #958, #7981, #342, #2971, #5380, #4839, #4925 ),
 .UNSPECIFIED., .F., .F.,
 ( 4, 2, 2, 2, 2, 2, 2, 2, 2, 4 ),
 ( 6.133173666733496745E-19, 0.0009851295522535392923, 0.001970259104507077717, 0.002955388656760617010, 0.003447953432887386222, 0.003940518209014156302, 0.004925647761267696462, 0.005910777313521234019, 0.006895906865774772444, 0.007881036418028310869 ),
 .UNSPECIFIED. ) ;
#7529 = PLANE ( 'NONE',  #750 ) ;
#7530 =( NAMED_UNIT ( * ) PLANE_ANGLE_UNIT ( ) SI_UNIT ( $, .RADIAN. ) );
#7531 = FILL_AREA_STYLE ('',( #7661 ) ) ;
#7532 = ORIENTED_EDGE ( 'NONE', *, *, #8065, .F. ) ;
#7533 = CARTESIAN_POINT ( 'NONE',  ( 1.543506367234209287E-29, 1.603097083806373233E-14, -6.250000000000258460 ) ) ;
#7534 = B_SPLINE_CURVE_WITH_KNOTS ( 'NONE', 3,
 ( #7289, #6530, #6648, #2144, #3344, #3308, #4740, #28 ),
 .UNSPECIFIED., .F., .F.,
 ( 4, 2, 2, 4 ),
 ( 0.01783006934676030497, 0.01828335822646278211, 0.01873664710616525578, 0.01964322486557021699 ),
 .UNSPECIFIED. ) ;
#7535 = ORIENTED_EDGE ( 'NONE', *, *, #4138, .T. ) ;
#7536 = DIRECTION ( 'NONE',  ( 1.000000000000000000, 0.000000000000000000, 0.000000000000000000 ) ) ;
#7537 = ORIENTED_EDGE ( 'NONE', *, *, #3731, .F. ) ;
#7538 = CARTESIAN_POINT ( 'NONE',  ( 6.747102913955172809, 7.381411116935107763, -31.12122951629142875 ) ) ;
#7539 = AXIS2_PLACEMENT_3D ( 'NONE', #2031, #7806, #3980 ) ;
#7540 = VERTEX_POINT ( 'NONE', #5548 ) ;
#7541 = CARTESIAN_POINT ( 'NONE',  ( -1.627025617018331243E-30, -2.039292615273133675E-14, -5.500000000000006217 ) ) ;
#7542 = PRESENTATION_STYLE_ASSIGNMENT (( #5590 ) ) ;
#7543 = CARTESIAN_POINT ( 'NONE',  ( 0.000000000000000000, 0.000000000000000000, 4.000000000000000000 ) ) ;
#7544 = PRODUCT_DEFINITION_SHAPE ( 'NONE', 'NONE',  #5984 ) ;
#7545 = CARTESIAN_POINT ( 'NONE',  ( -9.871191638557675674, -1.599867386014349746, -43.21244287470916134 ) ) ;
#7546 = CARTESIAN_POINT ( 'NONE',  ( 2.740925260994796275, -9.681097457264522532, 2.520816398081610732 ) ) ;
#7547 = DIRECTION ( 'NONE',  ( -1.000000000000000000, -0.000000000000000000, -0.000000000000000000 ) ) ;
#7548 = EDGE_CURVE ( 'NONE', #2795, #1540, #3264, .T. ) ;
#7549 = CARTESIAN_POINT ( 'NONE',  ( 36.00000000000000711, 9.860761315262661020E-29, -6.894829200906304354E-29 ) ) ;
#7550 = CIRCLE ( 'NONE', #5130, 2.250000000000000000 ) ;
#7551 = EDGE_LOOP ( 'NONE', ( #8074, #2597, #3494, #2048 ) ) ;
#7552 = DIRECTION ( 'NONE',  ( 0.000000000000000000, 0.000000000000000000, 1.000000000000000000 ) ) ;
#7553 = CARTESIAN_POINT ( 'NONE',  ( 2.958228394578783060E-30, 3.830269434956796375E-14, 10.00000000000001421 ) ) ;
#7554 = CARTESIAN_POINT ( 'NONE',  ( 11.57508462988472964, -6.825084629884988097, -1.583169837708412908 ) ) ;
#7555 = DIRECTION ( 'NONE',  ( -1.000000000000000000, -0.000000000000000000, -0.000000000000000000 ) ) ;
#7556 = ORIENTED_EDGE ( 'NONE', *, *, #1373, .F. ) ;
#7557 = EDGE_CURVE ( 'NONE', #385, #664, #5024, .T. ) ;
#7558 = ADVANCED_BREP_SHAPE_REPRESENTATION ( '', ( #6527, #1795 ), #950 ) ;
#7559 = CARTESIAN_POINT ( 'NONE',  ( 5.417157287525398601, -2.489675132721917960E-14, -6.500000000000008882 ) ) ;
#7560 = ORIENTED_EDGE ( 'NONE', *, *, #7112, .F. ) ;
#7561 = FACE_OUTER_BOUND ( 'NONE', #1126, .T. ) ;
#7562 = EDGE_CURVE ( 'NONE', #7786, #1744, #3939, .T. ) ;
#7563 = ORIENTED_EDGE ( 'NONE', *, *, #5074, .T. ) ;
#7564 = LINE ( 'NONE', #4346, #7707 ) ;
#7565 = CARTESIAN_POINT ( 'NONE',  ( -3.570972421456894974, 9.343068346694414217, -39.02493354403437564 ) ) ;
#7566 = ORIENTED_EDGE ( 'NONE', *, *, #1585, .T. ) ;
#7567 = ORIENTED_EDGE ( 'NONE', *, *, #6619, .F. ) ;
#7568 = AXIS2_PLACEMENT_3D ( 'NONE', #4894, #7398, #2261 ) ;
#7569 = AXIS2_PLACEMENT_3D ( 'NONE', #5224, #3904, #5814 ) ;
#7570 = EDGE_CURVE ( 'NONE', #5382, #3712, #3201, .T. ) ;
#7571 = ORIENTED_EDGE ( 'NONE', *, *, #6125, .F. ) ;
#7572 = CARTESIAN_POINT ( 'NONE',  ( 6.901149556815783903, -7.237089268184170088, 0.4976875728158003387 ) ) ;
#7573 =( NAMED_UNIT ( * ) PLANE_ANGLE_UNIT ( ) SI_UNIT ( $, .RADIAN. ) );
#7574 = ORIENTED_EDGE ( 'NONE', *, *, #218, .T. ) ;
#7575 = CARTESIAN_POINT ( 'NONE',  ( 9.542893218813491174, 4.792893218813583545, 4.011318311110827928 ) ) ;
#7576 = AXIS2_PLACEMENT_3D ( 'NONE', #6328, #5647, #5105 ) ;
#7577 = ORIENTED_EDGE ( 'NONE', *, *, #7184, .T. ) ;
#7578 = CARTESIAN_POINT ( 'NONE',  ( 8.769440395167908520, 8.945190515247039897, 0.9984817235875951269 ) ) ;
#7579 = ORIENTED_EDGE ( 'NONE', *, *, #2251, .F. ) ;
#7580 = CARTESIAN_POINT ( 'NONE',  ( 6.042611853496016927, 7.969012120586810966, -29.45927608061175462 ) ) ;
#7581 = VECTOR ( 'NONE', #4514, 1000.000000000000000 ) ;
#7582 = VERTEX_POINT ( 'NONE', #3693 ) ;
#7583 = AXIS2_PLACEMENT_3D ( 'NONE', #4283, #946, #6773 ) ;
#7584 = FACE_BOUND ( 'NONE', #3659, .T. ) ;
#7585 = DIRECTION ( 'NONE',  ( 0.000000000000000000, 0.000000000000000000, -1.000000000000000000 ) ) ;
#7586 = CARTESIAN_POINT ( 'NONE',  ( -9.999999999999998224, 0.1045115296959510526, -44.59999999999990905 ) ) ;
#7587 = LINE ( 'NONE', #5630, #300 ) ;
#7588 = STYLED_ITEM ( 'NONE', ( #6470 ), #3345 ) ;
#7589 = CARTESIAN_POINT ( 'NONE',  ( 7.834233344138751498, -5.356071321407137376, 1.249999999999999778 ) ) ;
#7590 = AXIS2_PLACEMENT_3D ( 'NONE', #515, #7041, #3019 ) ;
#7591 = CARTESIAN_POINT ( 'NONE',  ( 9.291712071340640478, 3.703061462310150098, 6.237419164662004079 ) ) ;
#7592 = DIRECTION ( 'NONE',  ( 0.000000000000000000, -3.830269434956790853E-15, -1.000000000000000000 ) ) ;
#7593 = CARTESIAN_POINT ( 'NONE',  ( 13.00000000000001066, 2.371640468922916074E-14, 5.500000000000000000 ) ) ;
#7594 = ORIENTED_EDGE ( 'NONE', *, *, #5783, .T. ) ;
#7595 = CARTESIAN_POINT ( 'NONE',  ( 1.133987551255207448E-30, -1.705590187319348228E-14, -4.600000000000005862 ) ) ;
#7596 = CIRCLE ( 'NONE', #5025, 9.500000000000012434 ) ;
#7597 = LINE ( 'NONE', #3739, #3430 ) ;
#7598 = AXIS2_PLACEMENT_3D ( 'NONE', #1127, #8280, #5056 ) ;
#7599 = CARTESIAN_POINT ( 'NONE',  ( 5.423073341380339585, -4.374540645984104081, 0.4512145814546144607 ) ) ;
#7600 = CARTESIAN_POINT ( 'NONE',  ( -1.000000000000000444, 0.5773502691896266192, -1.040577039435782947 ) ) ;
#7601 = EDGE_LOOP ( 'NONE', ( #6881, #2345, #540, #2706, #2090 ) ) ;
#7602 = PRODUCT_RELATED_PRODUCT_CATEGORY ( 'part', '', ( #5643 ) ) ;
#7603 = CIRCLE ( 'NONE', #7457, 3.323417653124999926 ) ;
#7604 = CYLINDRICAL_SURFACE ( 'NONE', #150, 6.250000000000258460 ) ;
#7605 = AXIS2_PLACEMENT_3D ( 'NONE', #7074, #7635, #1822 ) ;
#7606 = VERTEX_POINT ( 'NONE', #5671 ) ;
#7607 = DIRECTION ( 'NONE',  ( -3.614007241618317709E-17, -1.000000000000000000, 2.442490654175333739E-15 ) ) ;
#7608 = VECTOR ( 'NONE', #3473, 1000.000000000000000 ) ;
#7609 = VERTEX_POINT ( 'NONE', #6313 ) ;
#7610 = SHAPE_DEFINITION_REPRESENTATION ( #533, #8007 ) ;
#7611 = AXIS2_PLACEMENT_3D ( 'NONE', #7214, #7845, #8363 ) ;
#7612 = CARTESIAN_POINT ( 'NONE',  ( 8.165396304809776851, -8.912771734987943617, 1.249999999999999778 ) ) ;
#7613 = CARTESIAN_POINT ( 'NONE',  ( -6.611317046147637377, 7.503273641266415162, -30.68828266430483609 ) ) ;
#7614 = EDGE_LOOP ( 'NONE', ( #2878, #6065 ) ) ;
#7615 = AXIS2_PLACEMENT_3D ( 'NONE', #2478, #4401, #1015 ) ;
#7616 = ADVANCED_FACE ( 'NONE', ( #2924 ), #5428, .T. ) ;
#7617 = ORIENTED_EDGE ( 'NONE', *, *, #5742, .F. ) ;
#7618 = APPLICATION_CONTEXT ( 'automotive_design' ) ;
#7619 = VERTEX_POINT ( 'NONE', #6278 ) ;
#7620 = PRODUCT_DEFINITION_SHAPE ( 'NONE', 'NONE',  #5920 ) ;
#7621 = CARTESIAN_POINT ( 'NONE',  ( 9.449754853854878789, -3.303990268276476794, 6.471406539513384182 ) ) ;
#7622 = DIRECTION ( 'NONE',  ( 0.000000000000000000, 0.000000000000000000, 1.000000000000000444 ) ) ;
#7623 = SURFACE_STYLE_FILL_AREA ( #5619 ) ;
#7624 = ORIENTED_EDGE ( 'NONE', *, *, #1102, .T. ) ;
#7625 = ADVANCED_FACE ( 'NONE', ( #332 ), #2963, .T. ) ;
#7626 = CARTESIAN_POINT ( 'NONE',  ( 35.50000000000000711, 6.500000000000324185, 5.080600358225518143 ) ) ;
#7627 = ORIENTED_EDGE ( 'NONE', *, *, #730, .T. ) ;
#7628 = CARTESIAN_POINT ( 'NONE',  ( -9.000000000000000000, -0.2090165323460831948, -44.59999999999993037 ) ) ;
#7629 = ORIENTED_EDGE ( 'NONE', *, *, #5182, .F. ) ;
#7630 = CARTESIAN_POINT ( 'NONE',  ( 8.000000000000007105, 5.356071321407137376, 1.249999999999999334 ) ) ;
#7631 = ORIENTED_EDGE ( 'NONE', *, *, #216, .T. ) ;
#7632 = UNCERTAINTY_MEASURE_WITH_UNIT (LENGTH_MEASURE( 1.000000000000000082E-05 ), #229, 'distance_accuracy_value', 'NONE');
#7633 = DIRECTION ( 'NONE',  ( 0.4999999999999995559, 0.000000000000000000, -0.8660254037844389297 ) ) ;
#7634 = EDGE_CURVE ( 'NONE', #5070, #4234, #2444, .T. ) ;
#7635 = DIRECTION ( 'NONE',  ( 1.898196553187937393E-30, 1.000000000000000000, -2.442490654175333739E-15 ) ) ;
#7636 = CARTESIAN_POINT ( 'NONE',  ( 0.000000000000000000, -4.500000000000210498, 1.099120794378953096E-14 ) ) ;
#7637 = CARTESIAN_POINT ( 'NONE',  ( 2.070862315272198995, -10.00010274828162693, 0.3280820759960518251 ) ) ;
#7638 = PRODUCT_DEFINITION_FORMATION_WITH_SPECIFIED_SOURCE ( 'ANY', '', #7280, .NOT_KNOWN. ) ;
#7639 = CARTESIAN_POINT ( 'NONE',  ( 2.049999999999998934, 9.000000000000001776, 2.049999999999999822 ) ) ;
#7640 = DIRECTION ( 'NONE',  ( 0.000000000000000000, 0.000000000000000000, -1.000000000000000000 ) ) ;
#7641 = SURFACE_STYLE_FILL_AREA ( #3141 ) ;
#7642 = PRODUCT_DEFINITION_SHAPE ( 'NONE', 'NONE',  #8439 ) ;
#7643 = ORIENTED_EDGE ( 'NONE', *, *, #1843, .F. ) ;
#7644 = CARTESIAN_POINT ( 'NONE',  ( 8.000000000000007105, -1.249999999999968470, 8.912771734987947170 ) ) ;
#7645 = B_SPLINE_CURVE_WITH_KNOTS ( 'NONE', 3,
 ( #5139, #2500, #5104, #4464, #2539, #3827 ),
 .UNSPECIFIED., .F., .F.,
 ( 4, 2, 4 ),
 ( 0.01593656287590818066, 0.01781849660092079540, 0.01970043032593341015 ),
 .UNSPECIFIED. ) ;
#7646 = DIRECTION ( 'NONE',  ( 1.000000000000000000, 0.000000000000000000, 0.000000000000000000 ) ) ;
#7647 = CARTESIAN_POINT ( 'NONE',  ( 10.88006212304327924, 3.732265589235951531, 5.015308883366061288 ) ) ;
#7648 = CARTESIAN_POINT ( 'NONE',  ( 3.788083553701372619, 8.166570218493692579, -38.89074170203651448 ) ) ;
#7649 = DIRECTION ( 'NONE',  ( 2.958228394578779819E-31, 3.830269434956790853E-15, 1.000000000000000000 ) ) ;
#7650 = ORIENTED_EDGE ( 'NONE', *, *, #1032, .T. ) ;
#7651 = CARTESIAN_POINT ( 'NONE',  ( 35.50000000000000711, 9.244463733058828504E-29, -6.933347799794035619E-29 ) ) ;
#7652 = ORIENTED_EDGE ( 'NONE', *, *, #830, .T. ) ;
#7653 = CARTESIAN_POINT ( 'NONE',  ( 10.24390062427396764, -6.070800307532110882E-14, -6.250000000000011546 ) ) ;
#7654 = CARTESIAN_POINT ( 'NONE',  ( 9.209908208990908562, -8.994505386499490385, -0.3245143539470647931 ) ) ;
#7655 = CARTESIAN_POINT ( 'NONE',  ( -3.762388530127556141, 9.267396788860450485, -38.90713127670226612 ) ) ;
#7656 = ORIENTED_EDGE ( 'NONE', *, *, #4558, .T. ) ;
#7657 = ORIENTED_EDGE ( 'NONE', *, *, #2059, .T. ) ;
#7658 = ORIENTED_EDGE ( 'NONE', *, *, #2108, .T. ) ;
#7659 = CARTESIAN_POINT ( 'NONE',  ( 10.00000000000000178, -0.5008878221789807572, -7.250000000000007105 ) ) ;
#7660 = EDGE_CURVE ( 'NONE', #7705, #5430, #5420, .T. ) ;
#7661 = FILL_AREA_STYLE_COLOUR ( '', #502 ) ;
#7662 = CARTESIAN_POINT ( 'NONE',  ( -2.050000000000000711, 9.000000000000001776, 2.549999999999999822 ) ) ;
#7663 = CIRCLE ( 'NONE', #1133, 2.150000000000006128 ) ;
#7664 = ORIENTED_EDGE ( 'NONE', *, *, #6814, .F. ) ;
#7665 = DIRECTION ( 'NONE',  ( -1.000000000000000000, -0.000000000000000000, -0.000000000000000000 ) ) ;
#7666 = EDGE_LOOP ( 'NONE', ( #4302, #4417, #1535, #3471, #2725, #694 ) ) ;
#7667 = CARTESIAN_POINT ( 'NONE',  ( 8.328380219992626010, 5.364013360884203330, 1.217165621753756755 ) ) ;
#7668 = EDGE_CURVE ( 'NONE', #6824, #5615, #7603, .T. ) ;
#7669 = ORIENTED_EDGE ( 'NONE', *, *, #5715, .F. ) ;
#7670 = CARTESIAN_POINT ( 'NONE',  ( -1.183291357831513504E-30, -1.483121902016824491E-14, -4.000000000000005329 ) ) ;
#7671 = ADVANCED_FACE ( 'NONE', ( #1982 ), #3932, .T. ) ;
#7672 = DIRECTION ( 'NONE',  ( 2.469610187574633532E-30, 2.458739416553556536E-15, -1.000000000000000000 ) ) ;
#7673 = CARTESIAN_POINT ( 'NONE',  ( -8.937904043783426289, 1.058007327550477772, -41.79523122314016348 ) ) ;
#7674 = CARTESIAN_POINT ( 'NONE',  ( -10.00000000000000000, 1.224646741021145422E-15, -44.59999999999992326 ) ) ;
#7675 = DIRECTION ( 'NONE',  ( -0.7071067811865470176, -2.621813885605965466E-15, -0.7071067811865479058 ) ) ;
#7676 = CARTESIAN_POINT ( 'NONE',  ( 6.000000000000005329, -3.770594947383191687E-14, -9.500000000000010658 ) ) ;
#7677 = DIRECTION ( 'NONE',  ( -1.000000000000000000, 0.000000000000000000, 0.000000000000000000 ) ) ;
#7678 = ADVANCED_FACE ( 'NONE', ( #7764 ), #1949, .T. ) ;
#7679 = CARTESIAN_POINT ( 'NONE',  ( -1.000000000000000444, 0.5773502691896266192, -1.040000000000000036 ) ) ;
#7680 = ADVANCED_FACE ( 'NONE', ( #3135, #552 ), #4535, .T. ) ;
#7681 = EDGE_LOOP ( 'NONE', ( #7387, #7954, #4167, #4340 ) ) ;
#7682 = CARTESIAN_POINT ( 'NONE',  ( -0.1632800423448423910, 1.060430761978164327, -1.095003720221051635 ) ) ;
#7683 = DIRECTION ( 'NONE',  ( 0.000000000000000000, 3.830269434956791642E-15, 1.000000000000000000 ) ) ;
#7684 = CARTESIAN_POINT ( 'NONE',  ( 1.084564872665016999, -6.879379678278366050, 0.4496938152812660627 ) ) ;
#7685 = CARTESIAN_POINT ( 'NONE',  ( 4.678906074605129639, 7.697014734803495628, -38.22488799384220926 ) ) ;
#7686 = SHAPE_REPRESENTATION ( '000401.21.00 \X2\04210432043e0431043e0434043d044b0439\X0\ \X2\04480442043e043a\X0\_0..20', ( #4235, #2462, #7210 ), #2606 ) ;
#7687 = DIRECTION ( 'NONE',  ( 0.000000000000000000, 0.000000000000000000, 1.000000000000000000 ) ) ;
#7688 = EDGE_CURVE ( 'NONE', #8162, #2677, #5959, .T. ) ;
#7689 = PLANE ( 'NONE',  #2421 ) ;
#7690 = ORIENTED_EDGE ( 'NONE', *, *, #6833, .T. ) ;
#7691 = CARTESIAN_POINT ( 'NONE',  ( 55.84999999999999432, 0.000000000000000000, 20.70967811865458685 ) ) ;
#7692 = PLANE ( 'NONE',  #2960 ) ;
#7693 = CARTESIAN_POINT ( 'NONE',  ( -0.9519641332654195098, 9.965446655919860675, -26.04911441779266212 ) ) ;
#7694 = ORIENTED_EDGE ( 'NONE', *, *, #1771, .T. ) ;
#7695 = ORIENTED_EDGE ( 'NONE', *, *, #5704, .F. ) ;
#7696 = ORIENTED_EDGE ( 'NONE', *, *, #8253, .F. ) ;
#7697 = CARTESIAN_POINT ( 'NONE',  ( 7.283186939338579968, -6.856803950374778189, 2.401403881143871377 ) ) ;
#7698 = VECTOR ( 'NONE', #5725, 1000.000000000000000 ) ;
#7699 = PRODUCT_DEFINITION ( 'UNKNOWN', '', #5465, #5241 ) ;
#7700 = CARTESIAN_POINT ( 'NONE',  ( 0.5999999999999894307, -1.483121902016822913E-14, -4.000000000000000000 ) ) ;
#7701 = B_SPLINE_CURVE_WITH_KNOTS ( 'NONE', 3,
 ( #8336, #3195, #4392, #1139, #1098, #6333 ),
 .UNSPECIFIED., .F., .F.,
 ( 4, 2, 4 ),
 ( 0.01970043032593341015, 0.02158216610872764132, 0.02346390189152187250 ),
 .UNSPECIFIED. ) ;
#7702 = B_SPLINE_CURVE_WITH_KNOTS ( 'NONE', 3,
 ( #7737, #3903, #5812, #5770, #3152, #6491 ),
 .UNSPECIFIED., .F., .F.,
 ( 4, 2, 4 ),
 ( 0.01531249414991329820, 0.01636646921343635694, 0.01742044427695941394 ),
 .UNSPECIFIED. ) ;
#7703 = ORIENTED_EDGE ( 'NONE', *, *, #1869, .T. ) ;
#7704 = DIRECTION ( 'NONE',  ( 0.000000000000000000, 3.830269434956791642E-15, 1.000000000000000000 ) ) ;
#7705 = VERTEX_POINT ( 'NONE', #3177 ) ;
#7706 = CARTESIAN_POINT ( 'NONE',  ( 9.186072099599948970, 5.485737980115951373, -0.4030824808312339358 ) ) ;
#7707 = VECTOR ( 'NONE', #437, 1000.000000000000000 ) ;
#7708 = EDGE_CURVE ( 'NONE', #3124, #4431, #3538, .T. ) ;
#7709 = ORIENTED_EDGE ( 'NONE', *, *, #1427, .F. ) ;
#7710 = DIRECTION ( 'NONE',  ( 1.000000000000000000, 0.000000000000000000, -2.311115933264683374E-30 ) ) ;
#7711 = UNCERTAINTY_MEASURE_WITH_UNIT (LENGTH_MEASURE( 1.000000000000000082E-05 ), #2540, 'distance_accuracy_value', 'NONE');
#7712 = DIRECTION ( 'NONE',  ( 0.000000000000000000, -0.000000000000000000, 1.000000000000000000 ) ) ;
#7713 = CARTESIAN_POINT ( 'NONE',  ( -9.975274270468046822, 0.7094423807183508623, -44.43793993532916176 ) ) ;
#7714 = ADVANCED_FACE ( 'NONE', ( #6474 ), #3260, .T. ) ;
#7715 = CARTESIAN_POINT ( 'NONE',  ( 7.672005291881709432, -5.363997056459316681, -1.217226280080467626 ) ) ;
#7716 = EDGE_CURVE ( 'NONE', #4759, #2245, #7226, .T. ) ;
#7717 = CARTESIAN_POINT ( 'NONE',  ( 36.00000000000000711, 6.500000000000370370, -4.220485754033757253 ) ) ;
#7718 = EDGE_CURVE ( 'NONE', #6578, #5610, #3301, .T. ) ;
#7719 = EDGE_CURVE ( 'NONE', #6370, #6767, #4485, .T. ) ;
#7720 = VECTOR ( 'NONE', #304, 1000.000000000000000 ) ;
#7721 = PLANE ( 'NONE',  #5557 ) ;
#7722 = DIRECTION ( 'NONE',  ( -1.000000000000000000, -1.719470254348916462E-30, 2.290883888735602091E-30 ) ) ;
#7723 = AXIS2_PLACEMENT_3D ( 'NONE', #6846, #8257, #6260 ) ;
#7724 = CARTESIAN_POINT ( 'NONE',  ( -1.754347681397912428E-16, -1.154700538379251240, -1.040000000000000036 ) ) ;
#7725 = PLANE ( 'NONE',  #242 ) ;
#7726 = CIRCLE ( 'NONE', #4054, 3.000000000000000000 ) ;
#7727 = APPLICATION_CONTEXT ( 'automotive_design' ) ;
#7728 = FACE_OUTER_BOUND ( 'NONE', #1992, .T. ) ;
#7729 = DIRECTION ( 'NONE',  ( 1.898196553187937393E-30, 1.000000000000000000, -2.442490654175333739E-15 ) ) ;
#7730 = EDGE_CURVE ( 'NONE', #6195, #2549, #5563, .T. ) ;
#7731 = PLANE ( 'NONE',  #1508 ) ;
#7732 = AXIS2_PLACEMENT_3D ( 'NONE', #428, #3823, #1129 ) ;
#7733 =( NAMED_UNIT ( * ) PLANE_ANGLE_UNIT ( ) SI_UNIT ( $, .RADIAN. ) );
#7734 = VECTOR ( 'NONE', #3217, 1000.000000000000000 ) ;
#7735 = VERTEX_POINT ( 'NONE', #2646 ) ;
#7736 = CIRCLE ( 'NONE', #7598, 12.00000000000000000 ) ;
#7737 = CARTESIAN_POINT ( 'NONE',  ( 28.17157287525381903, -6.500000000000411227, 2.116122921959992631 ) ) ;
#7738 = EDGE_CURVE ( 'NONE', #6592, #4148, #6641, .T. ) ;
#7739 = CARTESIAN_POINT ( 'NONE',  ( 8.164557691239972215, -8.913930234837902589, -1.241816830901264268 ) ) ;
#7740 = CARTESIAN_POINT ( 'NONE',  ( -6.940164191266640081, 7.199668910925415943, -33.94342607834381198 ) ) ;
#7741 = ORIENTED_EDGE ( 'NONE', *, *, #627, .F. ) ;
#7742 = AXIS2_PLACEMENT_3D ( 'NONE', #5246, #7839, #2023 ) ;
#7743 = ADVANCED_FACE ( 'NONE', ( #2490 ), #1494, .T. ) ;
#7744 = VECTOR ( 'NONE', #2449, 1000.000000000000000 ) ;
#7745 = ORIENTED_EDGE ( 'NONE', *, *, #2022, .F. ) ;
#7746 = CIRCLE ( 'NONE', #3943, 2.850000000000000089 ) ;
#7747 = ORIENTED_EDGE ( 'NONE', *, *, #1427, .T. ) ;
#7748 = CARTESIAN_POINT ( 'NONE',  ( 7.001301636970098663, 5.447197246222760469, -0.7691931133095809558 ) ) ;
#7749 = DIRECTION ( 'NONE',  ( -0.02956808821078314720, 0.000000000000000000, 0.9995627684940849855 ) ) ;
#7750 = AXIS2_PLACEMENT_3D ( 'NONE', #6345, #2518, #5041 ) ;
#7751 = VECTOR ( 'NONE', #2394, 1000.000000000000000 ) ;
#7752 = EDGE_LOOP ( 'NONE', ( #602, #6973 ) ) ;
#7753 = CARTESIAN_POINT ( 'NONE',  ( 0.000000000000000000, 0.000000000000000000, 0.000000000000000000 ) ) ;
#7754 = VERTEX_POINT ( 'NONE', #1249 ) ;
#7755 = CARTESIAN_POINT ( 'NONE',  ( 8.163467071967820843, 5.356071321407137376, -1.249999999999999112 ) ) ;
#7756 = AXIS2_PLACEMENT_3D ( 'NONE', #1872, #7044, #5853 ) ;
#7757 = EDGE_LOOP ( 'NONE', ( #6634, #7397, #1379, #7466 ) ) ;
#7758 = DIRECTION ( 'NONE',  ( -0.000000000000000000, -1.000000000000000000, -0.000000000000000000 ) ) ;
#7759 =( LENGTH_UNIT ( ) NAMED_UNIT ( * ) SI_UNIT ( .MILLI., .METRE. ) );
#7760 = FILL_AREA_STYLE_COLOUR ( '', #6492 ) ;
#7761 = DIRECTION ( 'NONE',  ( 0.000000000000000000, 0.000000000000000000, 1.000000000000000000 ) ) ;
#7762 = AXIS2_PLACEMENT_3D ( 'NONE', #1661, #3616, #7423 ) ;
#7763 = B_SPLINE_CURVE_WITH_KNOTS ( 'NONE', 3,
 ( #5364, #7245, #5330, #4101 ),
 .UNSPECIFIED., .F., .F.,
 ( 4, 4 ),
 ( 0.01928053129079529415, 0.02067342722296679203 ),
 .UNSPECIFIED. ) ;
#7764 = FACE_OUTER_BOUND ( 'NONE', #485, .T. ) ;
#7765 = CARTESIAN_POINT ( 'NONE',  ( 9.706630223129025126, 2.416167097851390277, -6.839871870449995228 ) ) ;
#7766 = ADVANCED_FACE ( 'NONE', ( #5093, #6439 ), #7029, .F. ) ;
#7767 = FACE_OUTER_BOUND ( 'NONE', #8300, .T. ) ;
#7768 = EDGE_CURVE ( 'NONE', #4930, #4762, #1639, .T. ) ;
#7769 = DIRECTION ( 'NONE',  ( 1.000000000000000000, -0.000000000000000000, -0.000000000000000000 ) ) ;
#7770 = EDGE_CURVE ( 'NONE', #4762, #2440, #6105, .T. ) ;
#7771 = CIRCLE ( 'NONE', #2359, 10.00000000000001421 ) ;
#7772 = DIRECTION ( 'NONE',  ( -1.000000000000000000, -2.536951011547150738E-31, -2.465190328815656637E-31 ) ) ;
#7773 = ADVANCED_FACE ( 'NONE', ( #182 ), #4650, .F. ) ;
#7774 = CYLINDRICAL_SURFACE ( 'NONE', #7611, 2.499999999999998224 ) ;
#7775 = CARTESIAN_POINT ( 'NONE',  ( 7.675044690984814011, 8.918333305650127940, -1.209790197678394241 ) ) ;
#7776 = CARTESIAN_POINT ( 'NONE',  ( 0.000000000000000000, 2.000000000000000000, 0.000000000000000000 ) ) ;
#7777 = DIRECTION ( 'NONE',  ( 0.000000000000000000, 0.000000000000000000, 1.000000000000000000 ) ) ;
#7778 = FILL_AREA_STYLE_COLOUR ( '', #6907 ) ;
#7779 = VERTEX_POINT ( 'NONE', #2190 ) ;
#7780 = ADVANCED_FACE ( 'NONE', ( #1509 ), #2714, .T. ) ;
#7781 = DIRECTION ( 'NONE',  ( -0.000000000000000000, -1.000000000000000000, -0.000000000000000000 ) ) ;
#7782 = ADVANCED_FACE ( 'NONE', ( #4731, #7957 ), #2818, .T. ) ;
#7783 = CARTESIAN_POINT ( 'NONE',  ( 4.343186652999813546, -4.998013516214893315, 3.692698440436550822 ) ) ;
#7784 = CARTESIAN_POINT ( 'NONE',  ( -0.2371603752032616363, 9.999999999999996447, -40.00000000000002842 ) ) ;
#7785 = VERTEX_POINT ( 'NONE', #6638 ) ;
#7786 = VERTEX_POINT ( 'NONE', #4689 ) ;
#7787 = ORIENTED_EDGE ( 'NONE', *, *, #5830, .F. ) ;
#7788 = CARTESIAN_POINT ( 'NONE',  ( 7.836576541495816173, 5.356071321407138264, -1.250000000000000000 ) ) ;
#7789 = AXIS2_PLACEMENT_3D ( 'NONE', #2636, #3999, #2005 ) ;
#7790 = ORIENTED_EDGE ( 'NONE', *, *, #4717, .F. ) ;
#7791 = LINE ( 'NONE', #5353, #119 ) ;
#7792 = CARTESIAN_POINT ( 'NONE',  ( 8.000000000000007105, -5.356071321407137376, 1.249999999999999334 ) ) ;
#7793 = EDGE_LOOP ( 'NONE', ( #215, #1787, #2626, #3491 ) ) ;
#7794 = B_SPLINE_CURVE_WITH_KNOTS ( 'NONE', 3,
 ( #679, #3567, #4828, #6144, #4242, #4866, #4107, #5369, #7963, #2881, #8016, #6815 ),
 .UNSPECIFIED., .F., .F.,
 ( 4, 2, 2, 2, 2, 4 ),
 ( 0.003912795951868932795, 0.004401986556736204106, 0.004891177161603476285, 0.005135772464037111941, 0.005380367766470748464, 0.005869558371338021510 ),
 .UNSPECIFIED. ) ;
#7795 = CARTESIAN_POINT ( 'NONE',  ( 28.17157287525381903, 6.500000000000385469, 2.116122921959936232 ) ) ;
#7796 = ORIENTED_EDGE ( 'NONE', *, *, #5123, .F. ) ;
#7797 = CARTESIAN_POINT ( 'NONE',  ( 0.1821155229496558836, 8.499999999999849010, 4.440234317478895854 ) ) ;
#7798 = UNCERTAINTY_MEASURE_WITH_UNIT (LENGTH_MEASURE( 1.000000000000000082E-05 ), #3844, 'distance_accuracy_value', 'NONE');
#7799 = DIRECTION ( 'NONE',  ( 0.000000000000000000, 0.000000000000000000, 1.000000000000000000 ) ) ;
#7800 = CARTESIAN_POINT ( 'NONE',  ( -2.159818032750559202E-16, -7.505553499465125178, 3.315247287287312439 ) ) ;
#7801 = CARTESIAN_POINT ( 'NONE',  ( 0.000000000000000000, -8.500000000000028422, -4.600000000000044942 ) ) ;
#7802 = CARTESIAN_POINT ( 'NONE',  ( 9.450107220233922689, 3.302230279378760347, -6.471891556501835119 ) ) ;
#7803 = DIRECTION ( 'NONE',  ( 0.000000000000000000, 1.000000000000000000, 0.000000000000000000 ) ) ;
#7804 = CARTESIAN_POINT ( 'NONE',  ( 0.1827756366092012086, -8.500000000000170530, 4.441780279436530421 ) ) ;
#7805 = CIRCLE ( 'NONE', #4553, 1.999999999999995781 ) ;
#7806 = DIRECTION ( 'NONE',  ( -0.000000000000000000, -1.000000000000000000, -0.000000000000000000 ) ) ;
#7807 = DIRECTION ( 'NONE',  ( -0.000000000000000000, -1.000000000000000000, -0.000000000000000000 ) ) ;
#7808 = CARTESIAN_POINT ( 'NONE',  ( 0.000000000000000000, 11.00000000000000178, 0.000000000000000000 ) ) ;
#7809 = AXIS2_PLACEMENT_3D ( 'NONE', #3145, #3265, #808 ) ;
#7810 = EDGE_CURVE ( 'NONE', #4089, #3800, #7325, .T. ) ;
#7811 = CARTESIAN_POINT ( 'NONE',  ( 10.00000000000002309, 1.224646799147354834E-15, -10.00000000000001421 ) ) ;
#7812 = LINE ( 'NONE', #7259, #4473 ) ;
#7813 = ORIENTED_EDGE ( 'NONE', *, *, #5333, .T. ) ;
#7814 = SHAPE_DEFINITION_REPRESENTATION ( #5914, #1939 ) ;
#7815 = FACE_OUTER_BOUND ( 'NONE', #6792, .T. ) ;
#7816 = DIRECTION ( 'NONE',  ( 0.000000000000000000, 0.000000000000000000, -1.000000000000000000 ) ) ;
#7817 = DIRECTION ( 'NONE',  ( 0.000000000000000000, 0.000000000000000000, 1.000000000000000000 ) ) ;
#7818 = LINE ( 'NONE', #5860, #1055 ) ;
#7819 = ORIENTED_EDGE ( 'NONE', *, *, #2011, .F. ) ;
#7820 = EDGE_CURVE ( 'NONE', #2440, #6578, #7763, .T. ) ;
#7821 = ORIENTED_EDGE ( 'NONE', *, *, #7718, .F. ) ;
#7822 = ORIENTED_EDGE ( 'NONE', *, *, #1027, .T. ) ;
#7823 = PRODUCT_DEFINITION_SHAPE ( 'NONE', 'NONE',  #8441 ) ;
#7824 = CARTESIAN_POINT ( 'NONE',  ( 9.250000000000008882, 0.1652847432592710608, 9.000000000000010658 ) ) ;
#7825 = SHAPE_REPRESENTATION_RELATIONSHIP ( 'NONE' , 'NONE' ,  #3626, #7364 ) ;
#7826 = CARTESIAN_POINT ( 'NONE',  ( 0.000000000000000000, 19.90000000000000213, 0.000000000000000000 ) ) ;
#7827 = EDGE_LOOP ( 'NONE', ( #3698, #6626, #2667, #298 ) ) ;
#7828 = CARTESIAN_POINT ( 'NONE',  ( -8.909721149182733058, -1.272916674358460787, -42.02499605662283244 ) ) ;
#7829 = FACE_OUTER_BOUND ( 'NONE', #405, .T. ) ;
#7830 = ORIENTED_EDGE ( 'NONE', *, *, #7768, .F. ) ;
#7831 = FACE_OUTER_BOUND ( 'NONE', #1443, .T. ) ;
#7832 = VERTEX_POINT ( 'NONE', #8006 ) ;
#7833 = ADVANCED_FACE ( 'NONE', ( #2776, #2069 ), #7206, .F. ) ;
#7834 = CARTESIAN_POINT ( 'NONE',  ( 7.071067811865475505, -10.00000000000001066, 0.000000000000000000 ) ) ;
#7835 = DIRECTION ( 'NONE',  ( 1.000000000000000000, 0.000000000000000000, 0.000000000000000000 ) ) ;
#7836 = CARTESIAN_POINT ( 'NONE',  ( 82.99999999999998579, 0.000000000000000000, 6.000000000000000000 ) ) ;
#7837 = ORIENTED_EDGE ( 'NONE', *, *, #1060, .T. ) ;
#7838 = FACE_OUTER_BOUND ( 'NONE', #4940, .T. ) ;
#7839 = DIRECTION ( 'NONE',  ( 1.000000000000000000, -0.000000000000000000, -0.000000000000000000 ) ) ;
#7840 = CARTESIAN_POINT ( 'NONE',  ( 7.364256056824608265, 6.766287257844746605, 2.614221815629214962 ) ) ;
#7841 = VECTOR ( 'NONE', #8173, 1000.000000000000000 ) ;
#7842 = PLANE ( 'NONE',  #370 ) ;
#7843 = CARTESIAN_POINT ( 'NONE',  ( 26.75735931288070191, 2.116088150624421010E-14, -8.250000000000341061 ) ) ;
#7844 = FACE_OUTER_BOUND ( 'NONE', #1889, .T. ) ;
#7845 = DIRECTION ( 'NONE',  ( 1.000000000000000000, -0.000000000000000000, -0.000000000000000000 ) ) ;
#7846 = CIRCLE ( 'NONE', #203, 5.200000000000000178 ) ;
#7847 = CARTESIAN_POINT ( 'NONE',  ( 6.750060601408854666, 8.999991583138227114, 0.1637429294626210063 ) ) ;
#7848 = CIRCLE ( 'NONE', #1611, 6.000000000000000000 ) ;
#7849 = CARTESIAN_POINT ( 'NONE',  ( -4.675051602955446306, 7.699303596153192153, -38.22820764331756749 ) ) ;
#7850 = DIRECTION ( 'NONE',  ( 2.469610187574633181E-30, 2.385244779468011936E-15, -1.000000000000000000 ) ) ;
#7851 = ORIENTED_EDGE ( 'NONE', *, *, #7975, .T. ) ;
#7852 = DIRECTION ( 'NONE',  ( 0.000000000000000000, 3.830269434956791642E-15, 1.000000000000000000 ) ) ;
#7853 = AXIS2_PLACEMENT_3D ( 'NONE', #3697, #5636, #1125 ) ;
#7854 = SPHERICAL_SURFACE ( 'NONE', #2727, 8.000000000000000000 ) ;
#7855 = CIRCLE ( 'NONE', #921, 0.1999999999999996503 ) ;
#7856 = CARTESIAN_POINT ( 'NONE',  ( -6.500000000000000888, 3.134303319052134107, 0.5566626712350697392 ) ) ;
#7857 = CARTESIAN_POINT ( 'NONE',  ( 8.623859864943685290E-16, 10.00000000000000000, -40.00000000000003553 ) ) ;
#7858 = ORIENTED_EDGE ( 'NONE', *, *, #1051, .F. ) ;
#7859 = CONICAL_SURFACE ( 'NONE', #4606, 3.999999999999993339, 0.7853981633974500554 ) ;
#7860 = ORIENTED_EDGE ( 'NONE', *, *, #7810, .T. ) ;
#7861 = AXIS2_PLACEMENT_3D ( 'NONE', #7961, #2783, #5368 ) ;
#7862 = ORIENTED_EDGE ( 'NONE', *, *, #6845, .T. ) ;
#7863 = DIRECTION ( 'NONE',  ( -2.958228394578779381E-31, -3.830269434956791642E-15, -1.000000000000000000 ) ) ;
#7864 =( NAMED_UNIT ( * ) PLANE_ANGLE_UNIT ( ) SI_UNIT ( $, .RADIAN. ) );
#7865 = AXIS2_PLACEMENT_3D ( 'NONE', #1026, #420, #5509 ) ;
#7866 = CARTESIAN_POINT ( 'NONE',  ( 3.535533905932738197, 9.354143466934859319, 3.535533905932752852 ) ) ;
#7867 = EDGE_CURVE ( 'NONE', #3919, #5196, #658, .T. ) ;
#7868 = VERTEX_POINT ( 'NONE', #5408 ) ;
#7869 = AXIS2_PLACEMENT_3D ( 'NONE', #4836, #7467, #6698 ) ;
#7870 = DIRECTION ( 'NONE',  ( -1.000000000000000000, -2.536951011547150738E-31, -2.465190328815656637E-31 ) ) ;
#7871 = DIRECTION ( 'NONE',  ( 1.000000000000000000, -0.000000000000000000, -0.000000000000000000 ) ) ;
#7872 = ORIENTED_EDGE ( 'NONE', *, *, #5044, .T. ) ;
#7873 = CYLINDRICAL_SURFACE ( 'NONE', #384, 0.5000000000000000000 ) ;
#7874 = ORIENTED_EDGE ( 'NONE', *, *, #1843, .T. ) ;
#7875 = CARTESIAN_POINT ( 'NONE',  ( -1.500000000000000000, 1.836970198721029934E-16, -7.150000000000000355 ) ) ;
#7876 = EDGE_CURVE ( 'NONE', #1446, #5709, #4712, .T. ) ;
#7877 = PRODUCT_DEFINITION_CONTEXT ( 'detailed design', #3222, 'design' ) ;
#7878 = CARTESIAN_POINT ( 'NONE',  ( 28.99999999999999645, 6.500000000000324185, 4.060808974781399350 ) ) ;
#7879 = ORIENTED_EDGE ( 'NONE', *, *, #5200, .T. ) ;
#7880 = VECTOR ( 'NONE', #360, 1000.000000000000000 ) ;
#7881 = VECTOR ( 'NONE', #416, 1000.000000000000000 ) ;
#7882 = CARTESIAN_POINT ( 'NONE',  ( 2.049999999999998934, 9.000000000000001776, 2.049999999999999822 ) ) ;
#7883 = CARTESIAN_POINT ( 'NONE',  ( 6.614342876288906936, 7.500597748671951948, -35.30295073416456830 ) ) ;
#7884 = CARTESIAN_POINT ( 'NONE',  ( 9.039927285386958999, 4.280563563154847984, -5.855973182571918123 ) ) ;
#7885 = AXIS2_PLACEMENT_3D ( 'NONE', #6695, #858, #2110 ) ;
#7886 = CARTESIAN_POINT ( 'NONE',  ( 0.000000000000000000, 8.572527594031473190E-16, -7.000000000000000000 ) ) ;
#7887 = CARTESIAN_POINT ( 'NONE',  ( 6.750000000000006217, 0.08245454426564459427, -5.500000000000000888 ) ) ;
#7888 = CARTESIAN_POINT ( 'NONE',  ( -12.00000000000000000, 0.000000000000000000, 0.000000000000000000 ) ) ;
#7889 = EDGE_CURVE ( 'NONE', #2677, #1772, #1066, .T. ) ;
#7890 = DIRECTION ( 'NONE',  ( -0.000000000000000000, -0.000000000000000000, -1.000000000000000000 ) ) ;
#7891 = CARTESIAN_POINT ( 'NONE',  ( 0.5999999999999894307, 1.185163078787357131E-14, 4.000000000000005329 ) ) ;
#7892 = CARTESIAN_POINT ( 'NONE',  ( 0.000000000000000000, 0.000000000000000000, 0.000000000000000000 ) ) ;
#7893 = PRODUCT ( '000401.30 \X2\041a0430044204430448043a0430\X0\_0..20', '000401.30 \X2\041a0430044204430448043a0430\X0\_0..20', '', ( #8210 ) ) ;
#7894 = CARTESIAN_POINT ( 'NONE',  ( 30.41421356237311713, -6.500000000000408562, -5.080600358225510149 ) ) ;
#7895 = CARTESIAN_POINT ( 'NONE',  ( 7.675114865781853979, -1.209807224015908789, 8.918330981028498528 ) ) ;
#7896 = LINE ( 'NONE', #6571, #7978 ) ;
#7898 = CIRCLE ( 'NONE', #7489, 7.664213562373412891 ) ;
#7897 = PRODUCT_DEFINITION_FORMATION_WITH_SPECIFIED_SOURCE ( 'ANY', '', #4100, .NOT_KNOWN. ) ;
#7899 = ORIENTED_EDGE ( 'NONE', *, *, #4023, .T. ) ;
#7900 = DIRECTION ( 'NONE',  ( 1.000000000000000000, 2.536951011547150738E-31, 2.465190328815656637E-31 ) ) ;
#7901 = AXIS2_PLACEMENT_3D ( 'NONE', #5635, #904, #3696 ) ;
#7902 = CARTESIAN_POINT ( 'NONE',  ( 0.000000000000000000, 4.898587196589404940E-16, -3.999999999999993339 ) ) ;
#7903 = CARTESIAN_POINT ( 'NONE',  ( -2.050000000000000711, 2.000000000000000000, -2.049999999999999822 ) ) ;
#7904 = ORIENTED_EDGE ( 'NONE', *, *, #841, .F. ) ;
#7905 = EDGE_LOOP ( 'NONE', ( #5928, #4366, #2713, #5187 ) ) ;
#7906 = ORIENTED_EDGE ( 'NONE', *, *, #3024, .T. ) ;
#7907 = CARTESIAN_POINT ( 'NONE',  ( 6.749967506868443046, 5.500007384802080068, 0.08198588789459719528 ) ) ;
#7908 = EDGE_CURVE ( 'NONE', #8026, #7779, #6926, .T. ) ;
#7909 = ORIENTED_EDGE ( 'NONE', *, *, #1771, .F. ) ;
#7910 = DIRECTION ( 'NONE',  ( 0.000000000000000000, 1.000000000000000000, 0.000000000000000000 ) ) ;
#7911 = CARTESIAN_POINT ( 'NONE',  ( 8.769653408016571561, -5.409903412724413663, 0.9982405986669186104 ) ) ;
#7912 = ORIENTED_EDGE ( 'NONE', *, *, #2817, .F. ) ;
#7913 = DIRECTION ( 'NONE',  ( -0.000000000000000000, -0.000000000000000000, 1.000000000000000000 ) ) ;
#7914 = ORIENTED_EDGE ( 'NONE', *, *, #1595, .F. ) ;
#7915 = CARTESIAN_POINT ( 'NONE',  ( 8.165808746565788923, 1.249999999999980682, -5.356071321407140040 ) ) ;
#7916 = DIRECTION ( 'NONE',  ( 1.000000000000000000, -2.527244646315869742E-18, -2.304943161835241629E-30 ) ) ;
#7917 = ORIENTED_EDGE ( 'NONE', *, *, #1537, .F. ) ;
#7918 = CARTESIAN_POINT ( 'NONE',  ( -1.000000000000000444, -0.5773502691896253980, 0.000000000000000000 ) ) ;
#7919 = CARTESIAN_POINT ( 'NONE',  ( 4.663155653245514287, 8.853430568094136532, -38.23926819992708914 ) ) ;
#7920 = EDGE_CURVE ( 'NONE', #5828, #2551, #3811, .T. ) ;
#7921 = CARTESIAN_POINT ( 'NONE',  ( 2.990915020260967783, 8.491402913263627283, -26.66694521488429359 ) ) ;
#7922 = DIRECTION ( 'NONE',  ( 1.000000000000000000, 1.719470254348916462E-30, -2.290883888735602091E-30 ) ) ;
#7923 = EDGE_CURVE ( 'NONE', #1238, #4563, #8263, .T. ) ;
#7924 = EDGE_CURVE ( 'NONE', #267, #3045, #5586, .T. ) ;
#7925 = EDGE_CURVE ( 'NONE', #2443, #6204, #793, .T. ) ;
#7926 = CARTESIAN_POINT ( 'NONE',  ( 8.327913030529058958, -1.217242533121552839, -5.363992985526691903 ) ) ;
#7927 = EDGE_CURVE ( 'NONE', #7350, #6232, #2181, .T. ) ;
#7928 = CARTESIAN_POINT ( 'NONE',  ( 7.231088056924856566, -0.9989215713870158719, 5.409787473548873571 ) ) ;
#7929 = CLOSED_SHELL ( 'NONE', ( #1815, #4241, #4149, #5099, #6985, #5143, #7142, #8032, #6332, #1864, #849, #1804, #141, #8335, #954, #3975, #892, #2668 ) ) ;
#7930 = FACE_BOUND ( 'NONE', #645, .T. ) ;
#7931 = DIRECTION ( 'NONE',  ( 0.000000000000000000, 0.000000000000000000, -1.000000000000000000 ) ) ;
#7932 = DIRECTION ( 'NONE',  ( 0.000000000000000000, 1.000000000000000000, 0.000000000000000000 ) ) ;
#7933 = EDGE_CURVE ( 'NONE', #5385, #2631, #4075, .T. ) ;
#7934 = CARTESIAN_POINT ( 'NONE',  ( -6.805034215029753142, 5.890413381021309291, -31.34268361522095958 ) ) ;
#7935 = CARTESIAN_POINT ( 'NONE',  ( 9.000000000000000000, 1.102182119232617714E-15, -45.00000000000000000 ) ) ;
#7936 = ADVANCED_FACE ( 'NONE', ( #2268 ), #3683, .F. ) ;
#7937 = DIRECTION ( 'NONE',  ( -0.4999999999999998335, 0.8660254037844387076, 0.000000000000000000 ) ) ;
#7938 = EDGE_LOOP ( 'NONE', ( #3881, #8034, #6344, #2905 ) ) ;
#7939 = DIRECTION ( 'NONE',  ( -1.000000000000000000, -2.536951011547150738E-31, -2.465190328815656637E-31 ) ) ;
#7940 = FACE_OUTER_BOUND ( 'NONE', #4857, .T. ) ;
#7941 = CARTESIAN_POINT ( 'NONE',  ( 4.199999999999981526, -3.469446951953614189E-15, -1.733336949948512268E-30 ) ) ;
#7942 = PLANE ( 'NONE',  #3106 ) ;
#7943 = VERTEX_POINT ( 'NONE', #4277 ) ;
#7944 = ORIENTED_EDGE ( 'NONE', *, *, #7770, .F. ) ;
#7945 = ORIENTED_EDGE ( 'NONE', *, *, #2666, .T. ) ;
#7946 = CARTESIAN_POINT ( 'NONE',  ( 6.907989490034965208, 0.6298616334173124942, 5.465916235707222626 ) ) ;
#7947 = DIRECTION ( 'NONE',  ( -0.000000000000000000, -1.000000000000000000, -0.000000000000000000 ) ) ;
#7948 = LINE ( 'NONE', #4000, #230 ) ;
#7949 = ORIENTED_EDGE ( 'NONE', *, *, #5786, .F. ) ;
#7950 = LINE ( 'NONE', #8042, #1372 ) ;
#7951 = SHAPE_REPRESENTATION ( '000401.01 \X2\04140430044204470438043a\X0\ \X2\04410432043e0431043e0434043d044b0439\X0\ \X2\0441\X0\ \X2\044004300437044a0451043c043e043c\X0\ 0..20', ( #4384, #4638, #5312, #5594, #270, #5730, #3156, #2739, #5057, #8038 ), #5985 ) ;
#7952 = ORIENTED_EDGE ( 'NONE', *, *, #2943, .T. ) ;
#7953 = CARTESIAN_POINT ( 'NONE',  ( 0.000000000000000000, 11.00000000000000178, 0.000000000000000000 ) ) ;
#7954 = ORIENTED_EDGE ( 'NONE', *, *, #4129, .T. ) ;
#7955 = DIRECTION ( 'NONE',  ( 1.000000000000000000, 2.536951011547150738E-31, 2.465190328815656637E-31 ) ) ;
#7956 = ADVANCED_FACE ( 'NONE', ( #6307 ), #2954, .F. ) ;
#7957 = FACE_OUTER_BOUND ( 'NONE', #783, .T. ) ;
#7958 = CARTESIAN_POINT ( 'NONE',  ( 0.4871464281002218510, 9.000000000000000000, -26.00000000000002487 ) ) ;
#7959 = CARTESIAN_POINT ( 'NONE',  ( 6.877149773694919865, -8.983168698826892395, -0.5553592929392832112 ) ) ;
#7960 = CARTESIAN_POINT ( 'NONE',  ( 0.000000000000000000, 0.000000000000000000, 10.00000000000001421 ) ) ;
#7961 = CARTESIAN_POINT ( 'NONE',  ( 4.199999999999981526, -3.469446951953614189E-15, -1.733336949948512268E-30 ) ) ;
#7962 = AXIS2_PLACEMENT_3D ( 'NONE', #6391, #4445, #3083 ) ;
#7963 = CARTESIAN_POINT ( 'NONE',  ( 9.123115930561541020, -0.5548277113340699396, -8.983201993529810636 ) ) ;
#7964 = FACE_BOUND ( 'NONE', #3707, .T. ) ;
#7965 = CARTESIAN_POINT ( 'NONE',  ( 29.07159125842191827, -6.500000000000460076, 4.195927542817495137 ) ) ;
#7966 = EDGE_CURVE ( 'NONE', #4008, #1744, #4823, .T. ) ;
#7967 = CARTESIAN_POINT ( 'NONE',  ( 8.000000000000007105, 8.912771734987941841, -1.249999999999999334 ) ) ;
#7968 = EDGE_CURVE ( 'NONE', #1733, #6190, #5500, .T. ) ;
#7969 = VECTOR ( 'NONE', #8085, 1000.000000000000000 ) ;
#7970 = CIRCLE ( 'NONE', #6068, 9.000000000000000000 ) ;
#7971 = B_SPLINE_CURVE_WITH_KNOTS ( 'NONE', 3,
 ( #5597, #3770, #6354, #8193, #6280, #8231, #2406, #1123, #4998, #7591, #461, #4376, #5247, #5210, #2530, #1289, #3340, #5916, #6441, #7840, #1902, #59, #4495, #7157, #1425, #675, #3261, #7118, #712, #5842, #3974, #4652, #8393, #1983, #2691, #1384, #5129, #3889, #5878, #5287, #7884, #8357, #7802, #7079, #7765, #2570, #2647, #3857, #2024, #4613, #2070, #4573 ),
 .UNSPECIFIED., .F., .F.,
 ( 4, 2, 2, 2, 2, 2, 2, 2, 2, 2, 2, 2, 2, 2, 2, 2, 2, 2, 2, 2, 2, 2, 2, 2, 2, 4 ),
 ( 0.02365347632124616475, 0.02439127254255845853, 0.02512906876387075578, 0.02660466120649534333, 0.02734245742780764057, 0.02808025364911993782, 0.02955584609174452537, 0.03103143853436911639, 0.03176923475568141364, 0.03250703097699370048, 0.03324482719830600119, 0.03398262341961828803, 0.03545821586224287558, 0.03693380830486746313, 0.03767160452617976385, 0.03840940074749205069, 0.03914719696880435140, 0.03988499319011664518, 0.04136058563274123273, 0.04209838185405352651, 0.04283617807536581334, 0.04431177051799040090, 0.04504956673930269467, 0.04578736296061498845, 0.04652515918192728916, 0.04726295540323957600 ),
 .UNSPECIFIED. ) ;
#7972 = CARTESIAN_POINT ( 'NONE',  ( -6.746342176794352774, 5.957971676771543379, -31.11862081981381678 ) ) ;
#7973 = DIRECTION ( 'NONE',  ( -0.4999999999999995004, 0.000000000000000000, 0.8660254037844389297 ) ) ;
#7974 = DIRECTION ( 'NONE',  ( 2.469610187574633181E-30, 2.442490654175355433E-15, -1.000000000000000000 ) ) ;
#7975 = EDGE_CURVE ( 'NONE', #3622, #10, #8359, .T. ) ;
#7976 = ORIENTED_EDGE ( 'NONE', *, *, #4025, .T. ) ;
#7977 = CARTESIAN_POINT ( 'NONE',  ( 6.000000000000000000, 0.000000000000000000, 6.000000000000000000 ) ) ;
#7978 = VECTOR ( 'NONE', #8367, 1000.000000000000000 ) ;
#7979 =( LENGTH_UNIT ( ) NAMED_UNIT ( * ) SI_UNIT ( .MILLI., .METRE. ) );
#7980 = AXIS2_PLACEMENT_3D ( 'NONE', #7263, #5192, #5976 ) ;
#7981 = CARTESIAN_POINT ( 'NONE',  ( 2.330025857510384935, -9.725628242277634783, 1.621601573851971567 ) ) ;
#7982 = DIRECTION ( 'NONE',  ( 0.000000000000000000, -0.000000000000000000, 1.000000000000000000 ) ) ;
#7983 = ORIENTED_EDGE ( 'NONE', *, *, #8079, .T. ) ;
#7984 = EDGE_LOOP ( 'NONE', ( #7790, #1769, #1104, #6843, #5283, #4519 ) ) ;
#7985 = AXIS2_PLACEMENT_3D ( 'NONE', #5049, #1076, #3768 ) ;
#7986 = ORIENTED_EDGE ( 'NONE', *, *, #4745, .F. ) ;
#7987 = DIRECTION ( 'NONE',  ( 0.000000000000000000, 0.000000000000000000, 1.000000000000000000 ) ) ;
#7988 = AXIS2_PLACEMENT_3D ( 'NONE', #1672, #4624, #7218 ) ;
#7989 = EDGE_LOOP ( 'NONE', ( #1594, #5452, #4681, #7669 ) ) ;
#7990 = DIRECTION ( 'NONE',  ( 0.8660254037844387076, 0.4999999999999997780, 0.000000000000000000 ) ) ;
#7991 = CARTESIAN_POINT ( 'NONE',  ( 0.000000000000000000, 6.900000000000000355, 0.000000000000000000 ) ) ;
#7992 = EDGE_LOOP ( 'NONE', ( #6455, #4972 ) ) ;
#7993 = CARTESIAN_POINT ( 'NONE',  ( 0.000000000000000000, 0.000000000000000000, 0.000000000000000000 ) ) ;
#7994 = MECHANICAL_DESIGN_GEOMETRIC_PRESENTATION_REPRESENTATION (  '', ( #2429 ), #3661 ) ;
#7995 = ORIENTED_EDGE ( 'NONE', *, *, #4682, .T. ) ;
#7996 = CYLINDRICAL_SURFACE ( 'NONE', #2097, 8.250000000000344613 ) ;
#7997 = AXIS2_PLACEMENT_3D ( 'NONE', #8178, #3118, #2305 ) ;
#7998 = DIRECTION ( 'NONE',  ( -0.000000000000000000, 1.000000000000000000, -0.000000000000000000 ) ) ;
#7999 = B_SPLINE_CURVE_WITH_KNOTS ( 'NONE', 3,
 ( #6126, #6165, #2856, #6840, #967, #5488, #2940, #873, #5525, #3495, #3665, #6070 ),
 .UNSPECIFIED., .F., .F.,
 ( 4, 2, 2, 2, 2, 4 ),
 ( 2.458547074503807814E-07, 0.0004284018484749253764, 0.0008565578422424003670, 0.001070635839126137618, 0.001284713836009874870, 0.001712869829777352625 ),
 .UNSPECIFIED. ) ;
#8000 = DIRECTION ( 'NONE',  ( -0.000000000000000000, -0.000000000000000000, 1.000000000000000000 ) ) ;
#8001 = ORIENTED_EDGE ( 'NONE', *, *, #4651, .F. ) ;
#8002 = AXIS2_PLACEMENT_3D ( 'NONE', #4907, #6900, #1644 ) ;
#8003 = DIRECTION ( 'NONE',  ( -0.000000000000000000, -1.000000000000000000, -0.000000000000000000 ) ) ;
#8004 = AXIS2_PLACEMENT_3D ( 'NONE', #3476, #7501, #2922 ) ;
#8005 = ORIENTED_EDGE ( 'NONE', *, *, #1689, .F. ) ;
#8006 = CARTESIAN_POINT ( 'NONE',  ( 6.000000000000000000, 3.673940397442059868E-16, -3.000000000000000000 ) ) ;
#8007 = SHAPE_REPRESENTATION ( '\X2\042004300437044a0435043c\X0\ \X2\041c\X0\16\X2\0445\X0\1,5', ( #1795 ), #1525 ) ;
#8008 = CARTESIAN_POINT ( 'NONE',  ( 5.569130660983068637, 7.077168856406742314, -28.73674041514885857 ) ) ;
#8009 = CYLINDRICAL_SURFACE ( 'NONE', #1453, 6.000000000000000888 ) ;
#8010 = AXIS2_PLACEMENT_3D ( 'NONE', #4997, #1078, #1691 ) ;
#8011 = ORIENTED_EDGE ( 'NONE', *, *, #7123, .F. ) ;
#8012 = CONICAL_SURFACE ( 'NONE', #3397, 4.374999999999999112, 0.7853981633974466137 ) ;
#8013 = AXIS2_PLACEMENT_3D ( 'NONE', #455, #5589, #1022 ) ;
#8014 = CARTESIAN_POINT ( 'NONE',  ( 8.835786437626918399, -4.500000000000273559, 4.337337893224572305 ) ) ;
#8015 = DIRECTION ( 'NONE',  ( 0.000000000000000000, 0.000000000000000000, 1.000000000000000000 ) ) ;
#8016 = CARTESIAN_POINT ( 'NONE',  ( 9.250000000000003553, -0.1653048206656527741, -8.999999999999996447 ) ) ;
#8017 = CARTESIAN_POINT ( 'NONE',  ( -9.952474384447905109, -0.9849813563882920953, -41.72204180247172900 ) ) ;
#8018 = DIRECTION ( 'NONE',  ( 0.000000000000000000, 1.000000000000000000, 0.000000000000000000 ) ) ;
#8019 = AXIS2_PLACEMENT_3D ( 'NONE', #6134, #798, #1632 ) ;
#8020 = CARTESIAN_POINT ( 'NONE',  ( 8.328022377764852990, -1.217135789162795412, 8.917540625327649906 ) ) ;
#8021 = VECTOR ( 'NONE', #1299, 1000.000000000000000 ) ;
#8022 = AXIS2_PLACEMENT_3D ( 'NONE', #6047, #897, #8018 ) ;
#8023 = CARTESIAN_POINT ( 'NONE',  ( -2.988373400242470446, 8.492306210905988806, -26.66573398705493503 ) ) ;
#8024 = CARTESIAN_POINT ( 'NONE',  ( -0.5000000000000056621, 3.061616997868381169E-16, 2.499999999999998224 ) ) ;
#8025 = CARTESIAN_POINT ( 'NONE',  ( -2.159818032750559202E-16, -7.505553499465125178, 3.315247287287312439 ) ) ;
#8026 = VERTEX_POINT ( 'NONE', #1279 ) ;
#8027 = CARTESIAN_POINT ( 'NONE',  ( 4.500000000000000888, 0.000000000000000000, 0.000000000000000000 ) ) ;
#8028 = FACE_OUTER_BOUND ( 'NONE', #1802, .T. ) ;
#8029 = CARTESIAN_POINT ( 'NONE',  ( 3.103116281715261326, -9.508228704179273905, -3.059461473970316980 ) ) ;
#8030 = DIRECTION ( 'NONE',  ( 0.000000000000000000, 1.000000000000000000, 0.000000000000000000 ) ) ;
#8031 = VERTEX_POINT ( 'NONE', #3803 ) ;
#8032 = ADVANCED_FACE ( 'NONE', ( #5829 ), #2560, .F. ) ;
#8033 = ORIENTED_EDGE ( 'NONE', *, *, #3362, .T. ) ;
#8034 = ORIENTED_EDGE ( 'NONE', *, *, #1995, .F. ) ;
#8035 = PRODUCT_DEFINITION_SHAPE ( 'NONE', 'NONE',  #8448 ) ;
#8036 = CYLINDRICAL_SURFACE ( 'NONE', #3641, 8.000000000000000000 ) ;
#8037 = EDGE_LOOP ( 'NONE', ( #2869, #7188, #1301, #6703 ) ) ;
#8038 = AXIS2_PLACEMENT_3D ( 'NONE', #872, #6749, #3545 ) ;
#8039 = DIRECTION ( 'NONE',  ( 0.5000000000000003331, 0.8660254037844385966, -0.000000000000000000 ) ) ;
#8040 = CARTESIAN_POINT ( 'NONE',  ( 1.500000000000000000, 0.000000000000000000, -7.150000000000000355 ) ) ;
#8041 = ORIENTED_EDGE ( 'NONE', *, *, #1163, .F. ) ;
#8042 = CARTESIAN_POINT ( 'NONE',  ( -1.000000000000000444, -0.5773502691896253980, -1.040000000000000036 ) ) ;
#8043 = EDGE_LOOP ( 'NONE', ( #414, #1841 ) ) ;
#8044 = ADVANCED_FACE ( 'NONE', ( #3247 ), #3920, .F. ) ;
#8045 = DIRECTION ( 'NONE',  ( -1.000000000000000000, -2.536951011547150738E-31, -2.465190328815656637E-31 ) ) ;
#8046 = DIRECTION ( 'NONE',  ( 0.000000000000000000, 0.000000000000000000, 1.000000000000000000 ) ) ;
#8047 = DIRECTION ( 'NONE',  ( 1.000000000000000000, 0.000000000000000000, 0.000000000000000000 ) ) ;
#8048 = ORIENTED_EDGE ( 'NONE', *, *, #1654, .F. ) ;
#8049 = DIRECTION ( 'NONE',  ( -1.000000000000000000, -0.000000000000000000, -0.000000000000000000 ) ) ;
#8050 =( REPRESENTATION_RELATIONSHIP ('NONE','NONE', #7951, #143 ) REPRESENTATION_RELATIONSHIP_WITH_TRANSFORMATION ( #2542 )SHAPE_REPRESENTATION_RELATIONSHIP( ) );
#8051 = DIRECTION ( 'NONE',  ( -1.000000000000000000, 0.000000000000000000, -0.000000000000000000 ) ) ;
#8052 = ORIENTED_EDGE ( 'NONE', *, *, #5799, .T. ) ;
#8053 = DIRECTION ( 'NONE',  ( 0.000000000000000000, 0.000000000000000000, 1.000000000000000000 ) ) ;
#8054 = CARTESIAN_POINT ( 'NONE',  ( 8.165285180345678739, 1.249999999999968470, -8.912771734987947170 ) ) ;
#8055 = SPHERICAL_SURFACE ( 'NONE', #6113, 8.000000000000000000 ) ;
#8056 = EDGE_LOOP ( 'NONE', ( #6873, #2350, #5905, #5079 ) ) ;
#8057 = CARTESIAN_POINT ( 'NONE',  ( 0.000000000000000000, 4.500000000000124345, 4.337337893224516350 ) ) ;
#8058 = DIRECTION ( 'NONE',  ( -1.000000000000000000, -0.000000000000000000, -0.000000000000000000 ) ) ;
#8059 = CARTESIAN_POINT ( 'NONE',  ( 82.99999999999998579, 0.000000000000000000, 7.000000000000000000 ) ) ;
#8060 = CARTESIAN_POINT ( 'NONE',  ( -9.952667740852890077, -0.9830880839733159293, -44.27946604518491114 ) ) ;
#8061 = DIRECTION ( 'NONE',  ( 0.000000000000000000, 3.830269434956791642E-15, 1.000000000000000000 ) ) ;
#8062 = CARTESIAN_POINT ( 'NONE',  ( 5.417157287525398601, 0.000000000000000000, -5.473822126268816683E-45 ) ) ;
#8063 = DIRECTION ( 'NONE',  ( -1.898196553187937393E-30, -1.000000000000000000, 2.442490654175333739E-15 ) ) ;
#8064 = DIRECTION ( 'NONE',  ( 0.000000000000000000, 3.830269434956790853E-15, 1.000000000000000000 ) ) ;
#8065 = EDGE_CURVE ( 'NONE', #5519, #441, #1785, .T. ) ;
#8066 = DIRECTION ( 'NONE',  ( -1.000000000000000000, -2.536951011547150738E-31, -2.465190328815656637E-31 ) ) ;
#8067 = ORIENTED_EDGE ( 'NONE', *, *, #4363, .T. ) ;
#8068 = CARTESIAN_POINT ( 'NONE',  ( 10.10878330957787341, 4.500000000000125233, 4.337337893224498586 ) ) ;
#8069 = CIRCLE ( 'NONE', #707, 6.000000000000000000 ) ;
#8070 = DIRECTION ( 'NONE',  ( 0.000000000000000000, 0.000000000000000000, -1.000000000000000000 ) ) ;
#8071 = CARTESIAN_POINT ( 'NONE',  ( 10.00000000000002309, 0.000000000000000000, 10.00000000000001421 ) ) ;
#8072 = CARTESIAN_POINT ( 'NONE',  ( 2.700698378543284724E-17, -7.505553499465125178, 4.000000000000000000 ) ) ;
#8073 = ORIENTED_EDGE ( 'NONE', *, *, #8115, .T. ) ;
#8074 = ORIENTED_EDGE ( 'NONE', *, *, #2108, .F. ) ;
#8075 = ORIENTED_EDGE ( 'NONE', *, *, #3972, .T. ) ;
#8076 = DIRECTION ( 'NONE',  ( -0.7071067811865461294, 2.708409491229518073E-15, 0.7071067811865489050 ) ) ;
#8077 = EDGE_LOOP ( 'NONE', ( #1565, #2422 ) ) ;
#8078 = SHAPE_DEFINITION_REPRESENTATION ( #4433, #6582 ) ;
#8079 = EDGE_CURVE ( 'NONE', #6021, #3564, #8272, .T. ) ;
#8080 = CARTESIAN_POINT ( 'NONE',  ( -8.000000000000000000, 9.797174393178823685E-16, -45.00000000000000000 ) ) ;
#8081 = CARTESIAN_POINT ( 'NONE',  ( 10.00000000000000888, -3.469446951953614189E-15, -1.733336949948495802E-30 ) ) ;
#8082 = EDGE_LOOP ( 'NONE', ( #2515, #5491 ) ) ;
#8083 = ORIENTED_EDGE ( 'NONE', *, *, #2434, .T. ) ;
#8084 = PRODUCT ( '\X2\042804300440043d04380440043d0430044f\X0\ \X2\0433043e043b043e0432043a0430\X0\ GISW8', '\X2\042804300440043d04380440043d0430044f\X0\ \X2\0433043e043b043e0432043a0430\X0\ GISW8', '', ( #4344 ) ) ;
#8085 = DIRECTION ( 'NONE',  ( -0.000000000000000000, -0.000000000000000000, 1.000000000000000000 ) ) ;
#8086 =( NAMED_UNIT ( * ) PLANE_ANGLE_UNIT ( ) SI_UNIT ( $, .RADIAN. ) );
#8087 = CARTESIAN_POINT ( 'NONE',  ( -12.00099999999998346, 6.500000000000339284, -5.080600358225620283 ) ) ;
#8088 = VERTEX_POINT ( 'NONE', #3293 ) ;
#8089 = EDGE_CURVE ( 'NONE', #700, #6715, #541, .T. ) ;
#8090 = DIRECTION ( 'NONE',  ( 2.958228394578780257E-31, 3.830269434956792431E-15, 1.000000000000000000 ) ) ;
#8091 = B_SPLINE_CURVE_WITH_KNOTS ( 'NONE', 3,
 ( #5729, #7682, #7081, #556, #8327, #466 ),
 .UNSPECIFIED., .F., .F.,
 ( 4, 2, 4 ),
 ( 2.380773289367862461E-07, 0.0005833337382474887553, 0.001166429399166040576 ),
 .UNSPECIFIED. ) ;
#8092 = EDGE_CURVE ( 'NONE', #5610, #612, #5042, .T. ) ;
#8093 = CARTESIAN_POINT ( 'NONE',  ( -2.487145164873209191E-18, 1.154700538379252350, -1.040000000000000036 ) ) ;
#8094 = ORIENTED_EDGE ( 'NONE', *, *, #3158, .T. ) ;
#8095 = CARTESIAN_POINT ( 'NONE',  ( 6.256037095215752686, 7.802583678074495488, -29.85168557024189795 ) ) ;
#8096 = FACE_OUTER_BOUND ( 'NONE', #5063, .T. ) ;
#8097 = VERTEX_POINT ( 'NONE', #3761 ) ;
#8098 = FACE_OUTER_BOUND ( 'NONE', #5935, .T. ) ;
#8099 = CARTESIAN_POINT ( 'NONE',  ( -4.343186652999803776, 4.998013516214921736, 0.3073015595634578379 ) ) ;
#8100 = DIRECTION ( 'NONE',  ( -0.000000000000000000, -1.000000000000000000, -0.000000000000000000 ) ) ;
#8101 = CARTESIAN_POINT ( 'NONE',  ( -9.969417387201831460, -0.8049487033312431317, -44.39839489413511586 ) ) ;
#8102 = CARTESIAN_POINT ( 'NONE',  ( 8.000000000000007105, -5.356071321407137376, 1.249999999999999334 ) ) ;
#8103 = DIRECTION ( 'NONE',  ( 0.000000000000000000, 0.000000000000000000, 1.000000000000000000 ) ) ;
#8104 = CONICAL_SURFACE ( 'NONE', #1731, 1.155699999999999728, 1.047197551196600074 ) ;
#8105 =( LENGTH_UNIT ( ) NAMED_UNIT ( * ) SI_UNIT ( .MILLI., .METRE. ) );
#8106 = CARTESIAN_POINT ( 'NONE',  ( 7.230928066568443668, 0.9987842693929397386, -8.945157368727414848 ) ) ;
#8107 = CARTESIAN_POINT ( 'NONE',  ( 8.000000000000007105, -1.249999999999980682, 5.356071321407141816 ) ) ;
#8108 = ORIENTED_EDGE ( 'NONE', *, *, #5363, .T. ) ;
#8109 = CARTESIAN_POINT ( 'NONE',  ( 28.17157287525379061, 6.500000000000342837, -2.116122921960059244 ) ) ;
#8110 = CARTESIAN_POINT ( 'NONE',  ( 18.50000000000000000, 0.000000000000000000, -7.250000000000006217 ) ) ;
#8111 = EDGE_CURVE ( 'NONE', #3246, #6241, #3403, .T. ) ;
#8112 = CARTESIAN_POINT ( 'NONE',  ( 0.000000000000000000, 0.000000000000000000, 0.000000000000000000 ) ) ;
#8113 = CARTESIAN_POINT ( 'NONE',  ( -1.000000000000000444, -0.3897673341893484467, -1.094727568444684440 ) ) ;
#8114 = ORIENTED_EDGE ( 'NONE', *, *, #3171, .T. ) ;
#8115 = EDGE_CURVE ( 'NONE', #2245, #7493, #518, .T. ) ;
#8116 = ORIENTED_EDGE ( 'NONE', *, *, #6429, .T. ) ;
#8117 = CARTESIAN_POINT ( 'NONE',  ( -25.00000000000000000, 0.000000000000000000, 0.000000000000000000 ) ) ;
#8118 = VERTEX_POINT ( 'NONE', #5782 ) ;
#8119 = APPLICATION_PROTOCOL_DEFINITION ( 'draft international standard', 'automotive_design', 1998, #3976 ) ;
#8120 = FACE_OUTER_BOUND ( 'NONE', #4552, .T. ) ;
#8121 = CARTESIAN_POINT ( 'NONE',  ( 10.10878330957787341, -4.500000000000274447, 4.337337893224578522 ) ) ;
#8122 = ORIENTED_EDGE ( 'NONE', *, *, #7968, .T. ) ;
#8123 = ORIENTED_EDGE ( 'NONE', *, *, #906, .F. ) ;
#8124 = AXIS2_PLACEMENT_3D ( 'NONE', #7903, #3905, #3282 ) ;
#8125 = CARTESIAN_POINT ( 'NONE',  ( 102.0000000000000142, 0.000000000000000000, 0.000000000000000000 ) ) ;
#8126 = CIRCLE ( 'NONE', #7997, 10.00000000000001421 ) ;
#8127 = CARTESIAN_POINT ( 'NONE',  ( 7.556271208071575707, -7.834447611423407842, 7.556271208071581924 ) ) ;
#8128 = ORIENTED_EDGE ( 'NONE', *, *, #7738, .T. ) ;
#8129 = ADVANCED_FACE ( 'NONE', ( #3965 ), #2639, .F. ) ;
#8130 = FACE_OUTER_BOUND ( 'NONE', #1309, .T. ) ;
#8131 = VECTOR ( 'NONE', #7465, 1000.000000000000000 ) ;
#8132 = CARTESIAN_POINT ( 'NONE',  ( -4.000000000000003553, 8.499999999999930722, -16.99999999999999289 ) ) ;
#8133 = EDGE_LOOP ( 'NONE', ( #4527, #5466, #5502, #1278 ) ) ;
#8134 = CARTESIAN_POINT ( 'NONE',  ( 0.000000000000000000, 0.000000000000000000, 0.000000000000000000 ) ) ;
#8135 = CARTESIAN_POINT ( 'NONE',  ( 0.9999999999999995559, -0.5773502691896262862, -1.040577039435783613 ) ) ;
#8136 = ADVANCED_FACE ( 'NONE', ( #1541 ), #6780, .T. ) ;
#8137 = EDGE_CURVE ( 'NONE', #3406, #6232, #2809, .T. ) ;
#8138 = AXIS2_PLACEMENT_3D ( 'NONE', #7346, #4119, #2893 ) ;
#8139 = EDGE_LOOP ( 'NONE', ( #96, #7357, #5442, #6464, #8075, #2284, #3283, #6888, #38, #4555 ) ) ;
#8140 = CIRCLE ( 'NONE', #4478, 8.000000000000000000 ) ;
#8141 = PLANE ( 'NONE',  #7064 ) ;
#8142 = CARTESIAN_POINT ( 'NONE',  ( -24.50000000000000000, 0.000000000000000000, 0.000000000000000000 ) ) ;
#8143 = DIRECTION ( 'NONE',  ( -0.000000000000000000, -0.000000000000000000, 1.000000000000000000 ) ) ;
#8144 = CARTESIAN_POINT ( 'NONE',  ( 0.000000000000000000, 7.347880794884119736E-16, -6.000000000000000000 ) ) ;
#8145 = VECTOR ( 'NONE', #5877, 1000.000000000000000 ) ;
#8146 = DIRECTION ( 'NONE',  ( -1.000000000000000000, -1.719470254348916462E-30, 2.290883888735602091E-30 ) ) ;
#8147 = AXIS2_PLACEMENT_3D ( 'NONE', #3465, #974, #7403 ) ;
#8148 = FACE_OUTER_BOUND ( 'NONE', #3555, .T. ) ;
#8149 = FACE_OUTER_BOUND ( 'NONE', #4803, .T. ) ;
#8150 = DIRECTION ( 'NONE',  ( 1.000000000000000000, 0.000000000000000000, 0.000000000000000000 ) ) ;
#8151 = VECTOR ( 'NONE', #284, 1000.000000000000000 ) ;
#8152 = DIRECTION ( 'NONE',  ( -0.7071067811865463515, 0.000000000000000000, 0.7071067811865487940 ) ) ;
#8153 = EDGE_LOOP ( 'NONE', ( #3508, #2038 ) ) ;
#8154 = ADVANCED_FACE ( 'NONE', ( #5319 ), #6552, .T. ) ;
#8155 = DIRECTION ( 'NONE',  ( 1.000000000000000000, -0.000000000000000000, -0.000000000000000000 ) ) ;
#8156 = AXIS2_PLACEMENT_3D ( 'NONE', #5532, #2913, #6175 ) ;
#8157 = B_SPLINE_CURVE_WITH_KNOTS ( 'NONE', 3,
 ( #6112, #2207, #340, #260 ),
 .UNSPECIFIED., .F., .F.,
 ( 4, 4 ),
 ( 0.007707349139557992390, 0.008707672256410619802 ),
 .UNSPECIFIED. ) ;
#8158 = CARTESIAN_POINT ( 'NONE',  ( 0.000000000000000000, 0.000000000000000000, 0.000000000000000000 ) ) ;
#8159 = AXIS2_PLACEMENT_3D ( 'NONE', #5683, #3946, #8403 ) ;
#8160 = CARTESIAN_POINT ( 'NONE',  ( 0.000000000000000000, 0.000000000000000000, -1.949999999999999067 ) ) ;
#8161 = CARTESIAN_POINT ( 'NONE',  ( 6.987797211388248719, 5.672055611696317001, -32.52163632631597778 ) ) ;
#8162 = VERTEX_POINT ( 'NONE', #4002 ) ;
#8163 =( GEOMETRIC_REPRESENTATION_CONTEXT ( 3 ) GLOBAL_UNCERTAINTY_ASSIGNED_CONTEXT ( ( #3724 ) ) GLOBAL_UNIT_ASSIGNED_CONTEXT ( ( #7759, #1327, #2566 ) ) REPRESENTATION_CONTEXT ( 'NONE', 'WORKASPACE' ) );
#8165 = VECTOR ( 'NONE', #7419, 1000.000000000000000 ) ;
#8164 = B_SPLINE_CURVE_WITH_KNOTS ( 'NONE', 3,
 ( #3147, #2415, #1040, #1702 ),
 .UNSPECIFIED., .F., .F.,
 ( 4, 4 ),
 ( 0.0009903266731668010879, 0.001574028198292435092 ),
 .UNSPECIFIED. ) ;
#8166 = ORIENTED_EDGE ( 'NONE', *, *, #2656, .F. ) ;
#8167 = CARTESIAN_POINT ( 'NONE',  ( 7.347880794884120722E-16, 8.900000000000002132, 6.000000000000000888 ) ) ;
#8168 =( REPRESENTATION_RELATIONSHIP ('NONE','NONE', #7407, #8007 ) REPRESENTATION_RELATIONSHIP_WITH_TRANSFORMATION ( #3786 )SHAPE_REPRESENTATION_RELATIONSHIP( ) );
#8169 = VERTEX_POINT ( 'NONE', #5236 ) ;
#8170 = APPLICATION_PROTOCOL_DEFINITION ( 'draft international standard', 'automotive_design', 1998, #6966 ) ;
#8171 = EDGE_CURVE ( 'NONE', #3504, #264, #3368, .T. ) ;
#8172 = AXIS2_PLACEMENT_3D ( 'NONE', #4118, #5345, #864 ) ;
#8173 = DIRECTION ( 'NONE',  ( -1.000000000000000000, -1.719470254348916462E-30, 2.290883888735602091E-30 ) ) ;
#8174 = CARTESIAN_POINT ( 'NONE',  ( 6.000000000000005329, 0.000000000000000000, 1.642146637880645005E-44 ) ) ;
#8175 = ORIENTED_EDGE ( 'NONE', *, *, #2760, .F. ) ;
#8176 = VERTEX_POINT ( 'NONE', #7358 ) ;
#8177 = CARTESIAN_POINT ( 'NONE',  ( 8.000000000000007105, -5.356071321407137376, -1.249999999999999334 ) ) ;
#8178 = CARTESIAN_POINT ( 'NONE',  ( 0.5999999999999894307, -3.469446951953614189E-15, -4.814824860968089633E-30 ) ) ;
#8179 = ORIENTED_EDGE ( 'NONE', *, *, #4914, .F. ) ;
#8180 = AXIS2_PLACEMENT_3D ( 'NONE', #1791, #3893, #6444 ) ;
#8181 = AXIS2_PLACEMENT_3D ( 'NONE', #698, #7870, #4640 ) ;
#8182 = CARTESIAN_POINT ( 'NONE',  ( -12.00000000000000000, 0.000000000000000000, 0.000000000000000000 ) ) ;
#8183 = CARTESIAN_POINT ( 'NONE',  ( 0.000000000000000000, 0.000000000000000000, 0.000000000000000000 ) ) ;
#8184 = ORIENTED_EDGE ( 'NONE', *, *, #3167, .F. ) ;
#8185 = CARTESIAN_POINT ( 'NONE',  ( -10.00000000000000000, 1.224646799147353059E-15, -45.00000000000000000 ) ) ;
#8186 = ORIENTED_EDGE ( 'NONE', *, *, #7923, .T. ) ;
#8187 = CARTESIAN_POINT ( 'NONE',  ( -25.00000000000000000, 2.020667218593129797E-16, -1.649999999999997691 ) ) ;
#8188 = DIRECTION ( 'NONE',  ( 0.000000000000000000, 0.000000000000000000, -1.000000000000000000 ) ) ;
#8189 = EDGE_CURVE ( 'NONE', #3449, #264, #3134, .T. ) ;
#8190 = CARTESIAN_POINT ( 'NONE',  ( -9.896270002694681267, -1.437184413467760269, -43.71099780637625543 ) ) ;
#8191 = CARTESIAN_POINT ( 'NONE',  ( 3.102532553434620866, -9.524862235003816124, -3.058489443977442601 ) ) ;
#8192 = ADVANCED_FACE ( 'NONE', ( #3332 ), #7873, .T. ) ;
#8193 = CARTESIAN_POINT ( 'NONE',  ( 9.954609802836090537, 0.9829953824980011134, 7.187284375394593638 ) ) ;
#8194 = ADVANCED_FACE ( 'NONE', ( #7831 ), #7238, .T. ) ;
#8195 = EDGE_CURVE ( 'NONE', #4515, #8118, #1502, .T. ) ;
#8196 = CARTESIAN_POINT ( 'NONE',  ( 0.9999999999999995559, 6.487882012893264572E-13, -1.129893436919176652 ) ) ;
#8197 = DIRECTION ( 'NONE',  ( 0.000000000000000000, 3.830269434956791642E-15, 1.000000000000000000 ) ) ;
#8198 = AXIS2_PLACEMENT_3D ( 'NONE', #5572, #8039, #1006 ) ;
#8199 = DIRECTION ( 'NONE',  ( -2.469610187574633181E-30, -2.449021377849508624E-15, 1.000000000000000000 ) ) ;
#8200 = VERTEX_POINT ( 'NONE', #2726 ) ;
#8201 = CARTESIAN_POINT ( 'NONE',  ( 0.000000000000000000, 11.00000000000000178, -5.200000000000000178 ) ) ;
#8202 = DIRECTION ( 'NONE',  ( -1.000000000000000000, -2.536951011547150738E-31, -2.465190328815656637E-31 ) ) ;
#8203 = CARTESIAN_POINT ( 'NONE',  ( 10.86284407968648225, 3.616067608420934665, 5.099625637134846734 ) ) ;
#8204 = CARTESIAN_POINT ( 'NONE',  ( 2.990899567040591567, 8.491420940616487556, -39.33308008591744453 ) ) ;
#8205 = ORIENTED_EDGE ( 'NONE', *, *, #1429, .T. ) ;
#8206 = AXIS2_PLACEMENT_3D ( 'NONE', #3635, #8051, #4858 ) ;
#8207 = ORIENTED_EDGE ( 'NONE', *, *, #3203, .F. ) ;
#8208 = DIRECTION ( 'NONE',  ( -1.000000000000000000, -0.000000000000000000, -0.000000000000000000 ) ) ;
#8209 = VERTEX_POINT ( 'NONE', #4680 ) ;
#8210 = PRODUCT_CONTEXT ( 'NONE', #1766, 'mechanical' ) ;
#8211 = VECTOR ( 'NONE', #5607, 1000.000000000000000 ) ;
#8212 = DIRECTION ( 'NONE',  ( -1.000000000000000000, -2.536951011547150738E-31, -2.465190328815656637E-31 ) ) ;
#8213 = CARTESIAN_POINT ( 'NONE',  ( -6.266459839169568724, 7.796463043157196182, -29.84790100313817973 ) ) ;
#8214 = VERTEX_POINT ( 'NONE', #50 ) ;
#8215 = ORIENTED_EDGE ( 'NONE', *, *, #8395, .T. ) ;
#8216 = CARTESIAN_POINT ( 'NONE',  ( 7.794749899930195625, -6.272382977483287547, -3.664255349480500801 ) ) ;
#8217 = PRESENTATION_STYLE_ASSIGNMENT (( #2477 ) ) ;
#8218 = VERTEX_POINT ( 'NONE', #4602 ) ;
#8219 = VECTOR ( 'NONE', #3445, 1000.000000000000114 ) ;
#8220 = DIRECTION ( 'NONE',  ( 0.000000000000000000, 0.000000000000000000, 1.000000000000000000 ) ) ;
#8221 = CARTESIAN_POINT ( 'NONE',  ( 8.623859864943685290E-16, 10.00000000000000000, -40.00000000000003553 ) ) ;
#8222 = EDGE_LOOP ( 'NONE', ( #6893, #2132, #6832, #4432, #2994, #2152, #840, #796, #5204, #5535 ) ) ;
#8223 = DIRECTION ( 'NONE',  ( 1.000000000000000000, 0.000000000000000000, 0.000000000000000000 ) ) ;
#8224 = AXIS2_PLACEMENT_3D ( 'NONE', #4060, #6008, #2745 ) ;
#8225 = EDGE_LOOP ( 'NONE', ( #3155, #126 ) ) ;
#8226 = UNCERTAINTY_MEASURE_WITH_UNIT (LENGTH_MEASURE( 1.000000000000000082E-05 ), #8304, 'distance_accuracy_value', 'NONE');
#8227 = EDGE_CURVE ( 'NONE', #8162, #5193, #7273, .T. ) ;
#8228 = LINE ( 'NONE', #1159, #1495 ) ;
#8229 = CARTESIAN_POINT ( 'NONE',  ( -3.782467906281929082, -5.321744635572131621, 0.2677896601459450743 ) ) ;
#8230 = CARTESIAN_POINT ( 'NONE',  ( 2.103235982236920876, -9.983790377532423932, 0.6575033800165338560 ) ) ;
#8231 = CARTESIAN_POINT ( 'NONE',  ( 9.819580070998449983, 1.952815429602608788, 6.999392136918705987 ) ) ;
#8232 = EDGE_CURVE ( 'NONE', #158, #5382, #988, .T. ) ;
#8233 = LINE ( 'NONE', #2371, #6760 ) ;
#8234 = VERTEX_POINT ( 'NONE', #5992 ) ;
#8235 = ADVANCED_FACE ( 'NONE', ( #14 ), #876, .T. ) ;
#8236 = DIRECTION ( 'NONE',  ( 1.000000000000000000, 1.719470254348916462E-30, -2.290883888735602091E-30 ) ) ;
#8237 = CARTESIAN_POINT ( 'NONE',  ( -2.050000000000000711, 2.000000000000000000, -2.049999999999999822 ) ) ;
#8238 = ADVANCED_FACE ( 'NONE', ( #3498 ), #2126, .F. ) ;
#8239 = CARTESIAN_POINT ( 'NONE',  ( 0.000000000000000000, 0.000000000000000000, -1.649999999999998801 ) ) ;
#8240 = ORIENTED_EDGE ( 'NONE', *, *, #5200, .F. ) ;
#8241 = ORIENTED_EDGE ( 'NONE', *, *, #6833, .F. ) ;
#8242 = ORIENTED_EDGE ( 'NONE', *, *, #1102, .F. ) ;
#8243 = B_SPLINE_CURVE_WITH_KNOTS ( 'NONE', 3,
 ( #5470, #1559, #7502, #8101, #8060, #3008, #291, #1025, #8190, #6730, #7545, #1728, #896, #6046, #191, #2827, #5508, #3520, #5421, #8017, #3568, #6096, #248, #2882 ),
 .UNSPECIFIED., .F., .F.,
 ( 4, 2, 2, 2, 2, 2, 2, 2, 2, 2, 2, 4 ),
 ( 0.005010384296457735635, 0.005636527171741900766, 0.006262670047026065896, 0.006575741484668141089, 0.006888812922310216282, 0.007514955797594366667, 0.007828027235236453135, 0.008141098672878537001, 0.008454170110520622602, 0.008767241548162708203, 0.009393384423446863793, 0.01001952729873101938 ),
 .UNSPECIFIED. ) ;
#8244 = CARTESIAN_POINT ( 'NONE',  ( 10.82531754730547924, 3.500000000000201172, -5.178078794302128252 ) ) ;
#8245 = EDGE_LOOP ( 'NONE', ( #81, #2929, #2216, #338, #3414, #4959 ) ) ;
#8246 = EDGE_CURVE ( 'NONE', #578, #4296, #7950, .T. ) ;
#8247 = CARTESIAN_POINT ( 'NONE',  ( -0.5000000000000056621, 0.000000000000000000, -2.499999999999998224 ) ) ;
#8248 = FACE_OUTER_BOUND ( 'NONE', #4814, .T. ) ;
#8249 = EDGE_LOOP ( 'NONE', ( #6548, #1410 ) ) ;
#8250 = ORIENTED_EDGE ( 'NONE', *, *, #7920, .F. ) ;
#8251 = CIRCLE ( 'NONE', #1185, 6.250000000000259348 ) ;
#8252 = VECTOR ( 'NONE', #2248, 1000.000000000000000 ) ;
#8253 = EDGE_CURVE ( 'NONE', #1664, #1810, #4498, .T. ) ;
#8254 = ORIENTED_EDGE ( 'NONE', *, *, #2218, .T. ) ;
#8255 = CARTESIAN_POINT ( 'NONE',  ( 7.365291070214009750, -6.765171504406122693, -2.617186877851392701 ) ) ;
#8256 = DIRECTION ( 'NONE',  ( 0.000000000000000000, 0.000000000000000000, 1.000000000000000000 ) ) ;
#8257 = DIRECTION ( 'NONE',  ( -1.000000000000000000, -2.536951011547150738E-31, -2.465190328815656637E-31 ) ) ;
#8258 = ORIENTED_EDGE ( 'NONE', *, *, #2473, .T. ) ;
#8259 = LINE ( 'NONE', #2437, #5575 ) ;
#8260 = AXIS2_PLACEMENT_3D ( 'NONE', #7651, #3660, #1177 ) ;
#8261 = CARTESIAN_POINT ( 'NONE',  ( -9.000000000000000000, -1.026678802317990234E-22, -44.59999999999992326 ) ) ;
#8262 = ORIENTED_EDGE ( 'NONE', *, *, #5701, .F. ) ;
#8263 = LINE ( 'NONE', #2998, #7334 ) ;
#8264 = AXIS2_PLACEMENT_3D ( 'NONE', #516, #7555, #4336 ) ;
#8265 = ORIENTED_EDGE ( 'NONE', *, *, #3531, .T. ) ;
#8266 =( LENGTH_UNIT ( ) NAMED_UNIT ( * ) SI_UNIT ( .MILLI., .METRE. ) );
#8267 = FACE_OUTER_BOUND ( 'NONE', #6981, .T. ) ;
#8268 = AXIS2_PLACEMENT_3D ( 'NONE', #8404, #5255, #7850 ) ;
#8269 = DIRECTION ( 'NONE',  ( -0.7071067811865486830, -2.621813885605960338E-15, -0.7071067811865464625 ) ) ;
#8270 = CARTESIAN_POINT ( 'NONE',  ( -6.499999999999997335, -3.752776749732557704, 0.6847527127126922242 ) ) ;
#8271 = AXIS2_PLACEMENT_3D ( 'NONE', #3256, #744, #5874 ) ;
#8272 = B_SPLINE_CURVE_WITH_KNOTS ( 'NONE', 3,
 ( #7630, #1819, #7667, #6387, #4564, #7148, #8349, #1320, #6982, #8311, #5120, #8382, #7706, #3882, #665, #3850, #3170, #5163, #7755, #1938 ),
 .UNSPECIFIED., .F., .F.,
 ( 4, 2, 2, 2, 2, 2, 2, 2, 2, 4 ),
 ( 0.000000000000000000, 0.0004901114358968045428, 0.0009802228717936090855, 0.001470334307690413954, 0.001960445743587219038, 0.002205501461535621689, 0.002450557179484024340, 0.002940668615380829208, 0.003430780051277634510, 0.003920891487174439811 ),
 .UNSPECIFIED. ) ;
#8273 = CARTESIAN_POINT ( 'NONE',  ( 3.535533905932737309, -9.354143466934864648, -3.535533905932725318 ) ) ;
#8274 = AXIS2_PLACEMENT_3D ( 'NONE', #2160, #4755, #4164 ) ;
#8275 = CARTESIAN_POINT ( 'NONE',  ( 35.67374503802559360, -6.500000000000484057, -4.798469022822534846 ) ) ;
#8276 = AXIS2_PLACEMENT_3D ( 'NONE', #289, #4787, #1426 ) ;
#8277 = CYLINDRICAL_SURFACE ( 'NONE', #1147, 3.999999999999990674 ) ;
#8278 = CARTESIAN_POINT ( 'NONE',  ( 5.558578643762690064, 2.467237933847374476E-14, 6.441421356237325035 ) ) ;
#8279 = ORIENTED_EDGE ( 'NONE', *, *, #4784, .F. ) ;
#8280 = DIRECTION ( 'NONE',  ( -2.527244646315869357E-18, -1.000000000000000000, 2.442490654175333739E-15 ) ) ;
#8281 = AXIS2_PLACEMENT_3D ( 'NONE', #4781, #7369, #1551 ) ;
#8282 = CARTESIAN_POINT ( 'NONE',  ( 9.503560230914647633, -4.753560230914803064, -4.058315032975039038 ) ) ;
#8283 = CIRCLE ( 'NONE', #514, 2.499999999999998224 ) ;
#8284 = CYLINDRICAL_SURFACE ( 'NONE', #7732, 9.000000000000000000 ) ;
#8285 = CYLINDRICAL_SURFACE ( 'NONE', #8264, 2.250000000000000000 ) ;
#8286 = ADVANCED_FACE ( 'NONE', ( #6073 ), #5338, .T. ) ;
#8287 = AXIS2_PLACEMENT_3D ( 'NONE', #450, #3081, #5663 ) ;
#8288 = CARTESIAN_POINT ( 'NONE',  ( 0.000000000000000000, 0.000000000000000000, 6.000000000000000000 ) ) ;
#8289 = ORIENTED_EDGE ( 'NONE', *, *, #4698, .F. ) ;
#8290 = CARTESIAN_POINT ( 'NONE',  ( -13.50000000000000178, 0.000000000000000000, 0.000000000000000000 ) ) ;
#8291 = AXIS2_PLACEMENT_3D ( 'NONE', #6606, #6779, #5971 ) ;
#8292 = VERTEX_POINT ( 'NONE', #2746 ) ;
#8293 = CIRCLE ( 'NONE', #3268, 10.00000000000000000 ) ;
#8294 = DIRECTION ( 'NONE',  ( -0.000000000000000000, -1.000000000000000000, -0.000000000000000000 ) ) ;
#8295 = DIRECTION ( 'NONE',  ( 0.000000000000000000, 3.830269434956791642E-15, 1.000000000000000000 ) ) ;
#8296 = CARTESIAN_POINT ( 'NONE',  ( -6.356685689900118064, 7.720495804876729373, -35.94014428732201338 ) ) ;
#8297 = ORIENTED_EDGE ( 'NONE', *, *, #277, .F. ) ;
#8298 = VECTOR ( 'NONE', #5753, 1000.000000000000000 ) ;
#8299 = ADVANCED_FACE ( 'NONE', ( #4659, #2106 ), #947, .T. ) ;
#8300 = EDGE_LOOP ( 'NONE', ( #6994, #5862, #2095, #5994 ) ) ;
#8301 = ADVANCED_FACE ( 'NONE', ( #855 ), #5371, .F. ) ;
#8302 = ORIENTED_EDGE ( 'NONE', *, *, #3423, .F. ) ;
#8303 = CARTESIAN_POINT ( 'NONE',  ( 20.00000000000000000, 0.000000000000000000, 0.000000000000000000 ) ) ;
#8304 =( LENGTH_UNIT ( ) NAMED_UNIT ( * ) SI_UNIT ( .MILLI., .METRE. ) );
#8305 = SURFACE_SIDE_STYLE ('',( #1814 ) ) ;
#8306 = CARTESIAN_POINT ( 'NONE',  ( -6.500000000000001776, 1.252832812585146671, 3.693562738968744874 ) ) ;
#8307 = EDGE_CURVE ( 'NONE', #2559, #7582, #5617, .T. ) ;
#8308 = ORIENTED_EDGE ( 'NONE', *, *, #1900, .F. ) ;
#8309 = CARTESIAN_POINT ( 'NONE',  ( -8.856625035009791702, -1.600060309184155871, -42.89523320176891019 ) ) ;
#8310 = EDGE_LOOP ( 'NONE', ( #2957, #2223, #5307, #7579 ) ) ;
#8311 = CARTESIAN_POINT ( 'NONE',  ( 9.250032548772173513, 5.500007397447659763, -0.08133494840920103830 ) ) ;
#8312 = ADVANCED_FACE ( 'NONE', ( #1518 ), #3280, .T. ) ;
#8313 = ORIENTED_EDGE ( 'NONE', *, *, #3054, .T. ) ;
#8314 = B_SPLINE_CURVE_WITH_KNOTS ( 'NONE', 3,
 ( #7626, #1148, #5747, #2354 ),
 .UNSPECIFIED., .F., .F.,
 ( 4, 4 ),
 ( 0.007707349139558155454, 0.008707672256410779396 ),
 .UNSPECIFIED. ) ;
#8315 = PRODUCT_DEFINITION_CONTEXT ( 'detailed design', #3976, 'design' ) ;
#8316 = DIRECTION ( 'NONE',  ( 1.000000000000000000, -3.838060185729728046E-16, -1.177825756990507727E-30 ) ) ;
#8317 = CARTESIAN_POINT ( 'NONE',  ( -8.964609781550556988, 0.8021194036024051899, -41.61164635263031641 ) ) ;
#8318 = AXIS2_PLACEMENT_3D ( 'NONE', #7679, #5096, #7032 ) ;
#8319 = DIRECTION ( 'NONE',  ( 0.000000000000000000, 0.000000000000000000, 1.000000000000000000 ) ) ;
#8320 = CARTESIAN_POINT ( 'NONE',  ( -1.076926658619640431, -6.883789603213592123, 0.4512145814546179023 ) ) ;
#8321 = DIRECTION ( 'NONE',  ( -2.469610187574633181E-30, -2.442490654175355433E-15, 1.000000000000000000 ) ) ;
#8322 = EDGE_CURVE ( 'NONE', #5029, #7430, #4512, .T. ) ;
#8323 = CARTESIAN_POINT ( 'NONE',  ( 12.00000000000001066, 3.100297796265754688E-14, 9.000000000000010658 ) ) ;
#8324 = CARTESIAN_POINT ( 'NONE',  ( 28.99999999999999645, -6.500000000000391687, -4.060808974781328295 ) ) ;
#8325 =( LENGTH_UNIT ( ) NAMED_UNIT ( * ) SI_UNIT ( .MILLI., .METRE. ) );
#8326 = ORIENTED_EDGE ( 'NONE', *, *, #5850, .T. ) ;
#8327 = CARTESIAN_POINT ( 'NONE',  ( -0.8365167764234129333, 0.6717373523295573357, -1.095071447296522393 ) ) ;
#8328 = FACE_BOUND ( 'NONE', #7304, .T. ) ;
#8329 = CYLINDRICAL_SURFACE ( 'NONE', #2296, 10.00000000000000000 ) ;
#8330 = DIRECTION ( 'NONE',  ( -1.000000000000000000, -0.000000000000000000, -0.000000000000000000 ) ) ;
#8331 = DIRECTION ( 'NONE',  ( 1.898196553187925833E-30, 1.000000000000000000, 2.442490654175355433E-15 ) ) ;
#8332 = CARTESIAN_POINT ( 'NONE',  ( 0.000000000000000000, 19.90000000000000213, 0.000000000000000000 ) ) ;
#8333 = EDGE_LOOP ( 'NONE', ( #2355, #8418, #5482, #5870 ) ) ;
#8334 = DIRECTION ( 'NONE',  ( -1.000000000000000000, -1.719470254348916462E-30, 2.290883888735602091E-30 ) ) ;
#8335 = ADVANCED_FACE ( 'NONE', ( #4061 ), #6692, .F. ) ;
#8336 = CARTESIAN_POINT ( 'NONE',  ( 6.500000000000000888, -5.609171510446034691E-18, 0.2682388155425118326 ) ) ;
#8337 = CYLINDRICAL_SURFACE ( 'NONE', #8394, 3.400000000000136247 ) ;
#8338 = ORIENTED_EDGE ( 'NONE', *, *, #2073, .F. ) ;
#8339 = ORIENTED_EDGE ( 'NONE', *, *, #3879, .F. ) ;
#8340 = EDGE_LOOP ( 'NONE', ( #2717, #2316, #4226, #5278 ) ) ;
#8341 = CARTESIAN_POINT ( 'NONE',  ( 9.926313329650160000, -1.235767709883965670, 7.148104795150121760 ) ) ;
#8342 = SHAPE_REPRESENTATION_RELATIONSHIP ( 'NONE' , 'NONE' ,  #6218, #3306 ) ;
#8343 = CARTESIAN_POINT ( 'NONE',  ( 11.57508462988473141, 6.825084629884992538, 1.583169837708440442 ) ) ;
#8344 = ADVANCED_FACE ( 'NONE', ( #4156, #6775 ), #4741, .F. ) ;
#8345 = EDGE_LOOP ( 'NONE', ( #1584, #8179, #2985, #4932 ) ) ;
#8346 = EDGE_CURVE ( 'NONE', #6297, #8209, #2322, .T. ) ;
#8347 = CARTESIAN_POINT ( 'NONE',  ( 8.993717578531594370, 8.967884144208831287, -0.7626789329311407517 ) ) ;
#8348 = EDGE_LOOP ( 'NONE', ( #7009, #364, #2267, #6090, #56 ) ) ;
#8349 = CARTESIAN_POINT ( 'NONE',  ( 9.092000737648135100, 5.465916384030323094, 0.6297053860837530381 ) ) ;
#8350 = EDGE_LOOP ( 'NONE', ( #7143, #6964, #2715, #5527 ) ) ;
#8351 = PLANE ( 'NONE',  #3948 ) ;
#8352 = EDGE_CURVE ( 'NONE', #5112, #42, #4830, .T. ) ;
#8353 = DIRECTION ( 'NONE',  ( 0.000000000000000000, 0.000000000000000000, 1.000000000000000222 ) ) ;
#8354 = FILL_AREA_STYLE ('',( #5755 ) ) ;
#8355 = CARTESIAN_POINT ( 'NONE',  ( -9.918819803205447982, 1.280435229102554251, -43.98229980055101862 ) ) ;
#8356 = DIRECTION ( 'NONE',  ( 1.000000000000000000, 0.000000000000000000, 0.000000000000000000 ) ) ;
#8357 = CARTESIAN_POINT ( 'NONE',  ( 9.295880861340592105, 3.709533391807099179, -6.246154604867697024 ) ) ;
#8358 = FACE_OUTER_BOUND ( 'NONE', #4224, .T. ) ;
#8359 = B_SPLINE_CURVE_WITH_KNOTS ( 'NONE', 3,
 ( #2603, #6507, #8426, #3208, #2482, #5713, #7068, #4441, #2441, #5871, #5084, #7020, #5205, #7795 ),
 .UNSPECIFIED., .F., .F.,
 ( 4, 2, 2, 2, 2, 2, 4 ),
 ( 0.03368878690299974277, 0.03476164129605159581, 0.03529806849257751539, 0.03556628209084047865, 0.03583449568910344885, 0.03690735008215530188, 0.03798020447520715492 ),
 .UNSPECIFIED. ) ;
#8360 = CARTESIAN_POINT ( 'NONE',  ( -6.000000000000000000, 7.347880794884119736E-16, 0.000000000000000000 ) ) ;
#8361 = CARTESIAN_POINT ( 'NONE',  ( 0.6709923277838482081, 0.7673029373090743954, -1.129768394848849056 ) ) ;
#8362 = DIRECTION ( 'NONE',  ( -1.000000000000000000, 0.000000000000000000, -0.000000000000000000 ) ) ;
#8363 = DIRECTION ( 'NONE',  ( 0.000000000000000000, 0.000000000000000000, -1.000000000000000000 ) ) ;
#8364 = CARTESIAN_POINT ( 'NONE',  ( 2.700698378543284724E-17, -7.505553499465125178, 0.6847527127126739055 ) ) ;
#8365 = CARTESIAN_POINT ( 'NONE',  ( 4.342800054957086431, 7.893656836447984659, -27.49167110570374462 ) ) ;
#8366 = CARTESIAN_POINT ( 'NONE',  ( 29.07159125842179748, 6.500000000000333955, 4.195927542817500466 ) ) ;
#8367 = DIRECTION ( 'NONE',  ( -0.7071067811865464625, 0.000000000000000000, -0.7071067811865486830 ) ) ;
#8368 = EDGE_LOOP ( 'NONE', ( #4875, #8406, #7107 ) ) ;
#8369 = DIRECTION ( 'NONE',  ( 0.000000000000000000, -2.442490654175355433E-15, 1.000000000000000000 ) ) ;
#8370 = DIRECTION ( 'NONE',  ( 0.000000000000000000, -2.442490654175355827E-15, 1.000000000000000000 ) ) ;
#8371 = CARTESIAN_POINT ( 'NONE',  ( -6.749558967525731923, 7.379165411094848359, -31.12997222781882911 ) ) ;
#8372 = VERTEX_POINT ( 'NONE', #756 ) ;
#8373 = VERTEX_POINT ( 'NONE', #1600 ) ;
#8374 = PRODUCT_DEFINITION ( 'UNKNOWN', '', #681, #5087 ) ;
#8375 = VERTEX_POINT ( 'NONE', #4196 ) ;
#8376 = CARTESIAN_POINT ( 'NONE',  ( 7.610975518810047191, -6.491015620385256923, -3.263137564740294483 ) ) ;
#8377 = CONICAL_SURFACE ( 'NONE', #6058, 10.00000000000001421, 0.7853981633974482790 ) ;
#8378 = CARTESIAN_POINT ( 'NONE',  ( 6.500000000000000000, 3.752776749732579908, 4.000000000000000000 ) ) ;
#8379 = ORIENTED_EDGE ( 'NONE', *, *, #7092, .T. ) ;
#8380 = CARTESIAN_POINT ( 'NONE',  ( 8.163223486547815710, 8.912771734987945393, -1.249999999999999556 ) ) ;
#8381 = ORIENTED_EDGE ( 'NONE', *, *, #3594, .T. ) ;
#8382 = CARTESIAN_POINT ( 'NONE',  ( 9.209777275700227861, 5.490975958000086088, -0.3250216173996871016 ) ) ;
#8383 = CIRCLE ( 'NONE', #2543, 6.000000000000000000 ) ;
#8384 = AXIS2_PLACEMENT_3D ( 'NONE', #1712, #4304, #6877 ) ;
#8385 = ORIENTED_EDGE ( 'NONE', *, *, #8195, .F. ) ;
#8386 = CARTESIAN_POINT ( 'NONE',  ( -4.375000000000000000, 5.357829746269670620E-16, 4.000000000000000000 ) ) ;
#8387 = UNCERTAINTY_MEASURE_WITH_UNIT (LENGTH_MEASURE( 1.000000000000000082E-05 ), #8325, 'distance_accuracy_value', 'NONE');
#8388 = EDGE_CURVE ( 'NONE', #6419, #6243, #2719, .T. ) ;
#8389 = AXIS2_PLACEMENT_3D ( 'NONE', #4081, #2253, #6664 ) ;
#8390 = DIRECTION ( 'NONE',  ( 0.000000000000000000, 1.000000000000000000, 0.000000000000000000 ) ) ;
#8391 = CARTESIAN_POINT ( 'NONE',  ( 36.00000000000000711, 9.860761315262661020E-29, -6.894829200906304354E-29 ) ) ;
#8392 = EDGE_CURVE ( 'NONE', #1767, #7609, #6124, .T. ) ;
#8393 = CARTESIAN_POINT ( 'NONE',  ( 7.616196650679354363, 6.481815995815564335, -3.256037019534230748 ) ) ;
#8394 = AXIS2_PLACEMENT_3D ( 'NONE', #4429, #5022, #1840 ) ;
#8395 = EDGE_CURVE ( 'NONE', #8200, #5615, #2608, .T. ) ;
#8396 = DIRECTION ( 'NONE',  ( -0.9238795325112880708, 0.000000000000000000, -0.3826834323650867287 ) ) ;
#8397 = CARTESIAN_POINT ( 'NONE',  ( 82.99999999999998579, 7.347880794884119736E-16, -6.000000000000000000 ) ) ;
#8398 = CARTESIAN_POINT ( 'NONE',  ( 8.835786437626918399, -4.500000000000209610, -4.337337893224481711 ) ) ;
#8399 = DIRECTION ( 'NONE',  ( 1.000000000000000000, 1.719470254348916462E-30, -2.290883888735602091E-30 ) ) ;
#8400 = DIRECTION ( 'NONE',  ( -0.000000000000000000, -1.000000000000000000, -0.000000000000000000 ) ) ;
#8401 = CARTESIAN_POINT ( 'NONE',  ( 9.092030571239329007, 0.6298844797473918122, -8.979207501201535990 ) ) ;
#8402 = CIRCLE ( 'NONE', #2159, 7.664213562373412891 ) ;
#8403 = DIRECTION ( 'NONE',  ( 0.000000000000000000, 0.000000000000000000, 1.000000000000000000 ) ) ;
#8404 = CARTESIAN_POINT ( 'NONE',  ( 0.000000000000000000, -6.000000000000408562, 1.465494392505299088E-14 ) ) ;
#8405 = VECTOR ( 'NONE', #8058, 1000.000000000000000 ) ;
#8406 = ORIENTED_EDGE ( 'NONE', *, *, #5742, .T. ) ;
#8407 = CONTEXT_DEPENDENT_SHAPE_REPRESENTATION ( #1930, #5245 ) ;
#8408 = AXIS2_PLACEMENT_3D ( 'NONE', #4575, #7160, #1338 ) ;
#8409 = DIRECTION ( 'NONE',  ( 0.000000000000000000, 0.000000000000000000, -1.000000000000000000 ) ) ;
#8410 = PLANE ( 'NONE',  #4994 ) ;
#8411 = CARTESIAN_POINT ( 'NONE',  ( -0.9487746701410831873, 9.957729828106907988, -39.93950174629489425 ) ) ;
#8412 = ORIENTED_EDGE ( 'NONE', *, *, #1995, .T. ) ;
#8413 = CIRCLE ( 'NONE', #2172, 4.374999999999999112 ) ;
#8414 = ADVANCED_FACE ( 'NONE', ( #7151 ), #4227, .F. ) ;
#8415 = AXIS2_PLACEMENT_3D ( 'NONE', #2610, #6517, #3886 ) ;
#8416 = ORIENTED_EDGE ( 'NONE', *, *, #4044, .F. ) ;
#8417 = AXIS2_PLACEMENT_3D ( 'NONE', #5886, #6445, #1392 ) ;
#8418 = ORIENTED_EDGE ( 'NONE', *, *, #1387, .T. ) ;
#8419 = CARTESIAN_POINT ( 'NONE',  ( 2.049999999999998934, 2.000000000000000000, 1.549999999999999822 ) ) ;
#8420 = AXIS2_PLACEMENT_3D ( 'NONE', #3467, #1550, #6560 ) ;
#8421 = AXIS2_PLACEMENT_3D ( 'NONE', #3757, #7015, #3718 ) ;
#8422 = ORIENTED_EDGE ( 'NONE', *, *, #8171, .T. ) ;
#8423 = DIRECTION ( 'NONE',  ( 0.4999999999999998890, 0.000000000000000000, 0.8660254037844387076 ) ) ;
#8424 = LINE ( 'NONE', #2766, #4749 ) ;
#8425 = ORIENTED_EDGE ( 'NONE', *, *, #1558, .F. ) ;
#8426 = CARTESIAN_POINT ( 'NONE',  ( 27.95437040110912719, 6.500000000000319744, -1.421270574213149951 ) ) ;
#8427 = CONICAL_SURFACE ( 'NONE', #1284, 2.499999999999998224, 0.7853981633974500554 ) ;
#8428 = AXIS2_PLACEMENT_3D ( 'NONE', #110, #7890, #1560 ) ;
#8429 = ORIENTED_EDGE ( 'NONE', *, *, #1319, .T. ) ;
#8430 = FACE_OUTER_BOUND ( 'NONE', #6030, .T. ) ;
#8431 = DIRECTION ( 'NONE',  ( -2.469610187574633181E-30, -2.503857664561830021E-15, 1.000000000000000000 ) ) ;
#8432 = CARTESIAN_POINT ( 'NONE',  ( 28.27555768696455374, 6.500000000000329514, 2.452028723193325099 ) ) ;
#8433 = APPLICATION_CONTEXT ( 'automotive_design' ) ;
#8434 = FACE_OUTER_BOUND ( 'NONE', #1935, .T. ) ;
#8435 = CARTESIAN_POINT ( 'NONE',  ( 10.25875327144666116, 0.6312720235109671174, -6.225830107542049241 ) ) ;
#8436 = NEXT_ASSEMBLY_USAGE_OCCURRENCE ( 'NAUO1', ' ', ' ', #5984, #5249, $ ) ;
#8437 = NEXT_ASSEMBLY_USAGE_OCCURRENCE ( 'NAUO2', ' ', ' ', #5984, #2139, $ ) ;
#8438 = NEXT_ASSEMBLY_USAGE_OCCURRENCE ( 'NAUO3', ' ', ' ', #5984, #3234, $ ) ;
#8439 = NEXT_ASSEMBLY_USAGE_OCCURRENCE ( 'NAUO4', ' ', ' ', #5984, #3234, $ ) ;
#8440 = NEXT_ASSEMBLY_USAGE_OCCURRENCE ( 'NAUO5', ' ', ' ', #5984, #5920, $ ) ;
#8441 = NEXT_ASSEMBLY_USAGE_OCCURRENCE ( 'NAUO6', ' ', ' ', #5984, #7432, $ ) ;
#8442 = NEXT_ASSEMBLY_USAGE_OCCURRENCE ( 'NAUO7', ' ', ' ', #5984, #8374, $ ) ;
#8443 = NEXT_ASSEMBLY_USAGE_OCCURRENCE ( 'NAUO8', ' ', ' ', #5984, #4492, $ ) ;
#8444 = NEXT_ASSEMBLY_USAGE_OCCURRENCE ( 'NAUO9', ' ', ' ', #5984, #7239, $ ) ;
#8445 = NEXT_ASSEMBLY_USAGE_OCCURRENCE ( 'NAUO10', ' ', ' ', #4492, #2981, $ ) ;
#8446 = NEXT_ASSEMBLY_USAGE_OCCURRENCE ( 'NAUO11', ' ', ' ', #4492, #3086, $ ) ;
#8447 = NEXT_ASSEMBLY_USAGE_OCCURRENCE ( 'NAUO12', ' ', ' ', #5920, #3606, $ ) ;
#8448 = NEXT_ASSEMBLY_USAGE_OCCURRENCE ( 'NAUO13', ' ', ' ', #5920, #7699, $ ) ;
#8449 = NEXT_ASSEMBLY_USAGE_OCCURRENCE ( 'NAUO14', ' ', ' ', #2139, #1355, $ ) ;
#8450 = NEXT_ASSEMBLY_USAGE_OCCURRENCE ( 'NAUO15', ' ', ' ', #2139, #226, $ ) ;
#8451 = NEXT_ASSEMBLY_USAGE_OCCURRENCE ( 'NAUO16', ' ', ' ', #5249, #2499, $ ) ;
#8452 = NEXT_ASSEMBLY_USAGE_OCCURRENCE ( 'NAUO17', ' ', ' ', #5249, #2127, $ ) ;
ENDSEC;
END-ISO-10303-21;
